text,category,priority,source
الطلب جا ناقص كم مره ما يتعلمون,دقة الطلب,متوسطة,synthetic
وجبه كولا وصلت ناقصه المكونات الاضافات غير صحيحه ابدا,دقة الطلب,متوسطة,synthetic
اضافات غير صحيحه ولا تشبه طلبي,دقة الطلب,متوسطة,synthetic
كل order يجي ناقص نفس الشي,دقة الطلب,متوسطة,synthetic
حذفوا اضافات وما خصموا قيمتها من الفاتوره,دقة الطلب,متوسطة,synthetic
كل مره اطلب كل مره ينقص شي دايم نفس القصه ما يتعلمون من الاخطاء,دقة الطلب,متوسطة,synthetic
الطلب ناقص وما تم تعويضي عنه,دقة الطلب,متوسطة,synthetic
تخيل الطلب ناقص وما تم تعويضي عنه,دقة الطلب,متوسطة,synthetic
اقسم بالله دفعت ولم اتلق الطلب كامل تواصلت مع الدعم بدون فايده,دقة الطلب,متوسطة,synthetic
طلبت زبدية حمص وجاني وجبة بارده وش هذا,دقة الطلب,متوسطة,synthetic
كتبت ملاحظه واضحه بدون صلصة طماطم لكن ما قروها,دقة الطلب,متوسطة,synthetic
يخلطون الطلبات دايما!!!,دقة الطلب,متوسطة,synthetic
وجبه سلطة فتوش وصلت ناقصه المكونات الاضافات غير صحيحه ابدا.,دقة الطلب,متوسطة,synthetic
يا اخي الطلب ناقص من زمان نفس المشكله ما تنحل,دقة الطلب,متوسطة,synthetic
احيانا كثير تحصل غلطات احنا اللي ندفع ثمنها,دقة الطلب,متوسطة,synthetic
اخطاء كثيره في كل طلب,دقة الطلب,متوسطة,synthetic
صراحه الكاشير او المطبخ كلهم غلط...,دقة الطلب,متوسطة,synthetic
غلط في غلط,دقة الطلب,متوسطة,synthetic
طلبت بدون مشروم لكن وضعوه مره مره,دقة الطلب,متوسطة,synthetic
يخلطون الطلبات دايما,دقة الطلب,متوسطة,synthetic
الفاتوره فيها فلافل لكن وصلني سندوتش فقط,دقة الطلب,متوسطة,synthetic
اقسم بالله كل طلباتهم غلط في غلط ما اطلب منهم تاني,دقة الطلب,متوسطة,synthetic
طلب فاشل ناقص في كل مره.,دقة الطلب,متوسطة,synthetic
احيانا كثير تحصل غلطات احنا اللي ندفع ثمنها.,دقة الطلب,متوسطة,synthetic
وجبه حمص وصلت ناقصه المكونات الاضافات غير صحيحه ابدا,دقة الطلب,متوسطة,synthetic
طلبت حمص مع تعديلات معينه يا ليتهم قروها كلها وصلت غلط بدون جبنة,دقة الطلب,متوسطة,synthetic
الكمبو فيه اربع قطع اشياء وصلني فقط واحد.,دقة الطلب,متوسطة,synthetic
الكمبو فيه وحده اشياء وصلني فقط واحد,دقة الطلب,متوسطة,synthetic
المطعم نسي شاورما من الطلب وارسل جريش بدلا منه ما اعرف وش يصير في المطبخ ،,دقة الطلب,متوسطة,synthetic
نقص الطلب صار عاده دائمه عندهم وفي كل مره يعتذرون فقط,دقة الطلب,متوسطة,synthetic
الطلب جا ناقص كم مره ما يتعلمون.,دقة الطلب,متوسطة,synthetic
الطلب جاني ودفعت كامل المبلغ لقيت ان الكميه ناقصه واضافات غير صحيحه,دقة الطلب,متوسطة,synthetic
طلبت بدون طحينه لكن وضعوه يا اخي.,دقة الطلب,متوسطة,synthetic
الطلب فيه ثلاث هريسه ناقصه,دقة الطلب,متوسطة,synthetic
الطلب مو طلبي.,دقة الطلب,متوسطة,synthetic
الطلب فيه اربع قطع تشيكن رول ناقصه.,دقة الطلب,متوسطة,synthetic
دقه الطلب صفر,دقة الطلب,متوسطة,synthetic
للاسف اصبح تطبيق فاشل لا يوضح طلبات العميل اما يوصل ناقص او غير المطلوب,دقة الطلب,متوسطة,synthetic
طلبي يحتوي على ثلاث وجبات وصلني وجبتين...,دقة الطلب,متوسطة,synthetic
بصراحه دايم ناقص.,دقة الطلب,متوسطة,synthetic
الكمبو فيه نصف الكميه اشياء وصلني فقط واحد,دقة الطلب,متوسطة,synthetic
اقسم بالله يخلطون الطلبات دايما,دقة الطلب,متوسطة,synthetic
دايم الطلبات تجي ناقصه ودايم نفس المشكله,دقة الطلب,متوسطة,synthetic
الفاتوره فيها ميلك شيك لكن وصلني فطيره فقط,دقة الطلب,متوسطة,synthetic
تجربه سيئه جدا الطلب جاني ناقص كلمت خدمه العملاء يقولون ارسل ايميل ارسل ايميل بس ما يردون,دقة الطلب,متوسطة,synthetic
خلطوا الطلبات استلمت طلب جاري ما طلبي.,دقة الطلب,متوسطة,synthetic
قسما دايم ناقص,دقة الطلب,متوسطة,synthetic
شوفوا يا جماعه الطلب فيه نقص واضح.,دقة الطلب,متوسطة,synthetic
وجبه ناقصه,دقة الطلب,متوسطة,synthetic
الكمبو فيه ست قطع اشياء وصلني فقط واحد,دقة الطلب,متوسطة,synthetic
دفعت ولم اتلق الطلب كامل تواصلت مع الدعم بدون فايده,دقة الطلب,متوسطة,synthetic
يجيب طلب ثاني مو طلبي.,دقة الطلب,متوسطة,synthetic
شوفوا يا جماعه الطلب فيه نقص واضح,دقة الطلب,متوسطة,synthetic
دايم ناقص,دقة الطلب,متوسطة,synthetic
للاسف اخطاء كل طلب نسوا صلصة باربكيو ضافوا ثوم,دقة الطلب,متوسطة,synthetic
بصراحه الطلب جاني غلط تماما لا انصح ابدا,دقة الطلب,متوسطة,synthetic
الطلب غلط دائما...,دقة الطلب,متوسطة,synthetic
طلب الكمبو ناقص الشراب ولا البطاطس,دقة الطلب,متوسطة,synthetic
كتبت ملاحظه واضحه بدون حلاوه لكن ما قروها,دقة الطلب,متوسطة,synthetic
طلبت اربع قطع وجبة الاطفال استلمت اقل بكثير,دقة الطلب,متوسطة,synthetic
وجبه نقانق وصلت ناقصه المكونات الاضافات غير صحيحه ابدا!!!,دقة الطلب,متوسطة,synthetic
الطلب فيه اكثر من ثلاث معجنات ناقصه,دقة الطلب,متوسطة,synthetic
وصلني الطلب وفتحته القيت ان فيه سليق مو متبل اللي طلبته كلمت الدعم بدون فايده...,دقة الطلب,متوسطة,synthetic
رفعت تذكره دعم بسبب نقص الطلب ما رد علي احد,دقة الطلب,متوسطة,synthetic
طلبت سمك مشوي مع تعديلات معينه يا ليتهم قروها كلها وصلت غلط بدون فلفل,دقة الطلب,متوسطة,synthetic
وصلني الطلب وفتحته القيت ان فيه مفطح مو سمبوسك اللي طلبته كلمت الدعم بدون فايده,دقة الطلب,متوسطة,synthetic
اول الطلب مكتوب عليه بدون صلصة طماطم لكن وصل مع صلصة طماطم.,دقة الطلب,متوسطة,synthetic
المطعم نسي نقانق من الطلب وارسل سمك مشوي بدلا منه ما اعرف وش يصير في المطبخ.,دقة الطلب,متوسطة,synthetic
اقسم بالله نقص الطلب صار عاده دائمه عندهم وفي كل مره يعتذرون فقط ،,دقة الطلب,متوسطة,synthetic
كل طلباتهم غلط,دقة الطلب,متوسطة,synthetic
دايما ناقص دايما غلط...,دقة الطلب,متوسطة,synthetic
طلبت سندوتش مع تعديلات معينه يا ليتهم قروها كلها وصلت غلط بدون عسل...,دقة الطلب,متوسطة,synthetic
كل مره اطلب كل مره ينقص شي دايم نفس القصه ما يتعلمون من الاخطاء.,دقة الطلب,متوسطة,synthetic
يا اخي طلبت جريش ووصلني وجبة دجاج مو معقول,دقة الطلب,متوسطة,synthetic
المبلغ خصم كامل لكن الطلب فيه نقص واضح,دقة الطلب,متوسطة,synthetic
اخطاء في كل طلب,دقة الطلب,متوسطة,synthetic
الطلب غلط دائما,دقة الطلب,متوسطة,synthetic
بدلوا متبل بطلب نص مفقود بدون ما يخبروني,دقة الطلب,متوسطة,synthetic
طلبت ميني برجر وجاني وجبه ناقصه نصها وش هذا,دقة الطلب,متوسطة,synthetic
كل طلباتهم غلط...,دقة الطلب,متوسطة,synthetic
حذفوا اضافات وما خصموا قيمتها من الفاتوره.,دقة الطلب,متوسطة,synthetic
الفاتوره فيها سليق لكن وصلني مطبق فقط,دقة الطلب,متوسطة,synthetic
الطلب جا ناقص.,دقة الطلب,متوسطة,synthetic
الكمبو فيه ربع الكميه اشياء وصلني فقط واحد,دقة الطلب,متوسطة,synthetic
طلبت بدون رمان لكن وضعوه جدا,دقة الطلب,متوسطة,synthetic
للاسف اخطاء كل طلب نسوا حلاوه ضافوا ليمون,دقة الطلب,متوسطة,synthetic
دايما ناقص دايما غلط,دقة الطلب,متوسطة,synthetic
خلطوا الطلبات استلمت طلب جاري ما طلبي,دقة الطلب,متوسطة,synthetic
طلبت وجبة العشاء مع تعديلات معينه يا ليتهم قروها كلها وصلت غلط بدون كاتشب,دقة الطلب,متوسطة,synthetic
الصراحه المطعم ما يعرف يحضر الطلب صح,دقة الطلب,متوسطة,synthetic
صراحه يجيب طلب ثاني مو طلبي,دقة الطلب,متوسطة,synthetic
والله دقه الطلب صفر,دقة الطلب,متوسطة,synthetic
دقه الطلب صفر.,دقة الطلب,متوسطة,synthetic
والله ما اطلب منهم بعد طلبي يجي غلط دايما,دقة الطلب,متوسطة,synthetic
طلبت كروسان وجاني وجبة منتهية الصلاحيه وش هذا,دقة الطلب,متوسطة,synthetic
طلبت طلب الفطور مع تعديلات معينه يا ليتهم قروها كلها وصلت غلط بدون رمان!!!,دقة الطلب,متوسطة,synthetic
يا اخي المطعم ما يعرف يحضر الطلب صح,دقة الطلب,متوسطة,synthetic
ينقص دائما سوشي او ثوم او كلاهما,دقة الطلب,متوسطة,synthetic
يا اخي طلبت بقلاوه ووصلني جريش مو معقول,دقة الطلب,متوسطة,synthetic
طلب فاشل ناقص في كل مره...,دقة الطلب,متوسطة,synthetic
يا اخي بدون رمان مكتوبه بالعربي وبالانجليزي وما اعتمدوها...,دقة الطلب,متوسطة,synthetic
طلبي يحتوي على ثلاث وجبات وصلني وجبتين,دقة الطلب,متوسطة,synthetic
وجبه زبدية حمص وصلت ناقصه المكونات الاضافات غير صحيحه ابدا,دقة الطلب,متوسطة,synthetic
يا جماعه order كله غلط وما فيه refund,دقة الطلب,متوسطة,synthetic
المطعم نسي نودلز من الطلب وارسل سلطة سيزر بدلا منه ما اعرف وش يصير في المطبخ,دقة الطلب,متوسطة,synthetic
المطعم ما يعرف يحضر الطلب صح.,دقة الطلب,متوسطة,synthetic
المطعم نسي كرسبي من الطلب وارسل مكرونه بدلا منه ما اعرف وش يصير في المطبخ,دقة الطلب,متوسطة,synthetic
طلبت بدون خبز لكن وضعوه مره,دقة الطلب,متوسطة,synthetic
اول الطلب مكتوب عليه بدون مايونيز لكن وصل مع مايونيز,دقة الطلب,متوسطة,synthetic
الطلب غلط دائما.,دقة الطلب,متوسطة,synthetic
طلب فاشل ناقص في كل مره,دقة الطلب,متوسطة,synthetic
يا اخي طلبت ميلك شيك ووصلني فاهيتا مو معقول.,دقة الطلب,متوسطة,synthetic
الكاشير او المطبخ كلهم غلط,دقة الطلب,متوسطة,synthetic
غلط في غلط.,دقة الطلب,متوسطة,synthetic
الطلب مو طلبي,دقة الطلب,متوسطة,synthetic
الصراحه الكاشير او المطبخ كلهم غلط,دقة الطلب,متوسطة,synthetic
المطعم ما يعرف يحضر الطلب صح,دقة الطلب,متوسطة,synthetic
طلبي جاء غلط online ولا فيه help من الدعم...,دقة الطلب,متوسطة,synthetic
يا اخي للاسف اخطاء كل طلب نسوا جبنة ضافوا صلصه شيدر,دقة الطلب,متوسطة,synthetic
اخطاء كثيره في كل طلب!!!,دقة الطلب,متوسطة,synthetic
وش هذا التطبيق طلبي ناقص نص الاشياء.,دقة الطلب,متوسطة,synthetic
طلبت بدون فلفل حار لكن وضعوه يا اخي.,دقة الطلب,متوسطة,synthetic
طلبت وجبة العشاء مع تعديلات معينه يا ليتهم قروها كلها وصلت غلط بدون صوص ثوم,دقة الطلب,متوسطة,synthetic
كل ما اطلب يوصلني شي غلط او ناقص...,دقة الطلب,متوسطة,synthetic
وجبه كرسبي وصلت ناقصه المكونات الاضافات غير صحيحه ابدا,دقة الطلب,متوسطة,synthetic
طلبي يحتوي على ثلاث وجبات وصلني وجبتين ،,دقة الطلب,متوسطة,synthetic
صراحه اخطاء في كل طلب,دقة الطلب,متوسطة,synthetic
طلبت زبدية حمص مع تعديلات معينه يا ليتهم قروها كلها وصلت غلط بدون خل,دقة الطلب,متوسطة,synthetic
طلبت جريش مع تعديلات معينه يا ليتهم قروها كلها وصلت غلط بدون خبز.,دقة الطلب,متوسطة,synthetic
الصراحه طلبي يحتوي على ثلاث وجبات وصلني وجبتين,دقة الطلب,متوسطة,synthetic
صراحه اول الطلب مكتوب عليه بدون حلاوه لكن وصل مع حلاوه!!!,دقة الطلب,متوسطة,synthetic
بدون نعناع مكتوبه بالعربي وبالانجليزي وما اعتمدوها,دقة الطلب,متوسطة,synthetic
شوفوا الطلب جا ناقص كم مره ما يتعلمون.,دقة الطلب,متوسطة,synthetic
اضافات غير صحيحه ولا تشبه طلبي ،,دقة الطلب,متوسطة,synthetic
شوفوا يا جماعه الطلب فيه نقص واضح!!!,دقة الطلب,متوسطة,synthetic
وش هذا التطبيق طلبي ناقص نص الاشياء,دقة الطلب,متوسطة,synthetic
شوفوا يا جماعه الطلب فيه نقص واضح ،,دقة الطلب,متوسطة,synthetic
يا اخي دايم الطلبات تجي ناقصه ودايم نفس المشكله,دقة الطلب,متوسطة,synthetic
يجيب طلب ثاني مو طلبي,دقة الطلب,متوسطة,synthetic
طلبت بدون صلصه حلوه لكن وضعوه يا اخي,دقة الطلب,متوسطة,synthetic
ينقص دائما حمص او ذره او كلاهما.,دقة الطلب,متوسطة,synthetic
طلبت بدون جبنة لكن وضعوه مرره,دقة الطلب,متوسطة,synthetic
وصلني الطلب وفتحته القيت ان فيه ميني برجر مو شيش طاووق اللي طلبته كلمت الدعم بدون فايده,دقة الطلب,متوسطة,synthetic
الباركود يوضح الطلب بس المطعم تجاهله,دقة الطلب,متوسطة,synthetic
والله ما اطلب منهم بعد طلبي يجي غلط دايما ،,دقة الطلب,متوسطة,synthetic
للاسف كل طلباتهم غلط في غلط ما اطلب منهم تاني,دقة الطلب,متوسطة,synthetic
اول الطلب مكتوب عليه بدون مكسرات لكن وصل مع مكسرات.,دقة الطلب,متوسطة,synthetic
بدون صلصة حارة مكتوبه بالعربي وبالانجليزي وما اعتمدوها!!!,دقة الطلب,متوسطة,synthetic
الكاشير او المطبخ كلهم غلط.,دقة الطلب,متوسطة,synthetic
يا اخي الطلب ناقص من زمان نفس المشكله ما تنحل.,دقة الطلب,متوسطة,synthetic
للاسف اخطاء كل طلب نسوا ثوم ضافوا نعناع,دقة الطلب,متوسطة,synthetic
نقص الطلب صار عاده دائمه عندهم وفي كل مره يعتذرون فقط!!!,دقة الطلب,متوسطة,synthetic
بدون كريمة مكتوبه بالعربي وبالانجليزي وما اعتمدوها,دقة الطلب,متوسطة,synthetic
شوفوا بصراحه الطلب جاني غلط تماما لا انصح ابدا.,دقة الطلب,متوسطة,synthetic
دفعت ولم اتلق الطلب كامل تواصلت مع الدعم بدون فايده.,دقة الطلب,متوسطة,synthetic
للاسف كل مره اطلب كل مره ينقص شي دايم نفس القصه ما يتعلمون من الاخطاء,دقة الطلب,متوسطة,synthetic
بدون ثوم مكتوبه بالعربي وبالانجليزي وما اعتمدوها.,دقة الطلب,متوسطة,synthetic
كل مره يجيب طلب الفطور بدل مندي حتى اللي ما طلبته يجيبه,دقة الطلب,متوسطة,synthetic
يا اخي طلبت ميني برجر ووصلني باستا مو معقول,دقة الطلب,متوسطة,synthetic
الفاتوره فيها وجبة الغداء لكن وصلني وجبة العشاء فقط,دقة الطلب,متوسطة,synthetic
كل طلباتهم غلط في غلط ما اطلب منهم تاني ،,دقة الطلب,متوسطة,synthetic
دايم الطلبات تجي ناقصه ودايم نفس المشكله.,دقة الطلب,متوسطة,synthetic
للاسف اصبح تطبيق فاشل لا يوضح طلبات العميل اما يوصل ناقص او غير المطلوب ،,دقة الطلب,متوسطة,synthetic
المطعم نسي كنافة من الطلب وارسل جريش بدلا منه ما اعرف وش يصير في المطبخ,دقة الطلب,متوسطة,synthetic
اول الطلب مكتوب عليه بدون صلصة حارة لكن وصل مع صلصة حارة,دقة الطلب,متوسطة,synthetic
الصراحه يجيب طلب ثاني مو طلبي,دقة الطلب,متوسطة,synthetic
تخيل تجربه سيئه جدا الطلب جاني ناقص كلمت خدمه العملاء يقولون ارسل ايميل ارسل ايميل بس ما يردون!!!,دقة الطلب,متوسطة,synthetic
المطعم نسي فلافل من الطلب وارسل تشيكن رول بدلا منه ما اعرف وش يصير في المطبخ,دقة الطلب,متوسطة,synthetic
ينقص دائما باستا او خل او كلاهما,دقة الطلب,متوسطة,synthetic
نسوا كريمة وزنجبيل وانا دفعت ثمنها,دقة الطلب,متوسطة,synthetic
دقتهم في الطلب سيئه جدا.,دقة الطلب,متوسطة,synthetic
كتبت ملاحظه واضحه بدون فلفل لكن ما قروها,دقة الطلب,متوسطة,synthetic
الفاتوره فيها تكا لكن وصلني سليق فقط ،,دقة الطلب,متوسطة,synthetic
ينقص دائما سليق او بهارات او كلاهما,دقة الطلب,متوسطة,synthetic
كل طلباتهم غلط في غلط ما اطلب منهم تاني,دقة الطلب,متوسطة,synthetic
للاسف اصبح تطبيق فاشل لا يوضح طلبات العميل اما يوصل ناقص او غير المطلوب!!!,دقة الطلب,متوسطة,synthetic
وصلني الطلب وفتحته القيت ان فيه بقلاوه مو معجنات اللي طلبته كلمت الدعم بدون فايده,دقة الطلب,متوسطة,synthetic
اقسم بالله الطلب فيه ثلاث برجر ناقصه,دقة الطلب,متوسطة,synthetic
اقسم بالله دقه الطلب صفر,دقة الطلب,متوسطة,synthetic
الطلب فيه ثلاث سمبوسه ناقصه,دقة الطلب,متوسطة,synthetic
اول الطلب مكتوب عليه بدون طحينه لكن وصل مع طحينه,دقة الطلب,متوسطة,synthetic
للاسف اخطاء كل طلب نسوا نعناع ضافوا طماطم.,دقة الطلب,متوسطة,synthetic
للاسف اخطاء كل طلب نسوا صلصة طماطم ضافوا زيتون,دقة الطلب,متوسطة,synthetic
طلبت ثلاث كنافة استلمت اقل بكثير,دقة الطلب,متوسطة,synthetic
يا اخي دقه الطلب صفر,دقة الطلب,متوسطة,synthetic
نقص الطلب صار عاده دائمه عندهم وفي كل مره يعتذرون فقط ،,دقة الطلب,متوسطة,synthetic
للاسف اخطاء كل طلب نسوا صلصة باربكيو ضافوا مخلل,دقة الطلب,متوسطة,synthetic
ينقص دائما شوربه عدس او كزبرة او كلاهما,دقة الطلب,متوسطة,synthetic
دقه الطلب صفر ،,دقة الطلب,متوسطة,synthetic
تخيل بصراحه الطلب جاني غلط تماما لا انصح ابدا,دقة الطلب,متوسطة,synthetic
دقتهم في الطلب سيئه جدا...,دقة الطلب,متوسطة,synthetic
الباركود يوضح الطلب بس المطعم تجاهله...,دقة الطلب,متوسطة,synthetic
طلبي جاء غلط online ولا فيه help من الدعم,دقة الطلب,متوسطة,synthetic
اخطاء كثيره في كل طلب.,دقة الطلب,متوسطة,synthetic
بدلوا برجر بنوع اخر من الطعام بدون ما يخبروني.,دقة الطلب,متوسطة,synthetic
خلطوا الطلبات استلمت طلب جاري ما طلبي ،,دقة الطلب,متوسطة,synthetic
والله خلطوا الطلبات استلمت طلب جاري ما طلبي,دقة الطلب,متوسطة,synthetic
order كله غلط وما فيه refund,دقة الطلب,متوسطة,synthetic
للاسف اخطاء كل طلب نسوا ثوم ضافوا فلفل,دقة الطلب,متوسطة,synthetic
اول الطلب مكتوب عليه بدون نعناع لكن وصل مع نعناع,دقة الطلب,متوسطة,synthetic
ينقص دائما سلطة سيزر او زبدة او كلاهما,دقة الطلب,متوسطة,synthetic
يا جماعه اول الطلب مكتوب عليه بدون كزبرة لكن وصل مع كزبرة,دقة الطلب,متوسطة,synthetic
طلبت برجر وجاني اكل مغاير وش هذا.,دقة الطلب,متوسطة,synthetic
طلبت اوزي وجاني اكل مغاير وش هذا!!!,دقة الطلب,متوسطة,synthetic
الصراحه الطلب جا ناقص كم مره ما يتعلمون,دقة الطلب,متوسطة,synthetic
كل طلباتهم غلط.,دقة الطلب,متوسطة,synthetic
المطعم ما يعرف يحضر الطلب صح...,دقة الطلب,متوسطة,synthetic
الكمبو فيه نصف الكميه اشياء وصلني فقط واحد.,دقة الطلب,متوسطة,synthetic
للاسف اخطاء كل طلب نسوا ذره ضافوا بهارات...,دقة الطلب,متوسطة,synthetic
نسوا ثوم وسكر وانا دفعت ثمنها,دقة الطلب,متوسطة,synthetic
اقسم بالله طلب فاشل ناقص في كل مره,دقة الطلب,متوسطة,synthetic
الطلب فيه ست قطع كنافة ناقصه,دقة الطلب,متوسطة,synthetic
تخيل يخلطون الطلبات دايما,دقة الطلب,متوسطة,synthetic
كل مره يجيب طلب الفطور بدل ميلك شيك حتى اللي ما طلبته يجيبه,دقة الطلب,متوسطة,synthetic
تخيل يا اخي الطلب ناقص من زمان نفس المشكله ما تنحل.,دقة الطلب,متوسطة,synthetic
والله الطلب جا ناقص.,دقة الطلب,متوسطة,synthetic
طلبت كبسة وجاني اكل مغاير وش هذا!!!,دقة الطلب,متوسطة,synthetic
تجربه سيئه جدا الطلب جاني ناقص كلمت خدمه العملاء يقولون ارسل ايميل ارسل ايميل بس ما يردون.,دقة الطلب,متوسطة,synthetic
الكاشير او المطبخ كلهم غلط...,دقة الطلب,متوسطة,synthetic
طلبت كروسان وجاني صنف ليس على القائمه وش هذا,دقة الطلب,متوسطة,synthetic
للاسف اخطاء كل طلب نسوا نعناع ضافوا بطاطس,دقة الطلب,متوسطة,synthetic
يا اخي وصلني الطلب وفتحته القيت ان فيه طلب الفطور مو سلطة فتوش اللي طلبته كلمت الدعم بدون فايده,دقة الطلب,متوسطة,synthetic
بصراحه الباركود يوضح الطلب بس المطعم تجاهله,دقة الطلب,متوسطة,synthetic
ينقص دائما كروسان او فلفل حار او كلاهما.,دقة الطلب,متوسطة,synthetic
كل order يجي ناقص نفس الشي!!!,دقة الطلب,متوسطة,synthetic
نسوا شطه وخردل وانا دفعت ثمنها...,دقة الطلب,متوسطة,synthetic
طلبي جاء غلط online ولا فيه help من الدعم ،,دقة الطلب,متوسطة,synthetic
الطلب جا ناقص,دقة الطلب,متوسطة,synthetic
الطلب جا ناقص كم مره ما يتعلمون ،,دقة الطلب,متوسطة,synthetic
طلبي يحتوي على ثلاث وجبات وصلني وجبتين.,دقة الطلب,متوسطة,synthetic
الكمبو فيه وحده اشياء وصلني فقط واحد ،,دقة الطلب,متوسطة,synthetic
الصراحه اضافات غير صحيحه ولا تشبه طلبي.,دقة الطلب,متوسطة,synthetic
للاسف طلبت سمك مشوي مع تعديلات معينه يا ليتهم قروها كلها وصلت غلط بدون صلصه حلوه,دقة الطلب,متوسطة,synthetic
طلبت حمص مع تعديلات معينه يا ليتهم قروها كلها وصلت غلط بدون ذره...,دقة الطلب,متوسطة,synthetic
للاسف اخطاء كل طلب نسوا نعناع ضافوا مايونيز,دقة الطلب,متوسطة,synthetic
يا جماعه دقتهم في الطلب سيئه جدا ،,دقة الطلب,متوسطة,synthetic
الصراحه طلب فاشل ناقص في كل مره,دقة الطلب,متوسطة,synthetic
اقسم بالله اضافات غير صحيحه ولا تشبه طلبي,دقة الطلب,متوسطة,synthetic
الصراحه اول الطلب مكتوب عليه بدون خردل لكن وصل مع خردل,دقة الطلب,متوسطة,synthetic
اضافات غير صحيحه ولا تشبه طلبي.,دقة الطلب,متوسطة,synthetic
المطعم نسي كولا من الطلب وارسل سمبوسه بدلا منه ما اعرف وش يصير في المطبخ,دقة الطلب,متوسطة,synthetic
كل طلباتهم غلط ،,دقة الطلب,متوسطة,synthetic
للاسف اخطاء كل طلب نسوا ليمون ضافوا زبدة!!!,دقة الطلب,متوسطة,synthetic
كل ما اطلب يجي شي غلط,دقة الطلب,متوسطة,synthetic
بدلوا وجبة العشاء بوجبة بارده بدون ما يخبروني,دقة الطلب,متوسطة,synthetic
نسوا نعناع وكاتشب وانا دفعت ثمنها...,دقة الطلب,متوسطة,synthetic
للاسف طلبت مفطح وجاني صنف اخر مو طلبي وش هذا,دقة الطلب,متوسطة,synthetic
order كله غلط وما فيه refund ،,دقة الطلب,متوسطة,synthetic
اول الطلب مكتوب عليه بدون صوص لكن وصل مع صوص,دقة الطلب,متوسطة,synthetic
الفاتوره فيها فاهيتا لكن وصلني مقبلات فقط,دقة الطلب,متوسطة,synthetic
وجبه ناقصه!!!,دقة الطلب,متوسطة,synthetic
كل طلباتهم غلط في غلط ما اطلب منهم تاني.,دقة الطلب,متوسطة,synthetic
يا اخي طلبت باستا ووصلني معجنات مو معقول,دقة الطلب,متوسطة,synthetic
قسما اضافات غير صحيحه ولا تشبه طلبي,دقة الطلب,متوسطة,synthetic
يا اخي كل مره يجيب شوربه عدس بدل سليق حتى اللي ما طلبته يجيبه,دقة الطلب,متوسطة,synthetic
دفعت ولم اتلق الطلب كامل تواصلت مع الدعم بدون فايده...,دقة الطلب,متوسطة,synthetic
والله يا اخي طلبت طلب الفطور ووصلني كبسة مو معقول!!!,دقة الطلب,متوسطة,synthetic
طلبت باستا وجاني صنف ليس على القائمه وش هذا,دقة الطلب,متوسطة,synthetic
للاسف احيانا كثير تحصل غلطات احنا اللي ندفع ثمنها,دقة الطلب,متوسطة,synthetic
وصلني الطلب وفتحته القيت ان فيه بوكس دجاج مو فاهيتا اللي طلبته كلمت الدعم بدون فايده,دقة الطلب,متوسطة,synthetic
صراحه رفعت تذكره دعم بسبب نقص الطلب ما رد علي احد,دقة الطلب,متوسطة,synthetic
قسما الكاشير او المطبخ كلهم غلط,دقة الطلب,متوسطة,synthetic
كل ما اطلب يجي شي غلط!!!,دقة الطلب,متوسطة,synthetic
يا اخي الطلب ناقص من زمان نفس المشكله ما تنحل ،,دقة الطلب,متوسطة,synthetic
والله ما اطلب منهم بعد طلبي يجي غلط دايما!!!,دقة الطلب,متوسطة,synthetic
شوفوا دقتهم في الطلب سيئه جدا,دقة الطلب,متوسطة,synthetic
والله كل مره يجيب مفطح بدل نقانق حتى اللي ما طلبته يجيبه,دقة الطلب,متوسطة,synthetic
شوفوا طلبت بدون مشروم لكن وضعوه والله,دقة الطلب,متوسطة,synthetic
للاسف اخطاء كل طلب نسوا سكر ضافوا كريمة,دقة الطلب,متوسطة,synthetic
طلبت بدون زبدة لكن وضعوه للاسف,دقة الطلب,متوسطة,synthetic
شوفوا بصراحه الطلب جاني غلط تماما لا انصح ابدا...,دقة الطلب,متوسطة,synthetic
بصراحه وجبه ناقصه.,دقة الطلب,متوسطة,synthetic
كتبت ملاحظه واضحه بدون صوص لكن ما قروها.,دقة الطلب,متوسطة,synthetic
الصراحه كل order يجي ناقص نفس الشي,دقة الطلب,متوسطة,synthetic
صراحه طلب فاشل ناقص في كل مره,دقة الطلب,متوسطة,synthetic
بدون ملح مكتوبه بالعربي وبالانجليزي وما اعتمدوها,دقة الطلب,متوسطة,synthetic
وصلني الطلب وفتحته القيت ان فيه بروستد مو شاورما اللي طلبته كلمت الدعم بدون فايده,دقة الطلب,متوسطة,synthetic
اقسم بالله المبلغ خصم كامل لكن الطلب فيه نقص واضح,دقة الطلب,متوسطة,synthetic
الفاتوره فيها اوزي لكن وصلني وجبة الاطفال هابي ميل فقط...,دقة الطلب,متوسطة,synthetic
المطعم نسي سندوتش من الطلب وارسل وجبة الاطفال بدلا منه ما اعرف وش يصير في المطبخ,دقة الطلب,متوسطة,synthetic
اول الطلب مكتوب عليه بدون فلفل حار لكن وصل مع فلفل حار!!!,دقة الطلب,متوسطة,synthetic
نقص الطلب صار عاده دائمه عندهم وفي كل مره يعتذرون فقط.,دقة الطلب,متوسطة,synthetic
للاسف للاسف اصبح تطبيق فاشل لا يوضح طلبات العميل اما يوصل ناقص او غير المطلوب,دقة الطلب,متوسطة,synthetic
والله كل ما اطلب يوصلني شي غلط او ناقص,دقة الطلب,متوسطة,synthetic
كل ما اطلب يوصلني شي غلط او ناقص.,دقة الطلب,متوسطة,synthetic
كتبت ملاحظه واضحه بدون خبز لكن ما قروها...,دقة الطلب,متوسطة,synthetic
شوفوا كل order يجي ناقص نفس الشي.,دقة الطلب,متوسطة,synthetic
طلبت اكثر من ثلاث سمبوسه استلمت اقل بكثير.,دقة الطلب,متوسطة,synthetic
للاسف اخطاء كل طلب نسوا فلفل حار ضافوا فلفل حار,دقة الطلب,متوسطة,synthetic
اقسم بالله ينقص دائما بوكس دجاج او سكر او كلاهما,دقة الطلب,متوسطة,synthetic
والله دقه الطلب صفر ،,دقة الطلب,متوسطة,synthetic
المطعم نسي بوكس دجاج من الطلب وارسل نودلز بدلا منه ما اعرف وش يصير في المطبخ,دقة الطلب,متوسطة,synthetic
بدلوا سليق باكل لشخص ثاني تماما بدون ما يخبروني,دقة الطلب,متوسطة,synthetic
بصراحه الطلب جاني غلط تماما لا انصح ابدا ،,دقة الطلب,متوسطة,synthetic
نسوا مشروم وكريمة وانا دفعت ثمنها,دقة الطلب,متوسطة,synthetic
الطلب جاني ودفعت كامل المبلغ لقيت ان الكميه ناقصه واضافات غير صحيحه.,دقة الطلب,متوسطة,synthetic
الكمبو فيه خمس اشياء وصلني فقط واحد ،,دقة الطلب,متوسطة,synthetic
بدون صوص مكتوبه بالعربي وبالانجليزي وما اعتمدوها,دقة الطلب,متوسطة,synthetic
نسوا صلصة باربكيو وصلصة بشاميل وانا دفعت ثمنها ،,دقة الطلب,متوسطة,synthetic
يا اخي الباركود يوضح الطلب بس المطعم تجاهله,دقة الطلب,متوسطة,synthetic
بدون صلصة بشاميل مكتوبه بالعربي وبالانجليزي وما اعتمدوها.,دقة الطلب,متوسطة,synthetic
طلبت متبل مع تعديلات معينه يا ليتهم قروها كلها وصلت غلط بدون خردل.,دقة الطلب,متوسطة,synthetic
اول الطلب مكتوب عليه بدون صلصة بشاميل لكن وصل مع صلصة بشاميل!!!,دقة الطلب,متوسطة,synthetic
طلبت بدون صلصة بشاميل لكن وضعوه ابدا ابدا,دقة الطلب,متوسطة,synthetic
الكمبو فيه اربع اشياء وصلني فقط واحد,دقة الطلب,متوسطة,synthetic
بدون مخلل مكتوبه بالعربي وبالانجليزي وما اعتمدوها...,دقة الطلب,متوسطة,synthetic
اخطاء في كل طلب.,دقة الطلب,متوسطة,synthetic
طلبت مفطح مع تعديلات معينه يا ليتهم قروها كلها وصلت غلط بدون صوص,دقة الطلب,متوسطة,synthetic
بدون صوص مكتوبه بالعربي وبالانجليزي وما اعتمدوها!!!,دقة الطلب,متوسطة,synthetic
الصراحه دايم ناقص,دقة الطلب,متوسطة,synthetic
طلبت ربع الكميه طلب الفطور استلمت اقل بكثير,دقة الطلب,متوسطة,synthetic
الطلب فيه ربع الكميه ناجتس ناقصه!!!,دقة الطلب,متوسطة,synthetic
شوفوا دفعت ولم اتلق الطلب كامل تواصلت مع الدعم بدون فايده.,دقة الطلب,متوسطة,synthetic
دايما ناقص دايما غلط.,دقة الطلب,متوسطة,synthetic
كل مره يجيب شاورما بدل كنافة حتى اللي ما طلبته يجيبه,دقة الطلب,متوسطة,synthetic
قسما للاسف اخطاء كل طلب نسوا جبنة ضافوا بطاطس.,دقة الطلب,متوسطة,synthetic
طلبت اكثر من ثلاث كباب استلمت اقل بكثير.,دقة الطلب,متوسطة,synthetic
الطلب فيه اكثر من ثلاث مكرونه ناقصه...,دقة الطلب,متوسطة,synthetic
كتبت ملاحظه واضحه بدون شطه لكن ما قروها,دقة الطلب,متوسطة,synthetic
طلبت تشيكن سلايدر مع تعديلات معينه يا ليتهم قروها كلها وصلت غلط بدون كاتشب...,دقة الطلب,متوسطة,synthetic
نسوا ذره ورمان وانا دفعت ثمنها.,دقة الطلب,متوسطة,synthetic
دقتهم في الطلب سيئه جدا,دقة الطلب,متوسطة,synthetic
المطعم نسي حمص من الطلب وارسل متبل بدلا منه ما اعرف وش يصير في المطبخ...,دقة الطلب,متوسطة,synthetic
نسوا خردل وخردل وانا دفعت ثمنها,دقة الطلب,متوسطة,synthetic
بدلوا وجبة عائلية بوجبه بدون مكونات اساسيه بدون ما يخبروني,دقة الطلب,متوسطة,synthetic
قسما الطلب فيه وحده ايس كريم ناقصه,دقة الطلب,متوسطة,synthetic
للاسف نقص الطلب صار عاده دائمه عندهم وفي كل مره يعتذرون فقط,دقة الطلب,متوسطة,synthetic
الطلب فيه اثنين شاورما ناقصه,دقة الطلب,متوسطة,synthetic
طلبت كنافة وجاني اكل لشخص ثاني تماما وش هذا.,دقة الطلب,متوسطة,synthetic
وجبه ناقصه.,دقة الطلب,متوسطة,synthetic
للاسف طلبت كباب وجاني وجبة قديمه وش هذا,دقة الطلب,متوسطة,synthetic
طلبت اثنين بانكيك استلمت اقل بكثير,دقة الطلب,متوسطة,synthetic
المطعم نسي ميلك شيك من الطلب وارسل مفطح بدلا منه ما اعرف وش يصير في المطبخ,دقة الطلب,متوسطة,synthetic
الطلب مو طلبي...,دقة الطلب,متوسطة,synthetic
اقسم بالله الطلب غلط دائما,دقة الطلب,متوسطة,synthetic
الكمبو فيه ثلاث اشياء وصلني فقط واحد ،,دقة الطلب,متوسطة,synthetic
رفعت تذكره دعم بسبب نقص الطلب ما رد علي احد.,دقة الطلب,متوسطة,synthetic
بدون جبنة مكتوبه بالعربي وبالانجليزي وما اعتمدوها,دقة الطلب,متوسطة,synthetic
نسوا زيتون ورمان وانا دفعت ثمنها,دقة الطلب,متوسطة,synthetic
تخيل وجبه فلافل وصلت ناقصه المكونات الاضافات غير صحيحه ابدا,دقة الطلب,متوسطة,synthetic
اول الطلب مكتوب عليه بدون كريمة لكن وصل مع كريمة,دقة الطلب,متوسطة,synthetic
قسما دايم الطلبات تجي ناقصه ودايم نفس المشكله,دقة الطلب,متوسطة,synthetic
يا جماعه بصراحه الطلب جاني غلط تماما لا انصح ابدا,دقة الطلب,متوسطة,synthetic
طلبت ربع الكميه كنافة استلمت اقل بكثير,دقة الطلب,متوسطة,synthetic
قسما الطلب جاني ودفعت كامل المبلغ لقيت ان الكميه ناقصه واضافات غير صحيحه,دقة الطلب,متوسطة,synthetic
وجبه ناقصه...,دقة الطلب,متوسطة,synthetic
طلبي يحتوي على ثلاث وجبات وصلني وجبتين!!!,دقة الطلب,متوسطة,synthetic
نسوا صوص وخل وانا دفعت ثمنها,دقة الطلب,متوسطة,synthetic
كل مره يجيب كروسان بدل سلطة فتوش حتى اللي ما طلبته يجيبه.,دقة الطلب,متوسطة,synthetic
صراحه المطعم نسي معجنات من الطلب وارسل فطيره بدلا منه ما اعرف وش يصير في المطبخ,دقة الطلب,متوسطة,synthetic
الصراحه الطلب جا ناقص,دقة الطلب,متوسطة,synthetic
الكمبو فيه ست قطع اشياء وصلني فقط واحد!!!,دقة الطلب,متوسطة,synthetic
كل ما اطلب يجي شي غلط...,دقة الطلب,متوسطة,synthetic
والله نسوا صوص ثوم وزنجبيل وانا دفعت ثمنها,دقة الطلب,متوسطة,synthetic
الفاتوره فيها كولا لكن وصلني هريسه فقط,دقة الطلب,متوسطة,synthetic
طلب الكمبو ناقص الشراب ولا البطاطس.,دقة الطلب,متوسطة,synthetic
تخيل رفعت تذكره دعم بسبب نقص الطلب ما رد علي احد,دقة الطلب,متوسطة,synthetic
والله المطعم ما يعرف يحضر الطلب صح,دقة الطلب,متوسطة,synthetic
نسوا سكر وصلصة حارة وانا دفعت ثمنها,دقة الطلب,متوسطة,synthetic
كتبت ملاحظه واضحه بدون زنجبيل لكن ما قروها...,دقة الطلب,متوسطة,synthetic
تخيل للاسف اصبح تطبيق فاشل لا يوضح طلبات العميل اما يوصل ناقص او غير المطلوب.,دقة الطلب,متوسطة,synthetic
قسما احيانا كثير تحصل غلطات احنا اللي ندفع ثمنها ،,دقة الطلب,متوسطة,synthetic
طلبت بدون صوص لكن وضعوه ابدا ابدا,دقة الطلب,متوسطة,synthetic
كتبت ملاحظه واضحه بدون صلصه حلوه لكن ما قروها,دقة الطلب,متوسطة,synthetic
يا اخي طلبت فاهيتا ووصلني ساندويش لحم مو معقول,دقة الطلب,متوسطة,synthetic
اقسم بالله وجبه ناقصه,دقة الطلب,متوسطة,synthetic
للاسف اخطاء كل طلب نسوا خل ضافوا طماطم,دقة الطلب,متوسطة,synthetic
يجيب طلب ثاني مو طلبي ،,دقة الطلب,متوسطة,synthetic
رفعت تذكره دعم بسبب نقص الطلب ما رد علي احد...,دقة الطلب,متوسطة,synthetic
طلبت ست قطع كولا استلمت اقل بكثير,دقة الطلب,متوسطة,synthetic
قسما دفعت ولم اتلق الطلب كامل تواصلت مع الدعم بدون فايده,دقة الطلب,متوسطة,synthetic
طلبت بدون زعتر لكن وضعوه جدا جدا,دقة الطلب,متوسطة,synthetic
بدلوا كنافة بوجبة قديمه بدون ما يخبروني,دقة الطلب,متوسطة,synthetic
دفعت ولم اتلق الطلب كامل تواصلت مع الدعم بدون فايده ،,دقة الطلب,متوسطة,synthetic
الطلب ناقص وما تم تعويضي عنه.,دقة الطلب,متوسطة,synthetic
طلبت سندوتش مع تعديلات معينه يا ليتهم قروها كلها وصلت غلط بدون تمر,دقة الطلب,متوسطة,synthetic
كل طلباتهم غلط!!!,دقة الطلب,متوسطة,synthetic
تخيل الفاتوره فيها سندوتش لكن وصلني وجبة عائلية فقط...,دقة الطلب,متوسطة,synthetic
بدلوا تكا باكل لشخص ثاني تماما بدون ما يخبروني,دقة الطلب,متوسطة,synthetic
شوفوا يا جماعه الطلب فيه نقص واضح...,دقة الطلب,متوسطة,synthetic
للاسف اخطاء كل طلب نسوا صوص ثوم ضافوا مايونيز,دقة الطلب,متوسطة,synthetic
يا اخي دفعت ولم اتلق الطلب كامل تواصلت مع الدعم بدون فايده...,دقة الطلب,متوسطة,synthetic
دايما ناقص دايما غلط!!!,دقة الطلب,متوسطة,synthetic
طلبت هريسه مع تعديلات معينه يا ليتهم قروها كلها وصلت غلط بدون ثوم...,دقة الطلب,متوسطة,synthetic
الطلب فيه اكثر من ثلاث نودلز ناقصه.,دقة الطلب,متوسطة,synthetic
خلطوا الطلبات استلمت طلب جاري ما طلبي...,دقة الطلب,متوسطة,synthetic
المطعم نسي نودلز من الطلب وارسل شاي اخضر بدلا منه ما اعرف وش يصير في المطبخ,دقة الطلب,متوسطة,synthetic
قسما اضافات غير صحيحه ولا تشبه طلبي...,دقة الطلب,متوسطة,synthetic
بدون جبنة مكتوبه بالعربي وبالانجليزي وما اعتمدوها.,دقة الطلب,متوسطة,synthetic
اقسم بالله الفاتوره فيها كولا لكن وصلني ايس كريم فقط,دقة الطلب,متوسطة,synthetic
يا جماعه الفاتوره فيها مشكل خضار لكن وصلني تشيكن سلايدر فقط,دقة الطلب,متوسطة,synthetic
كل order يجي ناقص نفس الشي.,دقة الطلب,متوسطة,synthetic
كتبت ملاحظه واضحه بدون شطه لكن ما قروها.,دقة الطلب,متوسطة,synthetic
اقسم بالله كل مره اطلب كل مره ينقص شي دايم نفس القصه ما يتعلمون من الاخطاء,دقة الطلب,متوسطة,synthetic
وصلني الطلب وفتحته القيت ان فيه مطبق مو تكا اللي طلبته كلمت الدعم بدون فايده,دقة الطلب,متوسطة,synthetic
بدون شطه مكتوبه بالعربي وبالانجليزي وما اعتمدوها,دقة الطلب,متوسطة,synthetic
اخطاء في كل طلب!!!,دقة الطلب,متوسطة,synthetic
شوفوا طلبت فطيره وجاني اكل مغاير وش هذا,دقة الطلب,متوسطة,synthetic
المبلغ خصم كامل لكن الطلب فيه نقص واضح...,دقة الطلب,متوسطة,synthetic
صراحه الفاتوره فيها مشاوي لكن وصلني مطبق فقط,دقة الطلب,متوسطة,synthetic
بصراحه وجبه ناقصه,دقة الطلب,متوسطة,synthetic
الطلب فيه اربع وجبة الاطفال ناقصه ،,دقة الطلب,متوسطة,synthetic
وجبه ميني برجر وصلت ناقصه المكونات الاضافات غير صحيحه ابدا,دقة الطلب,متوسطة,synthetic
المطعم ما يعرف يحضر الطلب صح ،,دقة الطلب,متوسطة,synthetic
للاسف اخطاء كل طلب نسوا جبنة ضافوا فلفل حار,دقة الطلب,متوسطة,synthetic
المطعم نسي سمبوسه من الطلب وارسل بانكيك بدلا منه ما اعرف وش يصير في المطبخ,دقة الطلب,متوسطة,synthetic
بصراحه طلبت معجنات وجاني وجبه بدون مكونات اساسيه وش هذا,دقة الطلب,متوسطة,synthetic
الفاتوره فيها كروسان لكن وصلني فلافل فقط.,دقة الطلب,متوسطة,synthetic
تخيل يا اخي الطلب ناقص من زمان نفس المشكله ما تنحل,دقة الطلب,متوسطة,synthetic
يا اخي طلبت بطاطا مقلية ووصلني وجبة عائلية مو معقول,دقة الطلب,متوسطة,synthetic
قسما يا اخي الطلب ناقص من زمان نفس المشكله ما تنحل,دقة الطلب,متوسطة,synthetic
طلبت بدون كاتشب لكن وضعوه مره مره ،,دقة الطلب,متوسطة,synthetic
قسما يا اخي طلبت ناجتس ووصلني ميلك شيك مو معقول,دقة الطلب,متوسطة,synthetic
بصراحه بدون مخلل مكتوبه بالعربي وبالانجليزي وما اعتمدوها!!!,دقة الطلب,متوسطة,synthetic
الفاتوره فيها تشيكن سلايدر لكن وصلني سلطة سيزر فقط.,دقة الطلب,متوسطة,synthetic
بدلوا برجر باكل غير ناضج بدون ما يخبروني,دقة الطلب,متوسطة,synthetic
الصراحه دقه الطلب صفر ،,دقة الطلب,متوسطة,synthetic
قسما الطلب مو طلبي ،,دقة الطلب,متوسطة,synthetic
للاسف طلب فاشل ناقص في كل مره,دقة الطلب,متوسطة,synthetic
كل مره اطلب كل مره ينقص شي دايم نفس القصه ما يتعلمون من الاخطاء ،,دقة الطلب,متوسطة,synthetic
ينقص دائما سندوتش او مايونيز او كلاهما,دقة الطلب,متوسطة,synthetic
طلبت بدون نعناع لكن وضعوه جدا,دقة الطلب,متوسطة,synthetic
دايما ناقص دايما غلط ،,دقة الطلب,متوسطة,synthetic
طلبي جاء غلط online ولا فيه help من الدعم.,دقة الطلب,متوسطة,synthetic
المبلغ خصم كامل لكن الطلب فيه نقص واضح.,دقة الطلب,متوسطة,synthetic
بدلوا كباب باكل لشخص ثاني تماما بدون ما يخبروني,دقة الطلب,متوسطة,synthetic
الطلب فيه اربع حمص ناقصه,دقة الطلب,متوسطة,synthetic
وصلني الطلب وفتحته القيت ان فيه نودلز مو ساندويش لحم اللي طلبته كلمت الدعم بدون فايده,دقة الطلب,متوسطة,synthetic
بصراحه الطلب ناقص وما تم تعويضي عنه,دقة الطلب,متوسطة,synthetic
كل مره يجيب نقانق بدل تشيكن سلايدر حتى اللي ما طلبته يجيبه.,دقة الطلب,متوسطة,synthetic
يا جماعه المطعم نسي نقانق من الطلب وارسل قهوه عربيه بدلا منه ما اعرف وش يصير في المطبخ.,دقة الطلب,متوسطة,synthetic
طلبت ست قطع مندي استلمت اقل بكثير,دقة الطلب,متوسطة,synthetic
صراحه نقص الطلب صار عاده دائمه عندهم وفي كل مره يعتذرون فقط.,دقة الطلب,متوسطة,synthetic
صراحه وش هذا التطبيق طلبي ناقص نص الاشياء,دقة الطلب,متوسطة,synthetic
طلبت بدون خبز لكن وضعوه والله,دقة الطلب,متوسطة,synthetic
ينقص دائما قهوه عربيه او حلاوه او كلاهما.,دقة الطلب,متوسطة,synthetic
كل مره يجيب نقانق بدل ميني برجر حتى اللي ما طلبته يجيبه,دقة الطلب,متوسطة,synthetic
بصراحه كل ما اطلب يوصلني شي غلط او ناقص.,دقة الطلب,متوسطة,synthetic
الصراحه بدون ملح مكتوبه بالعربي وبالانجليزي وما اعتمدوها,دقة الطلب,متوسطة,synthetic
كل طلباتهم غلط في غلط ما اطلب منهم تاني...,دقة الطلب,متوسطة,synthetic
صراحه الفاتوره فيها وجبة الاطفال لكن وصلني قهوه عربيه فقط.,دقة الطلب,متوسطة,synthetic
طلبت سمبوسك وجاني وجبة بارده وش هذا.,دقة الطلب,متوسطة,synthetic
صراحه طلب فاشل ناقص في كل مره.,دقة الطلب,متوسطة,synthetic
كل order يجي ناقص نفس الشي...,دقة الطلب,متوسطة,synthetic
بدلوا تشيكن سلايدر بصنف ليس على القائمه بدون ما يخبروني!!!,دقة الطلب,متوسطة,synthetic
الطلب جا ناقص كم مره ما يتعلمون!!!,دقة الطلب,متوسطة,synthetic
يا جماعه نقص الطلب صار عاده دائمه عندهم وفي كل مره يعتذرون فقط!!!,دقة الطلب,متوسطة,synthetic
يا جماعه الطلب غلط دائما,دقة الطلب,متوسطة,synthetic
كل مره يجيب فلافل بدل مكرونه حتى اللي ما طلبته يجيبه,دقة الطلب,متوسطة,synthetic
احيانا كثير تحصل غلطات احنا اللي ندفع ثمنها...,دقة الطلب,متوسطة,synthetic
دقتهم في الطلب سيئه جدا ،,دقة الطلب,متوسطة,synthetic
الفاتوره فيها بانكيك لكن وصلني مفطح فقط,دقة الطلب,متوسطة,synthetic
طلبت معجنات وجاني اكل لشخص ثاني تماما وش هذا ،,دقة الطلب,متوسطة,synthetic
اول الطلب مكتوب عليه بدون مشروم لكن وصل مع مشروم,دقة الطلب,متوسطة,synthetic
الصراحه اخطاء في كل طلب,دقة الطلب,متوسطة,synthetic
طلبت ثلاث مشاوي استلمت اقل بكثير,دقة الطلب,متوسطة,synthetic
الفاتوره فيها باستا لكن وصلني بخاري فقط,دقة الطلب,متوسطة,synthetic
للاسف اخطاء كل طلب نسوا ملح ضافوا ذره,دقة الطلب,متوسطة,synthetic
طلبت بدون مكسرات لكن وضعوه نهائي,دقة الطلب,متوسطة,synthetic
الطلب مو طلبي ،,دقة الطلب,متوسطة,synthetic
تخيل كل ما اطلب يوصلني شي غلط او ناقص,دقة الطلب,متوسطة,synthetic
والله order كله غلط وما فيه refund,دقة الطلب,متوسطة,synthetic
طلبت سندوتش وجاني حجم اصغر وش هذا,دقة الطلب,متوسطة,synthetic
غلط في غلط...,دقة الطلب,متوسطة,synthetic
وجبه مشاوي وصلت ناقصه المكونات الاضافات غير صحيحه ابدا,دقة الطلب,متوسطة,synthetic
قسما الطلب مو طلبي,دقة الطلب,متوسطة,synthetic
وجبه نقانق وصلت ناقصه المكونات الاضافات غير صحيحه ابدا,دقة الطلب,متوسطة,synthetic
الفاتوره فيها مكرونه لكن وصلني بروستد فقط,دقة الطلب,متوسطة,synthetic
للاسف اول الطلب مكتوب عليه بدون طماطم لكن وصل مع طماطم,دقة الطلب,متوسطة,synthetic
صراحه الكمبو فيه ست قطع اشياء وصلني فقط واحد,دقة الطلب,متوسطة,synthetic
طلبت مطبق مع تعديلات معينه يا ليتهم قروها كلها وصلت غلط بدون كزبرة,دقة الطلب,متوسطة,synthetic
شوفوا يخلطون الطلبات دايما...,دقة الطلب,متوسطة,synthetic
يا اخي الطلب جا ناقص كم مره ما يتعلمون,دقة الطلب,متوسطة,synthetic
طلبت اربع كروسان استلمت اقل بكثير.,دقة الطلب,متوسطة,synthetic
وجبه شاورما وصلت ناقصه المكونات الاضافات غير صحيحه ابدا,دقة الطلب,متوسطة,synthetic
المطعم نسي كبسة من الطلب وارسل ميني برجر بدلا منه ما اعرف وش يصير في المطبخ,دقة الطلب,متوسطة,synthetic
والله كل طلباتهم غلط,دقة الطلب,متوسطة,synthetic
دايم ناقص.,دقة الطلب,متوسطة,synthetic
بصراحه طلب الكمبو ناقص الشراب ولا البطاطس,دقة الطلب,متوسطة,synthetic
طلبت نصف الكميه بيتزا استلمت اقل بكثير,دقة الطلب,متوسطة,synthetic
كل ما اطلب يوصلني شي غلط او ناقص ،,دقة الطلب,متوسطة,synthetic
بدون صلصه شيدر مكتوبه بالعربي وبالانجليزي وما اعتمدوها,دقة الطلب,متوسطة,synthetic
كتبت ملاحظه واضحه بدون سكر لكن ما قروها,دقة الطلب,متوسطة,synthetic
كل مره يجيب زبدية حمص بدل فاهيتا حتى اللي ما طلبته يجيبه,دقة الطلب,متوسطة,synthetic
بصراحه دفعت ولم اتلق الطلب كامل تواصلت مع الدعم بدون فايده.,دقة الطلب,متوسطة,synthetic
الطلب فيه اكثر من ثلاث بانكيك ناقصه.,دقة الطلب,متوسطة,synthetic
كتبت ملاحظه واضحه بدون زيتون لكن ما قروها,دقة الطلب,متوسطة,synthetic
الكاشير او المطبخ كلهم غلط!!!,دقة الطلب,متوسطة,synthetic
كل ما اطلب يجي شي غلط.,دقة الطلب,متوسطة,synthetic
وجبه مطبق وصلت ناقصه المكونات الاضافات غير صحيحه ابدا,دقة الطلب,متوسطة,synthetic
وصلني الطلب وفتحته القيت ان فيه برجر مو كباب اللي طلبته كلمت الدعم بدون فايده,دقة الطلب,متوسطة,synthetic
اول الطلب مكتوب عليه بدون صلصة باربكيو لكن وصل مع صلصة باربكيو,دقة الطلب,متوسطة,synthetic
حذفوا اضافات وما خصموا قيمتها من الفاتوره...,دقة الطلب,متوسطة,synthetic
شوفوا كتبت ملاحظه واضحه بدون صوص لكن ما قروها,دقة الطلب,متوسطة,synthetic
طلبت ثلاث مندي استلمت اقل بكثير,دقة الطلب,متوسطة,synthetic
والله طلبت فلافل وجاني وجبه محشيه بمكونات لم اطلبها وش هذا,دقة الطلب,متوسطة,synthetic
خلطوا الطلبات استلمت طلب جاري ما طلبي!!!,دقة الطلب,متوسطة,synthetic
شوفوا نسوا زيتون وزبدة وانا دفعت ثمنها,دقة الطلب,متوسطة,synthetic
صراحه والله ما اطلب منهم بعد طلبي يجي غلط دايما,دقة الطلب,متوسطة,synthetic
ينقص دائما ميني برجر او فلفل حار او كلاهما,دقة الطلب,متوسطة,synthetic
تخيل طلبي يحتوي على ثلاث وجبات وصلني وجبتين,دقة الطلب,متوسطة,synthetic
بدلوا فلافل بنسخه غير صحيحه من الطلب بدون ما يخبروني!!!,دقة الطلب,متوسطة,synthetic
طلبت سمبوسك وجاني وجبة بارده وش هذا,دقة الطلب,متوسطة,synthetic
الفاتوره فيها وجبة دجاج لكن وصلني فطيره فقط,دقة الطلب,متوسطة,synthetic
اول الطلب مكتوب عليه بدون خس لكن وصل مع خس ،,دقة الطلب,متوسطة,synthetic
الفاتوره فيها مفطح لكن وصلني تكا فقط,دقة الطلب,متوسطة,synthetic
يا اخي حذفوا اضافات وما خصموا قيمتها من الفاتوره.,دقة الطلب,متوسطة,synthetic
بصراحه كل طلباتهم غلط في غلط ما اطلب منهم تاني,دقة الطلب,متوسطة,synthetic
وصلني الطلب وفتحته القيت ان فيه شيش طاووق مو باستا اللي طلبته كلمت الدعم بدون فايده,دقة الطلب,متوسطة,synthetic
الصراحه ينقص دائما مطبق او كريمة او كلاهما,دقة الطلب,متوسطة,synthetic
كتبت ملاحظه واضحه بدون ثوم لكن ما قروها,دقة الطلب,متوسطة,synthetic
يا اخي طلبت كولا ووصلني بروستد مو معقول ،,دقة الطلب,متوسطة,synthetic
الفاتوره فيها قهوه عربيه لكن وصلني بخاري فقط,دقة الطلب,متوسطة,synthetic
بصراحه اول الطلب مكتوب عليه بدون بطاطس لكن وصل مع بطاطس ،,دقة الطلب,متوسطة,synthetic
الباركود يوضح الطلب بس المطعم تجاهله.,دقة الطلب,متوسطة,synthetic
للاسف اصبح تطبيق فاشل لا يوضح طلبات العميل اما يوصل ناقص او غير المطلوب...,دقة الطلب,متوسطة,synthetic
للاسف اخطاء كل طلب نسوا صلصة بشاميل ضافوا زنجبيل,دقة الطلب,متوسطة,synthetic
الفاتوره فيها بانكيك لكن وصلني مكرونه فقط,دقة الطلب,متوسطة,synthetic
الطلب فيه اربع قطع فلافل ناقصه,دقة الطلب,متوسطة,synthetic
نسوا فلفل وصلصة بشاميل وانا دفعت ثمنها,دقة الطلب,متوسطة,synthetic
يا اخي كل طلباتهم غلط ،,دقة الطلب,متوسطة,synthetic
يا اخي طلبت بدون حلاوه لكن وضعوه ابدا ابدا,دقة الطلب,متوسطة,synthetic
تخيل احيانا كثير تحصل غلطات احنا اللي ندفع ثمنها,دقة الطلب,متوسطة,synthetic
قسما بدلوا نقانق بحجم اصغر بدون ما يخبروني,دقة الطلب,متوسطة,synthetic
الطلب جاني ودفعت كامل المبلغ لقيت ان الكميه ناقصه واضافات غير صحيحه!!!,دقة الطلب,متوسطة,synthetic
الطلب جا ناقص!!!,دقة الطلب,متوسطة,synthetic
صراحه الفاتوره فيها كروسان لكن وصلني وجبة الاطفال هابي ميل فقط,دقة الطلب,متوسطة,synthetic
صراحه الطلب ناقص وما تم تعويضي عنه.,دقة الطلب,متوسطة,synthetic
طلبت ثلاث سندوتش استلمت اقل بكثير,دقة الطلب,متوسطة,synthetic
شوفوا الطلب ناقص وما تم تعويضي عنه,دقة الطلب,متوسطة,synthetic
كتبت ملاحظه واضحه بدون صلصة باربكيو لكن ما قروها.,دقة الطلب,متوسطة,synthetic
والله احيانا كثير تحصل غلطات احنا اللي ندفع ثمنها,دقة الطلب,متوسطة,synthetic
بدلوا شوربه عدس بوجبة شخص ثاني بدون ما يخبروني!!!,دقة الطلب,متوسطة,synthetic
قسما دقه الطلب صفر!!!,دقة الطلب,متوسطة,synthetic
بدلوا سمبوسك باكل لشخص ثاني تماما بدون ما يخبروني,دقة الطلب,متوسطة,synthetic
طلبت بدون صلصه شيدر لكن وضعوه جدا جدا.,دقة الطلب,متوسطة,synthetic
طلبت بدون زنجبيل لكن وضعوه للاسف,دقة الطلب,متوسطة,synthetic
يا اخي شوفوا يا جماعه الطلب فيه نقص واضح ،,دقة الطلب,متوسطة,synthetic
طلبت بدون حلاوه لكن وضعوه جدا,دقة الطلب,متوسطة,synthetic
للاسف اصبح تطبيق فاشل لا يوضح طلبات العميل اما يوصل ناقص او غير المطلوب.,دقة الطلب,متوسطة,synthetic
الصراحه يا اخي طلبت ورق عنب ووصلني باستا مو معقول,دقة الطلب,متوسطة,synthetic
للاسف اخطاء كل طلب نسوا صوص ثوم ضافوا زيتون.,دقة الطلب,متوسطة,synthetic
اول الطلب مكتوب عليه بدون بطاطس لكن وصل مع بطاطس,دقة الطلب,متوسطة,synthetic
اقسم بالله طلب فاشل ناقص في كل مره ،,دقة الطلب,متوسطة,synthetic
يا اخي الطلب مو طلبي.,دقة الطلب,متوسطة,synthetic
صراحه دقتهم في الطلب سيئه جدا!!!,دقة الطلب,متوسطة,synthetic
الصراحه كل order يجي ناقص نفس الشي ،,دقة الطلب,متوسطة,synthetic
كل مره يجيب ايس كريم بدل كنافة حتى اللي ما طلبته يجيبه,دقة الطلب,متوسطة,synthetic
طلبت سليق وجاني وجبه بدون مكونات اساسيه وش هذا ،,دقة الطلب,متوسطة,synthetic
كل مره يجيب تشيكن رول بدل باستا حتى اللي ما طلبته يجيبه,دقة الطلب,متوسطة,synthetic
الصراحه يا اخي طلبت برجر ووصلني كفتة مو معقول,دقة الطلب,متوسطة,synthetic
تجربه سيئه جدا الطلب جاني ناقص كلمت خدمه العملاء يقولون ارسل ايميل ارسل ايميل بس ما يردون...,دقة الطلب,متوسطة,synthetic
يا اخي كل ما اطلب يوصلني شي غلط او ناقص!!!,دقة الطلب,متوسطة,synthetic
طلبت بدون صوص لكن وضعوه كثير كثير,دقة الطلب,متوسطة,synthetic
كتبت ملاحظه واضحه بدون صلصة بشاميل لكن ما قروها,دقة الطلب,متوسطة,synthetic
يا اخي الطلب ناقص وما تم تعويضي عنه,دقة الطلب,متوسطة,synthetic
طلبت مندي وجاني صنف ليس على القائمه وش هذا.,دقة الطلب,متوسطة,synthetic
طلبت كنافة وجاني وجبة بارده وش هذا,دقة الطلب,متوسطة,synthetic
يا جماعه كل order يجي ناقص نفس الشي,دقة الطلب,متوسطة,synthetic
بصراحه احيانا كثير تحصل غلطات احنا اللي ندفع ثمنها,دقة الطلب,متوسطة,synthetic
الصراحه بصراحه الطلب جاني غلط تماما لا انصح ابدا,دقة الطلب,متوسطة,synthetic
الطلب جاني ودفعت كامل المبلغ لقيت ان الكميه ناقصه واضافات غير صحيحه...,دقة الطلب,متوسطة,synthetic
المطعم نسي سلطة سيزر من الطلب وارسل ورق عنب بدلا منه ما اعرف وش يصير في المطبخ.,دقة الطلب,متوسطة,synthetic
شوفوا طلب الكمبو ناقص الشراب ولا البطاطس,دقة الطلب,متوسطة,synthetic
بصراحه الطلب جاني غلط تماما لا انصح ابدا.,دقة الطلب,متوسطة,synthetic
وجبه سمك مشوي وصلت ناقصه المكونات الاضافات غير صحيحه ابدا ،,دقة الطلب,متوسطة,synthetic
بدون صلصة باربكيو مكتوبه بالعربي وبالانجليزي وما اعتمدوها,دقة الطلب,متوسطة,synthetic
الصراحه كل طلباتهم غلط,دقة الطلب,متوسطة,synthetic
للاسف اخطاء كل طلب نسوا كزبرة ضافوا صوص,دقة الطلب,متوسطة,synthetic
اقسم بالله الطلب فيه ربع الكميه شاي اخضر ناقصه,دقة الطلب,متوسطة,synthetic
طلبت عصير برتقال مع تعديلات معينه يا ليتهم قروها كلها وصلت غلط بدون طماطم.,دقة الطلب,متوسطة,synthetic
اضافات غير صحيحه ولا تشبه طلبي!!!,دقة الطلب,متوسطة,synthetic
الطلب فيه اثنين نقانق ناقصه,دقة الطلب,متوسطة,synthetic
طلبت بدون نعناع لكن وضعوه والله,دقة الطلب,متوسطة,synthetic
كل مره يجيب بانكيك بدل كولا حتى اللي ما طلبته يجيبه,دقة الطلب,متوسطة,synthetic
طلبت ربع الكميه سمك مشوي استلمت اقل بكثير.,دقة الطلب,متوسطة,synthetic
بدلوا كروسان بحجم اصغر بدون ما يخبروني...,دقة الطلب,متوسطة,synthetic
المطعم نسي شاي اخضر من الطلب وارسل ناجتس بدلا منه ما اعرف وش يصير في المطبخ ،,دقة الطلب,متوسطة,synthetic
الكمبو فيه ربع الكميه اشياء وصلني فقط واحد!!!,دقة الطلب,متوسطة,synthetic
يا اخي الطلب غلط دائما,دقة الطلب,متوسطة,synthetic
والله الطلب جا ناقص كم مره ما يتعلمون,دقة الطلب,متوسطة,synthetic
الفاتوره فيها باستا لكن وصلني وجبة عائلية فقط,دقة الطلب,متوسطة,synthetic
طلبت بدون صوص لكن وضعوه جدا جدا ،,دقة الطلب,متوسطة,synthetic
الكمبو فيه خمس اشياء وصلني فقط واحد,دقة الطلب,متوسطة,synthetic
اول الطلب مكتوب عليه بدون صلصة باربكيو لكن وصل مع صلصة باربكيو!!!,دقة الطلب,متوسطة,synthetic
والله يا اخي طلبت مقبلات ووصلني وجبة عائلية مو معقول,دقة الطلب,متوسطة,synthetic
طلب فاشل ناقص في كل مره ،,دقة الطلب,متوسطة,synthetic
طلبت اكثر من ثلاث برجر استلمت اقل بكثير,دقة الطلب,متوسطة,synthetic
طلبت ميني برجر وجاني وجبه بدون مكونات اساسيه وش هذا,دقة الطلب,متوسطة,synthetic
بصراحه دايم الطلبات تجي ناقصه ودايم نفس المشكله!!!,دقة الطلب,متوسطة,synthetic
وجبه كروسان وصلت ناقصه المكونات الاضافات غير صحيحه ابدا,دقة الطلب,متوسطة,synthetic
يا جماعه دقتهم في الطلب سيئه جدا,دقة الطلب,متوسطة,synthetic
للاسف حذفوا اضافات وما خصموا قيمتها من الفاتوره ،,دقة الطلب,متوسطة,synthetic
والله طلب الكمبو ناقص الشراب ولا البطاطس.,دقة الطلب,متوسطة,synthetic
طلبت نقانق مع تعديلات معينه يا ليتهم قروها كلها وصلت غلط بدون بطاطس,دقة الطلب,متوسطة,synthetic
كل مره يجيب مطبق بدل كباب حتى اللي ما طلبته يجيبه.,دقة الطلب,متوسطة,synthetic
ينقص دائما وجبة العشاء او رمان او كلاهما,دقة الطلب,متوسطة,synthetic
والله الفاتوره فيها سمبوسه لكن وصلني كرسبي فقط,دقة الطلب,متوسطة,synthetic
بدون تمر مكتوبه بالعربي وبالانجليزي وما اعتمدوها,دقة الطلب,متوسطة,synthetic
اقسم بالله اخطاء في كل طلب.,دقة الطلب,متوسطة,synthetic
طلبت وجبة الغداء مع تعديلات معينه يا ليتهم قروها كلها وصلت غلط بدون بقدونس,دقة الطلب,متوسطة,synthetic
يا اخي طلبت تشيكن سلايدر ووصلني ميلك شيك مو معقول,دقة الطلب,متوسطة,synthetic
المطعم ما يعرف يحضر الطلب صح!!!,دقة الطلب,متوسطة,synthetic
دايم الطلبات تجي ناقصه ودايم نفس المشكله...,دقة الطلب,متوسطة,synthetic
يا جماعه تجربه سيئه جدا الطلب جاني ناقص كلمت خدمه العملاء يقولون ارسل ايميل ارسل ايميل بس ما يردون!!!,دقة الطلب,متوسطة,synthetic
الصراحه كتبت ملاحظه واضحه بدون صوص ثوم لكن ما قروها,دقة الطلب,متوسطة,synthetic
تخيل نسوا ليمون ومكسرات وانا دفعت ثمنها,دقة الطلب,متوسطة,synthetic
صراحه الكمبو فيه ست قطع اشياء وصلني فقط واحد...,دقة الطلب,متوسطة,synthetic
طلبت سلطة فتوش مع تعديلات معينه يا ليتهم قروها كلها وصلت غلط بدون طماطم...,دقة الطلب,متوسطة,synthetic
وجبه مندي وصلت ناقصه المكونات الاضافات غير صحيحه ابدا,دقة الطلب,متوسطة,synthetic
الصراحه وجبه ساندويش لحم وصلت ناقصه المكونات الاضافات غير صحيحه ابدا,دقة الطلب,متوسطة,synthetic
وصلني الطلب وفتحته القيت ان فيه مفطح مو ناجتس اللي طلبته كلمت الدعم بدون فايده,دقة الطلب,متوسطة,synthetic
الصراحه حذفوا اضافات وما خصموا قيمتها من الفاتوره,دقة الطلب,متوسطة,synthetic
بصراحه الكمبو فيه ست قطع اشياء وصلني فقط واحد.,دقة الطلب,متوسطة,synthetic
يا جماعه دفعت ولم اتلق الطلب كامل تواصلت مع الدعم بدون فايده,دقة الطلب,متوسطة,synthetic
وجبه بروستد وصلت ناقصه المكونات الاضافات غير صحيحه ابدا,دقة الطلب,متوسطة,synthetic
الكمبو فيه ثلاث اشياء وصلني فقط واحد,دقة الطلب,متوسطة,synthetic
يا اخي المطعم نسي وجبة العشاء من الطلب وارسل ميني برجر بدلا منه ما اعرف وش يصير في المطبخ,دقة الطلب,متوسطة,synthetic
طلبت كفتة مع تعديلات معينه يا ليتهم قروها كلها وصلت غلط بدون خس,دقة الطلب,متوسطة,synthetic
للاسف اخطاء كل طلب نسوا زيتون ضافوا خل,دقة الطلب,متوسطة,synthetic
ينقص دائما بقلاوه او زيتون او كلاهما,دقة الطلب,متوسطة,synthetic
للاسف اخطاء كل طلب نسوا نعناع ضافوا رمان,دقة الطلب,متوسطة,synthetic
للاسف اخطاء كل طلب نسوا صلصه حلوه ضافوا نعناع,دقة الطلب,متوسطة,synthetic
طلبت بدون عسل لكن وضعوه كثير!!!,دقة الطلب,متوسطة,synthetic
وجبه تكا وصلت ناقصه المكونات الاضافات غير صحيحه ابدا,دقة الطلب,متوسطة,synthetic
وجبه بخاري وصلت ناقصه المكونات الاضافات غير صحيحه ابدا,دقة الطلب,متوسطة,synthetic
للاسف اخطاء كل طلب نسوا بصل ضافوا فلفل حار,دقة الطلب,متوسطة,synthetic
للاسف وصلني الطلب وفتحته القيت ان فيه سندوتش مو عصير برتقال اللي طلبته كلمت الدعم بدون فايده,دقة الطلب,متوسطة,synthetic
اقسم بالله خلطوا الطلبات استلمت طلب جاري ما طلبي,دقة الطلب,متوسطة,synthetic
نسوا ذره وحلاوه وانا دفعت ثمنها...,دقة الطلب,متوسطة,synthetic
يا جماعه طلب الكمبو ناقص الشراب ولا البطاطس ،,دقة الطلب,متوسطة,synthetic
طلبت ورق عنب وجاني وجبة شخص ثاني وش هذا,دقة الطلب,متوسطة,synthetic
للاسف اخطاء كل طلب نسوا زنجبيل ضافوا مشروم,دقة الطلب,متوسطة,synthetic
المطعم نسي مطبق من الطلب وارسل كروسان بدلا منه ما اعرف وش يصير في المطبخ,دقة الطلب,متوسطة,synthetic
order كله غلط وما فيه refund.,دقة الطلب,متوسطة,synthetic
يا اخي الطلب ناقص من زمان نفس المشكله ما تنحل!!!,دقة الطلب,متوسطة,synthetic
بدون ليمون مكتوبه بالعربي وبالانجليزي وما اعتمدوها,دقة الطلب,متوسطة,synthetic
يا جماعه والله ما اطلب منهم بعد طلبي يجي غلط دايما,دقة الطلب,متوسطة,synthetic
اقسم بالله غلط في غلط ،,دقة الطلب,متوسطة,synthetic
كتبت ملاحظه واضحه بدون طحينه لكن ما قروها,دقة الطلب,متوسطة,synthetic
وصلني الطلب وفتحته القيت ان فيه شاورما مو وجبة الاطفال اللي طلبته كلمت الدعم بدون فايده,دقة الطلب,متوسطة,synthetic
الصراحه رفعت تذكره دعم بسبب نقص الطلب ما رد علي احد,دقة الطلب,متوسطة,synthetic
وجبه مقبلات وصلت ناقصه المكونات الاضافات غير صحيحه ابدا,دقة الطلب,متوسطة,synthetic
يا اخي دفعت ولم اتلق الطلب كامل تواصلت مع الدعم بدون فايده,دقة الطلب,متوسطة,synthetic
بدون عسل مكتوبه بالعربي وبالانجليزي وما اعتمدوها,دقة الطلب,متوسطة,synthetic
بدلوا سندوتش بحجم اصغر بدون ما يخبروني,دقة الطلب,متوسطة,synthetic
وصلني الطلب وفتحته القيت ان فيه مكرونه مو مطبق اللي طلبته كلمت الدعم بدون فايده...,دقة الطلب,متوسطة,synthetic
نسوا رمان وصلصه شيدر وانا دفعت ثمنها,دقة الطلب,متوسطة,synthetic
صراحه كل مره اطلب كل مره ينقص شي دايم نفس القصه ما يتعلمون من الاخطاء!!!,دقة الطلب,متوسطة,synthetic
الطلب فيه اربع ايس كريم ناقصه,دقة الطلب,متوسطة,synthetic
الطلب جا ناقص كم مره ما يتعلمون...,دقة الطلب,متوسطة,synthetic
وجبه سندوتش وصلت ناقصه المكونات الاضافات غير صحيحه ابدا,دقة الطلب,متوسطة,synthetic
يا اخي طلبت سمبوسك ووصلني نودلز مو معقول,دقة الطلب,متوسطة,synthetic
يا اخي طلبت مفطح ووصلني تشيكن سلايدر مو معقول,دقة الطلب,متوسطة,synthetic
الصراحه اول الطلب مكتوب عليه بدون صلصة باربكيو لكن وصل مع صلصة باربكيو,دقة الطلب,متوسطة,synthetic
بدلوا وجبة العشاء بصنف مختلف تماما بدون ما يخبروني.,دقة الطلب,متوسطة,synthetic
كتبت ملاحظه واضحه بدون طماطم لكن ما قروها,دقة الطلب,متوسطة,synthetic
بدون عسل مكتوبه بالعربي وبالانجليزي وما اعتمدوها!!!,دقة الطلب,متوسطة,synthetic
كل مره يجيب قهوه عربيه بدل فاهيتا حتى اللي ما طلبته يجيبه,دقة الطلب,متوسطة,synthetic
تخيل كتبت ملاحظه واضحه بدون زنجبيل لكن ما قروها,دقة الطلب,متوسطة,synthetic
المطعم نسي مشاوي من الطلب وارسل بخاري بدلا منه ما اعرف وش يصير في المطبخ,دقة الطلب,متوسطة,synthetic
المطعم نسي طلب الفطور من الطلب وارسل بطاطا مقلية بدلا منه ما اعرف وش يصير في المطبخ,دقة الطلب,متوسطة,synthetic
للاسف اخطاء كل طلب نسوا عسل ضافوا مخلل,دقة الطلب,متوسطة,synthetic
دقه الطلب صفر!!!,دقة الطلب,متوسطة,synthetic
طلبت صياديه مع تعديلات معينه يا ليتهم قروها كلها وصلت غلط بدون خردل,دقة الطلب,متوسطة,synthetic
بدون مايونيز مكتوبه بالعربي وبالانجليزي وما اعتمدوها...,دقة الطلب,متوسطة,synthetic
صراحه طلبي جاء غلط online ولا فيه help من الدعم,دقة الطلب,متوسطة,synthetic
بصراحه طلبت بدون حلاوه لكن وضعوه والله,دقة الطلب,متوسطة,synthetic
الطلب فيه نصف الكميه بوكس دجاج ناقصه,دقة الطلب,متوسطة,synthetic
نسوا سكر ومكسرات وانا دفعت ثمنها,دقة الطلب,متوسطة,synthetic
وصلني الطلب وفتحته القيت ان فيه عصير برتقال مو متبل اللي طلبته كلمت الدعم بدون فايده,دقة الطلب,متوسطة,synthetic
وصلني الطلب وفتحته القيت ان فيه مشاوي مو سلطة سيزر اللي طلبته كلمت الدعم بدون فايده,دقة الطلب,متوسطة,synthetic
يخلطون الطلبات دايما ،,دقة الطلب,متوسطة,synthetic
بدلوا فاهيتا باكل مغاير بدون ما يخبروني,دقة الطلب,متوسطة,synthetic
يخلطون الطلبات دايما...,دقة الطلب,متوسطة,synthetic
الصراحه والله ما اطلب منهم بعد طلبي يجي غلط دايما,دقة الطلب,متوسطة,synthetic
للاسف دقتهم في الطلب سيئه جدا...,دقة الطلب,متوسطة,synthetic
والله بصراحه الطلب جاني غلط تماما لا انصح ابدا,دقة الطلب,متوسطة,synthetic
طلبت فطيره وجاني اكل مغاير وش هذا,دقة الطلب,متوسطة,synthetic
طلبت سمبوسك وجاني نوع اخر من الطعام وش هذا,دقة الطلب,متوسطة,synthetic
الفاتوره فيها بطاطا مقلية لكن وصلني وجبة الاطفال هابي ميل فقط,دقة الطلب,متوسطة,synthetic
بدلوا مقبلات بوجبة بارده بدون ما يخبروني,دقة الطلب,متوسطة,synthetic
صراحه شوفوا يا جماعه الطلب فيه نقص واضح,دقة الطلب,متوسطة,synthetic
تخيل كل طلباتهم غلط في غلط ما اطلب منهم تاني,دقة الطلب,متوسطة,synthetic
وجبه سمبوسك وصلت ناقصه المكونات الاضافات غير صحيحه ابدا.,دقة الطلب,متوسطة,synthetic
يا جماعه كل طلباتهم غلط ،,دقة الطلب,متوسطة,synthetic
صراحه اضافات غير صحيحه ولا تشبه طلبي,دقة الطلب,متوسطة,synthetic
دايم ناقص!!!,دقة الطلب,متوسطة,synthetic
ينقص دائما باستا او زنجبيل او كلاهما,دقة الطلب,متوسطة,synthetic
طلبت بدون مكسرات لكن وضعوه مره مره ،,دقة الطلب,متوسطة,synthetic
الطلب ناقص وما تم تعويضي عنه ،,دقة الطلب,متوسطة,synthetic
للاسف اخطاء كل طلب نسوا بطاطس ضافوا عسل,دقة الطلب,متوسطة,synthetic
المطعم نسي سليق من الطلب وارسل بانكيك بدلا منه ما اعرف وش يصير في المطبخ.,دقة الطلب,متوسطة,synthetic
بدلوا هريسه بطلب نص مفقود بدون ما يخبروني,دقة الطلب,متوسطة,synthetic
الفاتوره فيها تشيكن رول لكن وصلني مكرونه فقط,دقة الطلب,متوسطة,synthetic
الطلب فيه اربع قطع كرسبي ناقصه ،,دقة الطلب,متوسطة,synthetic
الصراحه الطلب فيه اربع قطع ناجتس ناقصه,دقة الطلب,متوسطة,synthetic
الصراحه بدلوا جريش بوجبه بدون مكونات اساسيه بدون ما يخبروني...,دقة الطلب,متوسطة,synthetic
وصلني الطلب وفتحته القيت ان فيه شيش طاووق مو فطيره اللي طلبته كلمت الدعم بدون فايده,دقة الطلب,متوسطة,synthetic
ينقص دائما شاي اخضر او عسل او كلاهما,دقة الطلب,متوسطة,synthetic
صراحه ينقص دائما سمبوسك او كزبرة او كلاهما,دقة الطلب,متوسطة,synthetic
يجيب طلب ثاني مو طلبي...,دقة الطلب,متوسطة,synthetic
وش هذا التطبيق طلبي ناقص نص الاشياء ،,دقة الطلب,متوسطة,synthetic
الطلب فيه اثنين بقلاوه ناقصه.,دقة الطلب,متوسطة,synthetic
بصراحه المطعم نسي ميني برجر من الطلب وارسل كرسبي بدلا منه ما اعرف وش يصير في المطبخ.,دقة الطلب,متوسطة,synthetic
الفاتوره فيها بيتزا لكن وصلني سليق فقط,دقة الطلب,متوسطة,synthetic
اقسم بالله طلبت بدون مايونيز لكن وضعوه يا اخي,دقة الطلب,متوسطة,synthetic
كتبت ملاحظه واضحه بدون بهارات لكن ما قروها,دقة الطلب,متوسطة,synthetic
للاسف طلبت تشيكن رول وجاني اكل غير ناضج وش هذا,دقة الطلب,متوسطة,synthetic
ينقص دائما اوزي او صوص او كلاهما!!!,دقة الطلب,متوسطة,synthetic
المطعم نسي اوزي من الطلب وارسل سلطة سيزر بدلا منه ما اعرف وش يصير في المطبخ...,دقة الطلب,متوسطة,synthetic
الطلب فيه اربع كنافة ناقصه,دقة الطلب,متوسطة,synthetic
بدلوا مندي بما لم اطلبه بدون ما يخبروني.,دقة الطلب,متوسطة,synthetic
اول الطلب مكتوب عليه بدون خردل لكن وصل مع خردل,دقة الطلب,متوسطة,synthetic
وصلني الطلب وفتحته القيت ان فيه مفطح مو صياديه اللي طلبته كلمت الدعم بدون فايده.,دقة الطلب,متوسطة,synthetic
اقسم بالله احيانا كثير تحصل غلطات احنا اللي ندفع ثمنها,دقة الطلب,متوسطة,synthetic
الفاتوره فيها صياديه لكن وصلني ميلك شيك فقط,دقة الطلب,متوسطة,synthetic
للاسف كل طلباتهم غلط.,دقة الطلب,متوسطة,synthetic
ينقص دائما بروستد او صوص او كلاهما,دقة الطلب,متوسطة,synthetic
كل ما اطلب يجي شي غلط ،,دقة الطلب,متوسطة,synthetic
تجربه سيئه جدا الطلب جاني ناقص كلمت خدمه العملاء يقولون ارسل ايميل ارسل ايميل بس ما يردون!!!,دقة الطلب,متوسطة,synthetic
طلب الكمبو ناقص الشراب ولا البطاطس...,دقة الطلب,متوسطة,synthetic
الفاتوره فيها بخاري لكن وصلني كنافة فقط,دقة الطلب,متوسطة,synthetic
الصراحه اضافات غير صحيحه ولا تشبه طلبي...,دقة الطلب,متوسطة,synthetic
قسما نقص الطلب صار عاده دائمه عندهم وفي كل مره يعتذرون فقط,دقة الطلب,متوسطة,synthetic
اقسم بالله طلب فاشل ناقص في كل مره.,دقة الطلب,متوسطة,synthetic
صراحه دقه الطلب صفر,دقة الطلب,متوسطة,synthetic
تخيل دقتهم في الطلب سيئه جدا,دقة الطلب,متوسطة,synthetic
للاسف الطلب مو طلبي,دقة الطلب,متوسطة,synthetic
بدلوا سليق بوجبه محشيه بمكونات لم اطلبها بدون ما يخبروني!!!,دقة الطلب,متوسطة,synthetic
طلبت بوكس دجاج مع تعديلات معينه يا ليتهم قروها كلها وصلت غلط بدون مكسرات.,دقة الطلب,متوسطة,synthetic
تخيل كل ما اطلب يجي شي غلط!!!,دقة الطلب,متوسطة,synthetic
الصراحه طلبي جاء غلط online ولا فيه help من الدعم,دقة الطلب,متوسطة,synthetic
نسوا طماطم وثوم وانا دفعت ثمنها.,دقة الطلب,متوسطة,synthetic
كل مره يجيب شاي اخضر بدل صياديه حتى اللي ما طلبته يجيبه.,دقة الطلب,متوسطة,synthetic
نسوا صوص ثوم وكاتشب وانا دفعت ثمنها.,دقة الطلب,متوسطة,synthetic
كل مره يجيب وجبة الغداء بدل برجر حتى اللي ما طلبته يجيبه,دقة الطلب,متوسطة,synthetic
كل مره يجيب سلطة فتوش بدل سلطة سيزر حتى اللي ما طلبته يجيبه,دقة الطلب,متوسطة,synthetic
كتبت ملاحظه واضحه بدون صلصه شيدر لكن ما قروها,دقة الطلب,متوسطة,synthetic
للاسف اخطاء كل طلب نسوا صلصه شيدر ضافوا كاتشب.,دقة الطلب,متوسطة,synthetic
طلبت بدون زعتر لكن وضعوه ابدا ابدا,دقة الطلب,متوسطة,synthetic
طلبت سمك مشوي مع تعديلات معينه يا ليتهم قروها كلها وصلت غلط بدون نعناع.,دقة الطلب,متوسطة,synthetic
الفاتوره فيها سمبوسك لكن وصلني مرقوق فقط.,دقة الطلب,متوسطة,synthetic
وصلني الطلب وفتحته القيت ان فيه بقلاوه مو نقانق اللي طلبته كلمت الدعم بدون فايده,دقة الطلب,متوسطة,synthetic
المبلغ خصم كامل لكن الطلب فيه نقص واضح ،,دقة الطلب,متوسطة,synthetic
تجربه سيئه جدا الطلب جاني ناقص كلمت خدمه العملاء يقولون ارسل ايميل ارسل ايميل بس ما يردون ،,دقة الطلب,متوسطة,synthetic
بصراحه للاسف اخطاء كل طلب نسوا ثوم ضافوا مشروم,دقة الطلب,متوسطة,synthetic
كل مره اطلب كل مره ينقص شي دايم نفس القصه ما يتعلمون من الاخطاء!!!,دقة الطلب,متوسطة,synthetic
بدلوا وجبة الغداء باكل مغاير بدون ما يخبروني.,دقة الطلب,متوسطة,synthetic
صراحه كل طلباتهم غلط,دقة الطلب,متوسطة,synthetic
الطلب فيه ثلاث متبل ناقصه,دقة الطلب,متوسطة,synthetic
نسوا خس ومكسرات وانا دفعت ثمنها,دقة الطلب,متوسطة,synthetic
طلبت بقلاوه وجاني وجبه بدون مكونات اساسيه وش هذا,دقة الطلب,متوسطة,synthetic
اول الطلب مكتوب عليه بدون شطه لكن وصل مع شطه,دقة الطلب,متوسطة,synthetic
طلبت اربع سمك مشوي استلمت اقل بكثير,دقة الطلب,متوسطة,synthetic
تخيل طلب فاشل ناقص في كل مره,دقة الطلب,متوسطة,synthetic
بدون مكسرات مكتوبه بالعربي وبالانجليزي وما اعتمدوها,دقة الطلب,متوسطة,synthetic
قسما بصراحه الطلب جاني غلط تماما لا انصح ابدا,دقة الطلب,متوسطة,synthetic
وجبه شاورما وصلت ناقصه المكونات الاضافات غير صحيحه ابدا.,دقة الطلب,متوسطة,synthetic
نسوا ليمون وصلصه شيدر وانا دفعت ثمنها.,دقة الطلب,متوسطة,synthetic
الطلب فيه ربع الكميه بطاطا مقلية ناقصه...,دقة الطلب,متوسطة,synthetic
يا جماعه بصراحه الطلب جاني غلط تماما لا انصح ابدا.,دقة الطلب,متوسطة,synthetic
طلبت بدون صوص ثوم لكن وضعوه مره,دقة الطلب,متوسطة,synthetic
شوفوا دايما ناقص دايما غلط,دقة الطلب,متوسطة,synthetic
طلبت نودلز وجاني ما لم اطلبه وش هذا,دقة الطلب,متوسطة,synthetic
بدلوا مفطح باكل غير ناضج بدون ما يخبروني ،,دقة الطلب,متوسطة,synthetic
والله للاسف اخطاء كل طلب نسوا خردل ضافوا بطاطس,دقة الطلب,متوسطة,synthetic
بدون زنجبيل مكتوبه بالعربي وبالانجليزي وما اعتمدوها,دقة الطلب,متوسطة,synthetic
طلبت متبل مع تعديلات معينه يا ليتهم قروها كلها وصلت غلط بدون بهارات,دقة الطلب,متوسطة,synthetic
اول الطلب مكتوب عليه بدون فلفل لكن وصل مع فلفل ،,دقة الطلب,متوسطة,synthetic
يا جماعه الكمبو فيه ربع الكميه اشياء وصلني فقط واحد ،,دقة الطلب,متوسطة,synthetic
يا اخي طلبت زبدية حمص ووصلني كفتة مو معقول,دقة الطلب,متوسطة,synthetic
نسوا زيتون وفلفل وانا دفعت ثمنها.,دقة الطلب,متوسطة,synthetic
بصراحه بصراحه الطلب جاني غلط تماما لا انصح ابدا.,دقة الطلب,متوسطة,synthetic
وجبه سمبوسك وصلت ناقصه المكونات الاضافات غير صحيحه ابدا,دقة الطلب,متوسطة,synthetic
بدون فلفل مكتوبه بالعربي وبالانجليزي وما اعتمدوها,دقة الطلب,متوسطة,synthetic
بدلوا وجبة الغداء بوجبة بارده بدون ما يخبروني,دقة الطلب,متوسطة,synthetic
نسوا زيتون وجبنة وانا دفعت ثمنها,دقة الطلب,متوسطة,synthetic
يا اخي يجيب طلب ثاني مو طلبي.,دقة الطلب,متوسطة,synthetic
بدلوا طلب الفطور بوجبه محشيه بمكونات لم اطلبها بدون ما يخبروني!!!,دقة الطلب,متوسطة,synthetic
والله للاسف اخطاء كل طلب نسوا مشروم ضافوا طماطم,دقة الطلب,متوسطة,synthetic
وصلني الطلب وفتحته القيت ان فيه ساندويش لحم مو مشاوي اللي طلبته كلمت الدعم بدون فايده,دقة الطلب,متوسطة,synthetic
قسما وش هذا التطبيق طلبي ناقص نص الاشياء,دقة الطلب,متوسطة,synthetic
طلبت بدون ذره لكن وضعوه بشكل مبالغ فيه.,دقة الطلب,متوسطة,synthetic
وجبه كبسة وصلت ناقصه المكونات الاضافات غير صحيحه ابدا,دقة الطلب,متوسطة,synthetic
للاسف والله ما اطلب منهم بعد طلبي يجي غلط دايما,دقة الطلب,متوسطة,synthetic
للاسف طلب الكمبو ناقص الشراب ولا البطاطس.,دقة الطلب,متوسطة,synthetic
يا جماعه الطلب جاني ودفعت كامل المبلغ لقيت ان الكميه ناقصه واضافات غير صحيحه,دقة الطلب,متوسطة,synthetic
الطلب فيه اكثر من ثلاث عصير برتقال ناقصه!!!,دقة الطلب,متوسطة,synthetic
بصراحه طلبت طلب الفطور وجاني وجبه محشيه بمكونات لم اطلبها وش هذا,دقة الطلب,متوسطة,synthetic
كل مره يجيب مرقوق بدل سلطة سيزر حتى اللي ما طلبته يجيبه,دقة الطلب,متوسطة,synthetic
طلبت بقلاوه مع تعديلات معينه يا ليتهم قروها كلها وصلت غلط بدون كريمة,دقة الطلب,متوسطة,synthetic
يا اخي الكاشير او المطبخ كلهم غلط.,دقة الطلب,متوسطة,synthetic
للاسف اخطاء كل طلب نسوا حلاوه ضافوا تمر...,دقة الطلب,متوسطة,synthetic
للاسف اخطاء كل طلب نسوا سكر ضافوا كاتشب,دقة الطلب,متوسطة,synthetic
يا جماعه بدلوا مفطح بطلب لشخص اخر بدون ما يخبروني,دقة الطلب,متوسطة,synthetic
طلبت معجنات مع تعديلات معينه يا ليتهم قروها كلها وصلت غلط بدون مكسرات,دقة الطلب,متوسطة,synthetic
شوفوا المطعم نسي اوزي من الطلب وارسل فاهيتا بدلا منه ما اعرف وش يصير في المطبخ,دقة الطلب,متوسطة,synthetic
الصراحه اول الطلب مكتوب عليه بدون صلصه شيدر لكن وصل مع صلصه شيدر!!!,دقة الطلب,متوسطة,synthetic
للاسف اخطاء كل طلب نسوا تمر ضافوا خس,دقة الطلب,متوسطة,synthetic
للاسف طلب الكمبو ناقص الشراب ولا البطاطس...,دقة الطلب,متوسطة,synthetic
يا جماعه دايما ناقص دايما غلط,دقة الطلب,متوسطة,synthetic
اخطاء في كل طلب...,دقة الطلب,متوسطة,synthetic
طلبت طلب الفطور وجاني وجبة قديمه وش هذا.,دقة الطلب,متوسطة,synthetic
للاسف order كله غلط وما فيه refund,دقة الطلب,متوسطة,synthetic
ينقص دائما سلطة سيزر او رمان او كلاهما.,دقة الطلب,متوسطة,synthetic
والله طلبي جاء غلط online ولا فيه help من الدعم,دقة الطلب,متوسطة,synthetic
بصراحه الطلب جا ناقص كم مره ما يتعلمون,دقة الطلب,متوسطة,synthetic
ينقص دائما ميني برجر او زنجبيل او كلاهما...,دقة الطلب,متوسطة,synthetic
طلبت ايس كريم وجاني صنف مختلف تماما وش هذا.,دقة الطلب,متوسطة,synthetic
الصراحه الباركود يوضح الطلب بس المطعم تجاهله,دقة الطلب,متوسطة,synthetic
طلبت وجبة عائلية مع تعديلات معينه يا ليتهم قروها كلها وصلت غلط بدون حلاوه!!!,دقة الطلب,متوسطة,synthetic
يا اخي طلبت تشيكن رول ووصلني نقانق مو معقول.,دقة الطلب,متوسطة,synthetic
والله وصلني الطلب وفتحته القيت ان فيه مشاوي مو وجبة الغداء اللي طلبته كلمت الدعم بدون فايده.,دقة الطلب,متوسطة,synthetic
يا اخي طلبت تشيكن رول ووصلني كبسة مو معقول,دقة الطلب,متوسطة,synthetic
شوفوا كل ما اطلب يوصلني شي غلط او ناقص,دقة الطلب,متوسطة,synthetic
طلب الكمبو ناقص الشراب ولا البطاطس ،,دقة الطلب,متوسطة,synthetic
حذفوا اضافات وما خصموا قيمتها من الفاتوره ،,دقة الطلب,متوسطة,synthetic
طلبت متبل مع تعديلات معينه يا ليتهم قروها كلها وصلت غلط بدون حلاوه,دقة الطلب,متوسطة,synthetic
دقتهم في الطلب سيئه جدا!!!,دقة الطلب,متوسطة,synthetic
الصراحه ينقص دائما كروسان او سكر او كلاهما,دقة الطلب,متوسطة,synthetic
يا جماعه يجيب طلب ثاني مو طلبي.,دقة الطلب,متوسطة,synthetic
بصراحه دقه الطلب صفر,دقة الطلب,متوسطة,synthetic
طلبت مفطح وجاني صنف بسعر اعلى وش هذا,دقة الطلب,متوسطة,synthetic
نسوا كاتشب وصوص وانا دفعت ثمنها.,دقة الطلب,متوسطة,synthetic
الطلب فيه خمس طلب الفطور ناقصه,دقة الطلب,متوسطة,synthetic
الكمبو فيه اكثر من ثلاث اشياء وصلني فقط واحد.,دقة الطلب,متوسطة,synthetic
طلبت بيتزا وجاني نسخه غير صحيحه من الطلب وش هذا ،,دقة الطلب,متوسطة,synthetic
للاسف اخطاء كل طلب نسوا زيتون ضافوا فلفل حار,دقة الطلب,متوسطة,synthetic
طلبت بدون ذره لكن وضعوه يا اخي...,دقة الطلب,متوسطة,synthetic
طلبت وجبة دجاج وجاني نوع اخر من الطعام وش هذا,دقة الطلب,متوسطة,synthetic
ينقص دائما سوشي او مايونيز او كلاهما,دقة الطلب,متوسطة,synthetic
يا جماعه دايم ناقص,دقة الطلب,متوسطة,synthetic
شوفوا والله ما اطلب منهم بعد طلبي يجي غلط دايما,دقة الطلب,متوسطة,synthetic
وجبه شيش طاووق وصلت ناقصه المكونات الاضافات غير صحيحه ابدا,دقة الطلب,متوسطة,synthetic
ينقص دائما نقانق او كريمة او كلاهما!!!,دقة الطلب,متوسطة,synthetic
للاسف اخطاء كل طلب نسوا مايونيز ضافوا صلصة حارة,دقة الطلب,متوسطة,synthetic
كل مره يجيب سلطة فتوش بدل برجر حتى اللي ما طلبته يجيبه.,دقة الطلب,متوسطة,synthetic
وصلني الطلب وفتحته القيت ان فيه بخاري مو سمك مشوي اللي طلبته كلمت الدعم بدون فايده...,دقة الطلب,متوسطة,synthetic
طلبت خمس معجنات استلمت اقل بكثير.,دقة الطلب,متوسطة,synthetic
بدلوا كبسة بوجبه محشيه بمكونات لم اطلبها بدون ما يخبروني,دقة الطلب,متوسطة,synthetic
وجبه تشيكن سلايدر وصلت ناقصه المكونات الاضافات غير صحيحه ابدا,دقة الطلب,متوسطة,synthetic
شوفوا طلبي جاء غلط online ولا فيه help من الدعم,دقة الطلب,متوسطة,synthetic
اول الطلب مكتوب عليه بدون زيتون لكن وصل مع زيتون,دقة الطلب,متوسطة,synthetic
وجبه شاي اخضر وصلت ناقصه المكونات الاضافات غير صحيحه ابدا,دقة الطلب,متوسطة,synthetic
يا جماعه كل طلباتهم غلط.,دقة الطلب,متوسطة,synthetic
طلبت بدون صلصه شيدر لكن وضعوه جدا جدا,دقة الطلب,متوسطة,synthetic
والله order كله غلط وما فيه refund...,دقة الطلب,متوسطة,synthetic
يا جماعه المطعم نسي كولا من الطلب وارسل شيش طاووق بدلا منه ما اعرف وش يصير في المطبخ,دقة الطلب,متوسطة,synthetic
بدلوا وجبة الغداء بوجبه بدون مكونات اساسيه بدون ما يخبروني ،,دقة الطلب,متوسطة,synthetic
الفاتوره فيها بروستد لكن وصلني ساندويش لحم فقط.,دقة الطلب,متوسطة,synthetic
شوفوا دايم الطلبات تجي ناقصه ودايم نفس المشكله,دقة الطلب,متوسطة,synthetic
اقسم بالله اول الطلب مكتوب عليه بدون صلصه حلوه لكن وصل مع صلصه حلوه.,دقة الطلب,متوسطة,synthetic
المطعم نسي مكرونه من الطلب وارسل نقانق بدلا منه ما اعرف وش يصير في المطبخ,دقة الطلب,متوسطة,synthetic
وصلني الطلب وفتحته القيت ان فيه بوكس دجاج مو ناجتس اللي طلبته كلمت الدعم بدون فايده,دقة الطلب,متوسطة,synthetic
اقسم بالله الطلب ناقص وما تم تعويضي عنه,دقة الطلب,متوسطة,synthetic
طلبت اربع قطع متبل استلمت اقل بكثير.,دقة الطلب,متوسطة,synthetic
شوفوا رفعت تذكره دعم بسبب نقص الطلب ما رد علي احد,دقة الطلب,متوسطة,synthetic
كل مره يجيب اوزي بدل فلافل حتى اللي ما طلبته يجيبه,دقة الطلب,متوسطة,synthetic
يا اخي طلبت وجبة الاطفال ووصلني وجبة عائلية مو معقول,دقة الطلب,متوسطة,synthetic
بدون صوص ثوم مكتوبه بالعربي وبالانجليزي وما اعتمدوها,دقة الطلب,متوسطة,synthetic
يا اخي طلبت سمبوسك ووصلني هريسه مو معقول.,دقة الطلب,متوسطة,synthetic
كل مره يجيب نودلز بدل زبدية حمص حتى اللي ما طلبته يجيبه,دقة الطلب,متوسطة,synthetic
الصراحه يا اخي الطلب ناقص من زمان نفس المشكله ما تنحل,دقة الطلب,متوسطة,synthetic
الطلب غلط دائما ،,دقة الطلب,متوسطة,synthetic
نسوا صلصة باربكيو وخس وانا دفعت ثمنها,دقة الطلب,متوسطة,synthetic
الطلب فيه اكثر من ثلاث سلطة سيزر ناقصه,دقة الطلب,متوسطة,synthetic
يا اخي كل ما اطلب يجي شي غلط.,دقة الطلب,متوسطة,synthetic
للاسف اخطاء كل طلب نسوا ملح ضافوا طحينه,دقة الطلب,متوسطة,synthetic
اقسم بالله والله ما اطلب منهم بعد طلبي يجي غلط دايما ،,دقة الطلب,متوسطة,synthetic
الفاتوره فيها بيتزا لكن وصلني شاي اخضر فقط,دقة الطلب,متوسطة,synthetic
للاسف اخطاء كل طلب نسوا طحينه ضافوا خس,دقة الطلب,متوسطة,synthetic
نسوا نعناع ونعناع وانا دفعت ثمنها,دقة الطلب,متوسطة,synthetic
تخيل الكمبو فيه ربع الكميه اشياء وصلني فقط واحد.,دقة الطلب,متوسطة,synthetic
اول الطلب مكتوب عليه بدون خل لكن وصل مع خل,دقة الطلب,متوسطة,synthetic
الصراحه الباركود يوضح الطلب بس المطعم تجاهله ،,دقة الطلب,متوسطة,synthetic
الصراحه خلطوا الطلبات استلمت طلب جاري ما طلبي,دقة الطلب,متوسطة,synthetic
بصراحه الطلب مو طلبي,دقة الطلب,متوسطة,synthetic
ينقص دائما ناجتس او مايونيز او كلاهما...,دقة الطلب,متوسطة,synthetic
تخيل دايما ناقص دايما غلط ،,دقة الطلب,متوسطة,synthetic
بدلوا نودلز بصنف ليس على القائمه بدون ما يخبروني,دقة الطلب,متوسطة,synthetic
المطعم نسي طلب الفطور من الطلب وارسل سلطة سيزر بدلا منه ما اعرف وش يصير في المطبخ,دقة الطلب,متوسطة,synthetic
المطعم نسي وجبة العشاء من الطلب وارسل شيش طاووق بدلا منه ما اعرف وش يصير في المطبخ,دقة الطلب,متوسطة,synthetic
يا اخي طلبت بيتزا ووصلني شوربه عدس مو معقول,دقة الطلب,متوسطة,synthetic
والله وصلني الطلب وفتحته القيت ان فيه ميني برجر مو مرقوق اللي طلبته كلمت الدعم بدون فايده,دقة الطلب,متوسطة,synthetic
والله نسوا ملح وصلصة بشاميل وانا دفعت ثمنها.,دقة الطلب,متوسطة,synthetic
يا جماعه طلبت شاي اخضر وجاني وجبه محشيه بمكونات لم اطلبها وش هذا,دقة الطلب,متوسطة,synthetic
الطلب فيه ربع الكميه ميني برجر ناقصه ،,دقة الطلب,متوسطة,synthetic
يا اخي طلبت بطاطا مقلية ووصلني نقانق مو معقول,دقة الطلب,متوسطة,synthetic
تخيل بدلوا كولا بنسخه غير صحيحه من الطلب بدون ما يخبروني,دقة الطلب,متوسطة,synthetic
طلبي جاء غلط online ولا فيه help من الدعم!!!,دقة الطلب,متوسطة,synthetic
الطلب فيه ست قطع طلب الفطور ناقصه.,دقة الطلب,متوسطة,synthetic
تخيل order كله غلط وما فيه refund,دقة الطلب,متوسطة,synthetic
الفاتوره فيها بيتزا لكن وصلني سندوتش فقط,دقة الطلب,متوسطة,synthetic
طلبت بدون صلصه شيدر لكن وضعوه مره,دقة الطلب,متوسطة,synthetic
والله المبلغ خصم كامل لكن الطلب فيه نقص واضح ،,دقة الطلب,متوسطة,synthetic
طلبت نصف الكميه مشكل خضار استلمت اقل بكثير,دقة الطلب,متوسطة,synthetic
الباركود يوضح الطلب بس المطعم تجاهله ،,دقة الطلب,متوسطة,synthetic
للاسف كل مره اطلب كل مره ينقص شي دايم نفس القصه ما يتعلمون من الاخطاء.,دقة الطلب,متوسطة,synthetic
طلبت مكرونه مع تعديلات معينه يا ليتهم قروها كلها وصلت غلط بدون بطاطس,دقة الطلب,متوسطة,synthetic
الصراحه اخطاء كثيره في كل طلب,دقة الطلب,متوسطة,synthetic
بصراحه كتبت ملاحظه واضحه بدون خبز لكن ما قروها!!!,دقة الطلب,متوسطة,synthetic
تخيل وجبه سلطة سيزر وصلت ناقصه المكونات الاضافات غير صحيحه ابدا.,دقة الطلب,متوسطة,synthetic
قسما وش هذا التطبيق طلبي ناقص نص الاشياء...,دقة الطلب,متوسطة,synthetic
وجبه سلطة فتوش وصلت ناقصه المكونات الاضافات غير صحيحه ابدا,دقة الطلب,متوسطة,synthetic
وجبه مفطح وصلت ناقصه المكونات الاضافات غير صحيحه ابدا,دقة الطلب,متوسطة,synthetic
بدون طماطم مكتوبه بالعربي وبالانجليزي وما اعتمدوها,دقة الطلب,متوسطة,synthetic
شوفوا طلب فاشل ناقص في كل مره,دقة الطلب,متوسطة,synthetic
اقسم بالله اخطاء كثيره في كل طلب,دقة الطلب,متوسطة,synthetic
طلبت وحده تشيكن رول استلمت اقل بكثير,دقة الطلب,متوسطة,synthetic
وصلني الطلب وفتحته القيت ان فيه فاهيتا مو كنافة اللي طلبته كلمت الدعم بدون فايده,دقة الطلب,متوسطة,synthetic
وصلني الطلب وفتحته القيت ان فيه سلطة سيزر مو بيتزا اللي طلبته كلمت الدعم بدون فايده,دقة الطلب,متوسطة,synthetic
تخيل وجبه ناقصه ،,دقة الطلب,متوسطة,synthetic
للاسف اخطاء كل طلب نسوا صلصة حارة ضافوا زيتون,دقة الطلب,متوسطة,synthetic
الصراحه اخطاء كثيره في كل طلب.,دقة الطلب,متوسطة,synthetic
للاسف حذفوا اضافات وما خصموا قيمتها من الفاتوره,دقة الطلب,متوسطة,synthetic
تخيل كل طلباتهم غلط,دقة الطلب,متوسطة,synthetic
نسوا مكسرات وصلصه حلوه وانا دفعت ثمنها,دقة الطلب,متوسطة,synthetic
نسوا عسل وصوص وانا دفعت ثمنها ،,دقة الطلب,متوسطة,synthetic
شوفوا كل طلباتهم غلط,دقة الطلب,متوسطة,synthetic
اقسم بالله اخطاء كثيره في كل طلب.,دقة الطلب,متوسطة,synthetic
شوفوا الطلب جا ناقص كم مره ما يتعلمون,دقة الطلب,متوسطة,synthetic
اول الطلب مكتوب عليه بدون تمر لكن وصل مع تمر,دقة الطلب,متوسطة,synthetic
الطلب فيه ربع الكميه وجبة الغداء ناقصه,دقة الطلب,متوسطة,synthetic
للاسف اخطاء كل طلب نسوا خبز ضافوا تمر.,دقة الطلب,متوسطة,synthetic
المطعم نسي كفتة من الطلب وارسل طلب الفطور بدلا منه ما اعرف وش يصير في المطبخ ،,دقة الطلب,متوسطة,synthetic
صراحه كل طلباتهم غلط في غلط ما اطلب منهم تاني,دقة الطلب,متوسطة,synthetic
تخيل بدون مخلل مكتوبه بالعربي وبالانجليزي وما اعتمدوها!!!,دقة الطلب,متوسطة,synthetic
يا اخي طلبت مشكل خضار مع تعديلات معينه يا ليتهم قروها كلها وصلت غلط بدون مايونيز ،,دقة الطلب,متوسطة,synthetic
يا اخي بصراحه الطلب جاني غلط تماما لا انصح ابدا,دقة الطلب,متوسطة,synthetic
الكمبو فيه نصف الكميه اشياء وصلني فقط واحد ،,دقة الطلب,متوسطة,synthetic
الصراحه كل ما اطلب يوصلني شي غلط او ناقص,دقة الطلب,متوسطة,synthetic
وجبه جريش وصلت ناقصه المكونات الاضافات غير صحيحه ابدا,دقة الطلب,متوسطة,synthetic
بدلوا شاي اخضر بنوع اخر من الطعام بدون ما يخبروني.,دقة الطلب,متوسطة,synthetic
يا اخي والله ما اطلب منهم بعد طلبي يجي غلط دايما...,دقة الطلب,متوسطة,synthetic
نسوا جبنة وخبز وانا دفعت ثمنها,دقة الطلب,متوسطة,synthetic
للاسف كتبت ملاحظه واضحه بدون شطه لكن ما قروها,دقة الطلب,متوسطة,synthetic
طلبت ست قطع شاورما استلمت اقل بكثير,دقة الطلب,متوسطة,synthetic
يا اخي طلبت فطيره ووصلني بانكيك مو معقول,دقة الطلب,متوسطة,synthetic
المطعم نسي وجبة الاطفال هابي ميل من الطلب وارسل سوشي بدلا منه ما اعرف وش يصير في المطبخ,دقة الطلب,متوسطة,synthetic
طلبت مرقوق مع تعديلات معينه يا ليتهم قروها كلها وصلت غلط بدون زبدة,دقة الطلب,متوسطة,synthetic
بصراحه الطلب غلط دائما,دقة الطلب,متوسطة,synthetic
صراحه الكمبو فيه اثنين اشياء وصلني فقط واحد,دقة الطلب,متوسطة,synthetic
بصراحه طلبي جاء غلط online ولا فيه help من الدعم!!!,دقة الطلب,متوسطة,synthetic
للاسف اخطاء كل طلب نسوا زيتون ضافوا رمان,دقة الطلب,متوسطة,synthetic
قسما كل ما اطلب يجي شي غلط,دقة الطلب,متوسطة,synthetic
طلبت بدون خس لكن وضعوه مرره,دقة الطلب,متوسطة,synthetic
order كله غلط وما فيه refund...,دقة الطلب,متوسطة,synthetic
اقسم بالله المبلغ خصم كامل لكن الطلب فيه نقص واضح.,دقة الطلب,متوسطة,synthetic
الطلب مو طلبي!!!,دقة الطلب,متوسطة,synthetic
طلبت فطيره وجاني وجبة شخص ثاني وش هذا,دقة الطلب,متوسطة,synthetic
والله ما اطلب منهم بعد طلبي يجي غلط دايما.,دقة الطلب,متوسطة,synthetic
الطلب فيه اثنين شاورما ناقصه ،,دقة الطلب,متوسطة,synthetic
يا جماعه الفاتوره فيها هريسه لكن وصلني ميني برجر فقط,دقة الطلب,متوسطة,synthetic
للاسف اخطاء كل طلب نسوا صلصة باربكيو ضافوا خس...,دقة الطلب,متوسطة,synthetic
طلبت خمس ايس كريم استلمت اقل بكثير.,دقة الطلب,متوسطة,synthetic
اقسم بالله الطلب فيه وحده باستا ناقصه,دقة الطلب,متوسطة,synthetic
طلبت عصير برتقال مع تعديلات معينه يا ليتهم قروها كلها وصلت غلط بدون ليمون,دقة الطلب,متوسطة,synthetic
طلبت سمبوسه مع تعديلات معينه يا ليتهم قروها كلها وصلت غلط بدون كاتشب.,دقة الطلب,متوسطة,synthetic
كل مره يجيب مندي بدل كباب حتى اللي ما طلبته يجيبه,دقة الطلب,متوسطة,synthetic
بدون خردل مكتوبه بالعربي وبالانجليزي وما اعتمدوها.,دقة الطلب,متوسطة,synthetic
الصراحه طلبت بدون سكر لكن وضعوه مرره.,دقة الطلب,متوسطة,synthetic
طلبت بيتزا وجاني اكل لشخص ثاني تماما وش هذا.,دقة الطلب,متوسطة,synthetic
وصلني الطلب وفتحته القيت ان فيه فلافل مو سمبوسه اللي طلبته كلمت الدعم بدون فايده.,دقة الطلب,متوسطة,synthetic
اقسم بالله الكاشير او المطبخ كلهم غلط.,دقة الطلب,متوسطة,synthetic
وجبه بطاطا مقلية وصلت ناقصه المكونات الاضافات غير صحيحه ابدا.,دقة الطلب,متوسطة,synthetic
ينقص دائما كروسان او صوص ثوم او كلاهما,دقة الطلب,متوسطة,synthetic
يا جماعه طلبت بدون طماطم لكن وضعوه والله,دقة الطلب,متوسطة,synthetic
بدلوا كنافة بوجبة شخص ثاني بدون ما يخبروني,دقة الطلب,متوسطة,synthetic
المطعم نسي سمبوسك من الطلب وارسل تشيكن رول بدلا منه ما اعرف وش يصير في المطبخ ،,دقة الطلب,متوسطة,synthetic
الصراحه نسوا زيتون وزعتر وانا دفعت ثمنها,دقة الطلب,متوسطة,synthetic
طلبت كرسبي وجاني صنف بسعر اعلى وش هذا,دقة الطلب,متوسطة,synthetic
بدلوا مطبق بوجبه ناقصه نصها بدون ما يخبروني,دقة الطلب,متوسطة,synthetic
بدلوا سندوتش بصنف بسعر اعلى بدون ما يخبروني,دقة الطلب,متوسطة,synthetic
بدلوا بقلاوه بوجبه ناقصه نصها بدون ما يخبروني,دقة الطلب,متوسطة,synthetic
طلبت نصف الكميه ورق عنب استلمت اقل بكثير,دقة الطلب,متوسطة,synthetic
بدون رمان مكتوبه بالعربي وبالانجليزي وما اعتمدوها,دقة الطلب,متوسطة,synthetic
كل مره يجيب بخاري بدل كولا حتى اللي ما طلبته يجيبه.,دقة الطلب,متوسطة,synthetic
اضافات غير صحيحه ولا تشبه طلبي...,دقة الطلب,متوسطة,synthetic
طلبت اربع قطع مطبق استلمت اقل بكثير,دقة الطلب,متوسطة,synthetic
للاسف طلب الكمبو ناقص الشراب ولا البطاطس,دقة الطلب,متوسطة,synthetic
للاسف كل order يجي ناقص نفس الشي.,دقة الطلب,متوسطة,synthetic
الصراحه للاسف اصبح تطبيق فاشل لا يوضح طلبات العميل اما يوصل ناقص او غير المطلوب,دقة الطلب,متوسطة,synthetic
يا جماعه الطلب ناقص وما تم تعويضي عنه ،,دقة الطلب,متوسطة,synthetic
بدون خردل مكتوبه بالعربي وبالانجليزي وما اعتمدوها ،,دقة الطلب,متوسطة,synthetic
الفاتوره فيها وجبة العشاء لكن وصلني سمك مشوي فقط.,دقة الطلب,متوسطة,synthetic
الكمبو فيه اثنين اشياء وصلني فقط واحد,دقة الطلب,متوسطة,synthetic
والله كل مره اطلب كل مره ينقص شي دايم نفس القصه ما يتعلمون من الاخطاء ،,دقة الطلب,متوسطة,synthetic
والله ما اطلب منهم بعد طلبي يجي غلط دايما...,دقة الطلب,متوسطة,synthetic
بصراحه طلبت طلب الفطور مع تعديلات معينه يا ليتهم قروها كلها وصلت غلط بدون صلصه شيدر,دقة الطلب,متوسطة,synthetic
تخيل دقه الطلب صفر,دقة الطلب,متوسطة,synthetic
والله اخطاء في كل طلب ،,دقة الطلب,متوسطة,synthetic
بدلوا ميني برجر بصنف بسعر اعلى بدون ما يخبروني,دقة الطلب,متوسطة,synthetic
ينقص دائما بقلاوه او بطاطس او كلاهما.,دقة الطلب,متوسطة,synthetic
قسما طلبي يحتوي على ثلاث وجبات وصلني وجبتين!!!,دقة الطلب,متوسطة,synthetic
الصراحه order كله غلط وما فيه refund.,دقة الطلب,متوسطة,synthetic
بدون زيتون مكتوبه بالعربي وبالانجليزي وما اعتمدوها.,دقة الطلب,متوسطة,synthetic
تخيل اخطاء في كل طلب ،,دقة الطلب,متوسطة,synthetic
ينقص دائما اوزي او بطاطس او كلاهما,دقة الطلب,متوسطة,synthetic
الفاتوره فيها سلطة فتوش لكن وصلني وجبة الاطفال هابي ميل فقط ،,دقة الطلب,متوسطة,synthetic
شوفوا اضافات غير صحيحه ولا تشبه طلبي...,دقة الطلب,متوسطة,synthetic
يا اخي طلبت كنافة ووصلني سندوتش مو معقول,دقة الطلب,متوسطة,synthetic
طلبت ربع الكميه شاي اخضر استلمت اقل بكثير,دقة الطلب,متوسطة,synthetic
طلبت وحده قهوه عربيه استلمت اقل بكثير ،,دقة الطلب,متوسطة,synthetic
تخيل يا اخي طلبت تكا ووصلني بروستد مو معقول,دقة الطلب,متوسطة,synthetic
اقسم بالله طلب الكمبو ناقص الشراب ولا البطاطس!!!,دقة الطلب,متوسطة,synthetic
طلبت خمس نودلز استلمت اقل بكثير ،,دقة الطلب,متوسطة,synthetic
الطلب ناقص وما تم تعويضي عنه...,دقة الطلب,متوسطة,synthetic
للاسف اخطاء كل طلب نسوا صلصه شيدر ضافوا زنجبيل,دقة الطلب,متوسطة,synthetic
للاسف اخطاء كل طلب نسوا خل ضافوا نعناع,دقة الطلب,متوسطة,synthetic
طلبت برجر مع تعديلات معينه يا ليتهم قروها كلها وصلت غلط بدون رمان,دقة الطلب,متوسطة,synthetic
الطلب فيه خمس سلطة فتوش ناقصه,دقة الطلب,متوسطة,synthetic
شوفوا كل ما اطلب يجي شي غلط,دقة الطلب,متوسطة,synthetic
ينقص دائما سمبوسه او ملح او كلاهما,دقة الطلب,متوسطة,synthetic
طلبت بدون بهارات لكن وضعوه كثير كثير,دقة الطلب,متوسطة,synthetic
وجبه وجبة الاطفال وصلت ناقصه المكونات الاضافات غير صحيحه ابدا,دقة الطلب,متوسطة,synthetic
تخيل كتبت ملاحظه واضحه بدون صوص ثوم لكن ما قروها,دقة الطلب,متوسطة,synthetic
اقسم بالله طلب الكمبو ناقص الشراب ولا البطاطس,دقة الطلب,متوسطة,synthetic
طلبت اكثر من ثلاث قهوه عربيه استلمت اقل بكثير,دقة الطلب,متوسطة,synthetic
تخيل للاسف اخطاء كل طلب نسوا صلصه شيدر ضافوا مايونيز,دقة الطلب,متوسطة,synthetic
دايم ناقص ،,دقة الطلب,متوسطة,synthetic
طلبت بدون كزبرة لكن وضعوه يا اخي,دقة الطلب,متوسطة,synthetic
وجبه بوكس دجاج وصلت ناقصه المكونات الاضافات غير صحيحه ابدا,دقة الطلب,متوسطة,synthetic
وصلني الطلب وفتحته القيت ان فيه مطبق مو مشاوي اللي طلبته كلمت الدعم بدون فايده!!!,دقة الطلب,متوسطة,synthetic
كل مره يجيب تكا بدل ايس كريم حتى اللي ما طلبته يجيبه,دقة الطلب,متوسطة,synthetic
شوفوا يخلطون الطلبات دايما,دقة الطلب,متوسطة,synthetic
طلبت مفطح مع تعديلات معينه يا ليتهم قروها كلها وصلت غلط بدون جبنة,دقة الطلب,متوسطة,synthetic
للاسف اخطاء كل طلب نسوا خبز ضافوا مخلل,دقة الطلب,متوسطة,synthetic
نسوا كريمة وبصل وانا دفعت ثمنها,دقة الطلب,متوسطة,synthetic
كتبت ملاحظه واضحه بدون مايونيز لكن ما قروها,دقة الطلب,متوسطة,synthetic
احيانا كثير تحصل غلطات احنا اللي ندفع ثمنها!!!,دقة الطلب,متوسطة,synthetic
طلبت ورق عنب مع تعديلات معينه يا ليتهم قروها كلها وصلت غلط بدون صلصة باربكيو,دقة الطلب,متوسطة,synthetic
والله الطلب جاني ودفعت كامل المبلغ لقيت ان الكميه ناقصه واضافات غير صحيحه,دقة الطلب,متوسطة,synthetic
طلبت بدون خردل لكن وضعوه مره,دقة الطلب,متوسطة,synthetic
طلبت متبل مع تعديلات معينه يا ليتهم قروها كلها وصلت غلط بدون شطه,دقة الطلب,متوسطة,synthetic
بدلوا مطبق بصنف اخر مو طلبي بدون ما يخبروني...,دقة الطلب,متوسطة,synthetic
المطعم نسي ميني برجر من الطلب وارسل ايس كريم بدلا منه ما اعرف وش يصير في المطبخ...,دقة الطلب,متوسطة,synthetic
يا جماعه خلطوا الطلبات استلمت طلب جاري ما طلبي,دقة الطلب,متوسطة,synthetic
قسما دايم ناقص.,دقة الطلب,متوسطة,synthetic
طلبت شوربه عدس وجاني وجبة منتهية الصلاحيه وش هذا,دقة الطلب,متوسطة,synthetic
بصراحه دايم الطلبات تجي ناقصه ودايم نفس المشكله,دقة الطلب,متوسطة,synthetic
طلبت اربع قطع متبل استلمت اقل بكثير,دقة الطلب,متوسطة,synthetic
بدلوا مطبق بوجبة شخص ثاني بدون ما يخبروني,دقة الطلب,متوسطة,synthetic
والله order كله غلط وما فيه refund ،,دقة الطلب,متوسطة,synthetic
قسما دقتهم في الطلب سيئه جدا,دقة الطلب,متوسطة,synthetic
صراحه دفعت ولم اتلق الطلب كامل تواصلت مع الدعم بدون فايده,دقة الطلب,متوسطة,synthetic
بصراحه طلبت بدون شطه لكن وضعوه ابدا ابدا!!!,دقة الطلب,متوسطة,synthetic
ينقص دائما نودلز او صلصة بشاميل او كلاهما.,دقة الطلب,متوسطة,synthetic
تخيل اضافات غير صحيحه ولا تشبه طلبي,دقة الطلب,متوسطة,synthetic
يا اخي طلبت جريش وجاني اكل لشخص ثاني تماما وش هذا,دقة الطلب,متوسطة,synthetic
الطلب فيه اربع قطع برجر ناقصه ،,دقة الطلب,متوسطة,synthetic
طلبت اربع قطع اوزي استلمت اقل بكثير!!!,دقة الطلب,متوسطة,synthetic
طلبت سلطة فتوش مع تعديلات معينه يا ليتهم قروها كلها وصلت غلط بدون مايونيز,دقة الطلب,متوسطة,synthetic
الفاتوره فيها سلطة فتوش لكن وصلني شاي اخضر فقط.,دقة الطلب,متوسطة,synthetic
نسوا مخلل وصلصه حلوه وانا دفعت ثمنها,دقة الطلب,متوسطة,synthetic
طلبت بدون صلصة طماطم لكن وضعوه جدا جدا,دقة الطلب,متوسطة,synthetic
يا اخي اخطاء كثيره في كل طلب ،,دقة الطلب,متوسطة,synthetic
ينقص دائما سلطة فتوش او بصل او كلاهما,دقة الطلب,متوسطة,synthetic
قسما طلبت ايس كريم مع تعديلات معينه يا ليتهم قروها كلها وصلت غلط بدون طماطم,دقة الطلب,متوسطة,synthetic
للاسف دقتهم في الطلب سيئه جدا,دقة الطلب,متوسطة,synthetic
طلبت بدون مشروم لكن وضعوه مره,دقة الطلب,متوسطة,synthetic
الطلب فيه ربع الكميه كفتة ناقصه.,دقة الطلب,متوسطة,synthetic
كل مره يجيب ورق عنب بدل نودلز حتى اللي ما طلبته يجيبه,دقة الطلب,متوسطة,synthetic
طلبت ربع الكميه عصير برتقال استلمت اقل بكثير,دقة الطلب,متوسطة,synthetic
بدلوا بطاطا مقلية بوجبة قديمه بدون ما يخبروني!!!,دقة الطلب,متوسطة,synthetic
طلبت نودلز مع تعديلات معينه يا ليتهم قروها كلها وصلت غلط بدون زنجبيل ،,دقة الطلب,متوسطة,synthetic
قسما طلب الكمبو ناقص الشراب ولا البطاطس,دقة الطلب,متوسطة,synthetic
يا اخي دقتهم في الطلب سيئه جدا,دقة الطلب,متوسطة,synthetic
والله دقتهم في الطلب سيئه جدا,دقة الطلب,متوسطة,synthetic
يا اخي ينقص دائما مقبلات او فلفل او كلاهما,دقة الطلب,متوسطة,synthetic
المطعم نسي ايس كريم من الطلب وارسل سوشي بدلا منه ما اعرف وش يصير في المطبخ!!!,دقة الطلب,متوسطة,synthetic
وصلني الطلب وفتحته القيت ان فيه تشيكن سلايدر مو سمبوسك اللي طلبته كلمت الدعم بدون فايده,دقة الطلب,متوسطة,synthetic
يا اخي كل order يجي ناقص نفس الشي!!!,دقة الطلب,متوسطة,synthetic
الكمبو فيه ثلاث اشياء وصلني فقط واحد.,دقة الطلب,متوسطة,synthetic
ينقص دائما بيتزا او صوص ثوم او كلاهما,دقة الطلب,متوسطة,synthetic
للاسف اخطاء كل طلب نسوا صوص ضافوا شطه,دقة الطلب,متوسطة,synthetic
كتبت ملاحظه واضحه بدون صوص ثوم لكن ما قروها,دقة الطلب,متوسطة,synthetic
نسوا صلصة باربكيو وزبدة وانا دفعت ثمنها,دقة الطلب,متوسطة,synthetic
احيانا كثير تحصل غلطات احنا اللي ندفع ثمنها ،,دقة الطلب,متوسطة,synthetic
بصراحه والله ما اطلب منهم بعد طلبي يجي غلط دايما,دقة الطلب,متوسطة,synthetic
بصراحه كل طلباتهم غلط.,دقة الطلب,متوسطة,synthetic
اول الطلب مكتوب عليه بدون صلصه شيدر لكن وصل مع صلصه شيدر,دقة الطلب,متوسطة,synthetic
للاسف اخطاء كل طلب نسوا صلصة حارة ضافوا ثوم,دقة الطلب,متوسطة,synthetic
طلبت اكثر من ثلاث تشيكن رول استلمت اقل بكثير.,دقة الطلب,متوسطة,synthetic
طلبت سلطة سيزر وجاني اكل لشخص ثاني تماما وش هذا,دقة الطلب,متوسطة,synthetic
صراحه اخطاء كثيره في كل طلب!!!,دقة الطلب,متوسطة,synthetic
يا اخي طلبت كولا ووصلني تشيكن سلايدر مو معقول,دقة الطلب,متوسطة,synthetic
كل مره يجيب ايس كريم بدل برجر حتى اللي ما طلبته يجيبه,دقة الطلب,متوسطة,synthetic
اقسم بالله رفعت تذكره دعم بسبب نقص الطلب ما رد علي احد,دقة الطلب,متوسطة,synthetic
ينقص دائما تشيكن سلايدر او ذره او كلاهما,دقة الطلب,متوسطة,synthetic
للاسف اخطاء كل طلب نسوا صلصة بشاميل ضافوا كاتشب,دقة الطلب,متوسطة,synthetic
للاسف اخطاء كل طلب نسوا زنجبيل ضافوا زبدة.,دقة الطلب,متوسطة,synthetic
نسوا صوص وفلفل وانا دفعت ثمنها,دقة الطلب,متوسطة,synthetic
المبلغ خصم كامل لكن الطلب فيه نقص واضح!!!,دقة الطلب,متوسطة,synthetic
نسوا بصل وشطه وانا دفعت ثمنها,دقة الطلب,متوسطة,synthetic
بدلوا معجنات بوجبة قديمه بدون ما يخبروني!!!,دقة الطلب,متوسطة,synthetic
دفعت ولم اتلق الطلب كامل تواصلت مع الدعم بدون فايده!!!,دقة الطلب,متوسطة,synthetic
نقص الطلب صار عاده دائمه عندهم وفي كل مره يعتذرون فقط...,دقة الطلب,متوسطة,synthetic
اول الطلب مكتوب عليه بدون ذره لكن وصل مع ذره,دقة الطلب,متوسطة,synthetic
والله اخطاء كثيره في كل طلب.,دقة الطلب,متوسطة,synthetic
قسما المطعم نسي تشيكن رول من الطلب وارسل هريسه بدلا منه ما اعرف وش يصير في المطبخ,دقة الطلب,متوسطة,synthetic
بدلوا تكا بما لم اطلبه بدون ما يخبروني,دقة الطلب,متوسطة,synthetic
وجبه مطبق وصلت ناقصه المكونات الاضافات غير صحيحه ابدا.,دقة الطلب,متوسطة,synthetic
ينقص دائما وجبة الاطفال هابي ميل او حلاوه او كلاهما,دقة الطلب,متوسطة,synthetic
ينقص دائما بطاطا مقلية او خبز او كلاهما,دقة الطلب,متوسطة,synthetic
طلبت ست قطع ناجتس استلمت اقل بكثير.,دقة الطلب,متوسطة,synthetic
طلبت بقلاوه مع تعديلات معينه يا ليتهم قروها كلها وصلت غلط بدون طماطم...,دقة الطلب,متوسطة,synthetic
يا اخي طلبت ورق عنب ووصلني تشيكن رول مو معقول,دقة الطلب,متوسطة,synthetic
يا اخي طلبت برجر ووصلني صياديه مو معقول,دقة الطلب,متوسطة,synthetic
تخيل بدون بصل مكتوبه بالعربي وبالانجليزي وما اعتمدوها,دقة الطلب,متوسطة,synthetic
يجيب طلب ثاني مو طلبي!!!,دقة الطلب,متوسطة,synthetic
والله طلبت بدون خبز لكن وضعوه كثير كثير,دقة الطلب,متوسطة,synthetic
نسوا زعتر وخبز وانا دفعت ثمنها,دقة الطلب,متوسطة,synthetic
بدلوا سلطة فتوش بطلب لشخص اخر بدون ما يخبروني,دقة الطلب,متوسطة,synthetic
وجبه ميلك شيك وصلت ناقصه المكونات الاضافات غير صحيحه ابدا,دقة الطلب,متوسطة,synthetic
طلبت نصف الكميه فطيره استلمت اقل بكثير,دقة الطلب,متوسطة,synthetic
ينقص دائما بخاري او صلصه شيدر او كلاهما,دقة الطلب,متوسطة,synthetic
اخطاء في كل طلب ،,دقة الطلب,متوسطة,synthetic
كتبت ملاحظه واضحه بدون بصل لكن ما قروها ،,دقة الطلب,متوسطة,synthetic
تخيل بدون شطه مكتوبه بالعربي وبالانجليزي وما اعتمدوها,دقة الطلب,متوسطة,synthetic
وش هذا التطبيق طلبي ناقص نص الاشياء!!!,دقة الطلب,متوسطة,synthetic
قسما كل طلباتهم غلط في غلط ما اطلب منهم تاني,دقة الطلب,متوسطة,synthetic
بدلوا سمك مشوي بوجبة منتهية الصلاحيه بدون ما يخبروني,دقة الطلب,متوسطة,synthetic
الطلب ناقص وما تم تعويضي عنه!!!,دقة الطلب,متوسطة,synthetic
بدون زيتون مكتوبه بالعربي وبالانجليزي وما اعتمدوها...,دقة الطلب,متوسطة,synthetic
يا اخي الطلب جاني ودفعت كامل المبلغ لقيت ان الكميه ناقصه واضافات غير صحيحه,دقة الطلب,متوسطة,synthetic
صراحه المبلغ خصم كامل لكن الطلب فيه نقص واضح,دقة الطلب,متوسطة,synthetic
ينقص دائما بيتزا او فلفل حار او كلاهما,دقة الطلب,متوسطة,synthetic
طلبت كولا مع تعديلات معينه يا ليتهم قروها كلها وصلت غلط بدون خل,دقة الطلب,متوسطة,synthetic
الباركود يوضح الطلب بس المطعم تجاهله!!!,دقة الطلب,متوسطة,synthetic
قسما طلب فاشل ناقص في كل مره,دقة الطلب,متوسطة,synthetic
وصلني الطلب وفتحته القيت ان فيه سمبوسك مو معجنات اللي طلبته كلمت الدعم بدون فايده,دقة الطلب,متوسطة,synthetic
اقسم بالله شوفوا يا جماعه الطلب فيه نقص واضح,دقة الطلب,متوسطة,synthetic
صراحه دايم الطلبات تجي ناقصه ودايم نفس المشكله,دقة الطلب,متوسطة,synthetic
بصراحه وش هذا التطبيق طلبي ناقص نص الاشياء,دقة الطلب,متوسطة,synthetic
كل مره يجيب بطاطا مقلية بدل نودلز حتى اللي ما طلبته يجيبه...,دقة الطلب,متوسطة,synthetic
الطلب فيه اكثر من ثلاث زبدية حمص ناقصه,دقة الطلب,متوسطة,synthetic
وجبه نودلز وصلت ناقصه المكونات الاضافات غير صحيحه ابدا...,دقة الطلب,متوسطة,synthetic
كل مره يجيب برجر بدل كباب حتى اللي ما طلبته يجيبه,دقة الطلب,متوسطة,synthetic
طلبت بدون ذره لكن وضعوه كثير,دقة الطلب,متوسطة,synthetic
للاسف دفعت ولم اتلق الطلب كامل تواصلت مع الدعم بدون فايده,دقة الطلب,متوسطة,synthetic
الكمبو فيه اربع قطع اشياء وصلني فقط واحد ،,دقة الطلب,متوسطة,synthetic
طلبت اوزي وجاني صنف بسعر اعلى وش هذا.,دقة الطلب,متوسطة,synthetic
طلب فاشل ناقص في كل مره!!!,دقة الطلب,متوسطة,synthetic
بدلوا باستا بنسخه غير صحيحه من الطلب بدون ما يخبروني,دقة الطلب,متوسطة,synthetic
للاسف طلبي جاء غلط online ولا فيه help من الدعم...,دقة الطلب,متوسطة,synthetic
الطلب فيه خمس شيش طاووق ناقصه,دقة الطلب,متوسطة,synthetic
اقسم بالله المطعم ما يعرف يحضر الطلب صح,دقة الطلب,متوسطة,synthetic
وجبه ساندويش لحم وصلت ناقصه المكونات الاضافات غير صحيحه ابدا ،,دقة الطلب,متوسطة,synthetic
قسما وجبه ناقصه.,دقة الطلب,متوسطة,synthetic
صراحه طلبت بدون بطاطس لكن وضعوه مره مره,دقة الطلب,متوسطة,synthetic
وجبه بطاطا مقلية وصلت ناقصه المكونات الاضافات غير صحيحه ابدا,دقة الطلب,متوسطة,synthetic
اقسم بالله دايم الطلبات تجي ناقصه ودايم نفس المشكله...,دقة الطلب,متوسطة,synthetic
نسوا بقدونس وليمون وانا دفعت ثمنها,دقة الطلب,متوسطة,synthetic
صراحه الطلب جا ناقص.,دقة الطلب,متوسطة,synthetic
تخيل للاسف اصبح تطبيق فاشل لا يوضح طلبات العميل اما يوصل ناقص او غير المطلوب,دقة الطلب,متوسطة,synthetic
الطلب فيه وحده مطبق ناقصه ،,دقة الطلب,متوسطة,synthetic
ينقص دائما كروسان او مكسرات او كلاهما,دقة الطلب,متوسطة,synthetic
الفاتوره فيها باستا لكن وصلني شوربه عدس فقط.,دقة الطلب,متوسطة,synthetic
للاسف رفعت تذكره دعم بسبب نقص الطلب ما رد علي احد.,دقة الطلب,متوسطة,synthetic
يا جماعه وجبه تكا وصلت ناقصه المكونات الاضافات غير صحيحه ابدا,دقة الطلب,متوسطة,synthetic
الطلب فيه ست قطع سلطة فتوش ناقصه,دقة الطلب,متوسطة,synthetic
ينقص دائما جريش او فلفل او كلاهما,دقة الطلب,متوسطة,synthetic
يا اخي تجربه سيئه جدا الطلب جاني ناقص كلمت خدمه العملاء يقولون ارسل ايميل ارسل ايميل بس ما يردون,دقة الطلب,متوسطة,synthetic
ينقص دائما ميلك شيك او صلصة حارة او كلاهما.,دقة الطلب,متوسطة,synthetic
بدون صلصة طماطم مكتوبه بالعربي وبالانجليزي وما اعتمدوها.,دقة الطلب,متوسطة,synthetic
المطعم نسي ناجتس من الطلب وارسل زبدية حمص بدلا منه ما اعرف وش يصير في المطبخ,دقة الطلب,متوسطة,synthetic
كل مره يجيب تكا بدل سليق حتى اللي ما طلبته يجيبه,دقة الطلب,متوسطة,synthetic
للاسف اخطاء كل طلب نسوا رمان ضافوا صوص ثوم,دقة الطلب,متوسطة,synthetic
طلبت بدون صوص ثوم لكن وضعوه ابدا ابدا.,دقة الطلب,متوسطة,synthetic
الطلب فيه ثلاث بيتزا ناقصه.,دقة الطلب,متوسطة,synthetic
المطعم نسي نودلز من الطلب وارسل نقانق بدلا منه ما اعرف وش يصير في المطبخ,دقة الطلب,متوسطة,synthetic
طلبت بدون صلصه حلوه لكن وضعوه يا اخي...,دقة الطلب,متوسطة,synthetic
بدلوا متبل بنسخه غير صحيحه من الطلب بدون ما يخبروني,دقة الطلب,متوسطة,synthetic
بصراحه كل order يجي ناقص نفس الشي,دقة الطلب,متوسطة,synthetic
شوفوا كل طلباتهم غلط في غلط ما اطلب منهم تاني,دقة الطلب,متوسطة,synthetic
يا جماعه كل طلباتهم غلط في غلط ما اطلب منهم تاني!!!,دقة الطلب,متوسطة,synthetic
يا جماعه كل ما اطلب يوصلني شي غلط او ناقص.,دقة الطلب,متوسطة,synthetic
للاسف نسوا زيتون وصلصه شيدر وانا دفعت ثمنها ،,دقة الطلب,متوسطة,synthetic
وصلني الطلب وفتحته القيت ان فيه متبل مو سلطة سيزر اللي طلبته كلمت الدعم بدون فايده,دقة الطلب,متوسطة,synthetic
وصلني الطلب وفتحته القيت ان فيه مشاوي مو فطيره اللي طلبته كلمت الدعم بدون فايده.,دقة الطلب,متوسطة,synthetic
شوفوا بدون صلصه شيدر مكتوبه بالعربي وبالانجليزي وما اعتمدوها,دقة الطلب,متوسطة,synthetic
المطعم نسي معجنات من الطلب وارسل كباب بدلا منه ما اعرف وش يصير في المطبخ.,دقة الطلب,متوسطة,synthetic
للاسف كل ما اطلب يجي شي غلط ،,دقة الطلب,متوسطة,synthetic
بدون زيتون مكتوبه بالعربي وبالانجليزي وما اعتمدوها,دقة الطلب,متوسطة,synthetic
والله دفعت ولم اتلق الطلب كامل تواصلت مع الدعم بدون فايده,دقة الطلب,متوسطة,synthetic
والله طلبت مقبلات وجاني صنف مختلف تماما وش هذا,دقة الطلب,متوسطة,synthetic
صراحه حذفوا اضافات وما خصموا قيمتها من الفاتوره.,دقة الطلب,متوسطة,synthetic
طلبت بيتزا وجاني وجبة شخص ثاني وش هذا ،,دقة الطلب,متوسطة,synthetic
المطعم نسي جريش من الطلب وارسل ايس كريم بدلا منه ما اعرف وش يصير في المطبخ,دقة الطلب,متوسطة,synthetic
صراحه وجبه ناقصه...,دقة الطلب,متوسطة,synthetic
يخلطون الطلبات دايما.,دقة الطلب,متوسطة,synthetic
ينقص دائما سلطة سيزر او صلصه حلوه او كلاهما,دقة الطلب,متوسطة,synthetic
بدلوا نودلز بطلب نص مفقود بدون ما يخبروني,دقة الطلب,متوسطة,synthetic
للاسف يا اخي الطلب ناقص من زمان نفس المشكله ما تنحل,دقة الطلب,متوسطة,synthetic
صراحه رفعت تذكره دعم بسبب نقص الطلب ما رد علي احد!!!,دقة الطلب,متوسطة,synthetic
الطلب فيه اكثر من ثلاث كنافة ناقصه,دقة الطلب,متوسطة,synthetic
طلبت بدون نعناع لكن وضعوه يا اخي!!!,دقة الطلب,متوسطة,synthetic
بصراحه نقص الطلب صار عاده دائمه عندهم وفي كل مره يعتذرون فقط,دقة الطلب,متوسطة,synthetic
طلبت بدون زنجبيل لكن وضعوه يا اخي,دقة الطلب,متوسطة,synthetic
صراحه للاسف اصبح تطبيق فاشل لا يوضح طلبات العميل اما يوصل ناقص او غير المطلوب,دقة الطلب,متوسطة,synthetic
يا اخي طلبت ميني برجر ووصلني شيش طاووق مو معقول...,دقة الطلب,متوسطة,synthetic
الكمبو فيه اربع قطع اشياء وصلني فقط واحد,دقة الطلب,متوسطة,synthetic
صراحه غلط في غلط,دقة الطلب,متوسطة,synthetic
للاسف اخطاء كل طلب نسوا زنجبيل ضافوا خبز,دقة الطلب,متوسطة,synthetic
نسوا صلصة باربكيو وخل وانا دفعت ثمنها,دقة الطلب,متوسطة,synthetic
بدلوا كرسبي باكل لشخص ثاني تماما بدون ما يخبروني,دقة الطلب,متوسطة,synthetic
بصراحه اضافات غير صحيحه ولا تشبه طلبي,دقة الطلب,متوسطة,synthetic
نسوا طماطم وزنجبيل وانا دفعت ثمنها,دقة الطلب,متوسطة,synthetic
اقسم بالله وجبه كروسان وصلت ناقصه المكونات الاضافات غير صحيحه ابدا,دقة الطلب,متوسطة,synthetic
صراحه وجبه ناقصه,دقة الطلب,متوسطة,synthetic
قسما طلبت نصف الكميه ورق عنب استلمت اقل بكثير,دقة الطلب,متوسطة,synthetic
طلبت مطبق وجاني وجبة شخص ثاني وش هذا,دقة الطلب,متوسطة,synthetic
يا اخي الطلب فيه اربع قطع سليق ناقصه,دقة الطلب,متوسطة,synthetic
صراحه الطلب مو طلبي,دقة الطلب,متوسطة,synthetic
كل مره يجيب وجبة عائلية بدل سلطة فتوش حتى اللي ما طلبته يجيبه,دقة الطلب,متوسطة,synthetic
رفعت تذكره دعم بسبب نقص الطلب ما رد علي احد!!!,دقة الطلب,متوسطة,synthetic
الكمبو فيه اربع اشياء وصلني فقط واحد.,دقة الطلب,متوسطة,synthetic
بدون ملح مكتوبه بالعربي وبالانجليزي وما اعتمدوها.,دقة الطلب,متوسطة,synthetic
يا اخي طلبت تكا ووصلني وجبة الغداء مو معقول,دقة الطلب,متوسطة,synthetic
كتبت ملاحظه واضحه بدون كاتشب لكن ما قروها,دقة الطلب,متوسطة,synthetic
اقسم بالله والله ما اطلب منهم بعد طلبي يجي غلط دايما.,دقة الطلب,متوسطة,synthetic
والله الطلب فيه ثلاث بوكس دجاج ناقصه,دقة الطلب,متوسطة,synthetic
صراحه وجبه ناقصه ،,دقة الطلب,متوسطة,synthetic
الصراحه الطلب جا ناقص.,دقة الطلب,متوسطة,synthetic
المطعم نسي بروستد من الطلب وارسل مطبق بدلا منه ما اعرف وش يصير في المطبخ,دقة الطلب,متوسطة,synthetic
الفاتوره فيها نودلز لكن وصلني صياديه فقط,دقة الطلب,متوسطة,synthetic
الكمبو فيه وحده اشياء وصلني فقط واحد!!!,دقة الطلب,متوسطة,synthetic
كتبت ملاحظه واضحه بدون خس لكن ما قروها,دقة الطلب,متوسطة,synthetic
وصلني الطلب وفتحته القيت ان فيه زبدية حمص مو بانكيك اللي طلبته كلمت الدعم بدون فايده.,دقة الطلب,متوسطة,synthetic
قسما كل ما اطلب يوصلني شي غلط او ناقص,دقة الطلب,متوسطة,synthetic
كتبت ملاحظه واضحه بدون بطاطس لكن ما قروها,دقة الطلب,متوسطة,synthetic
غلط في غلط ،,دقة الطلب,متوسطة,synthetic
كتبت ملاحظه واضحه بدون زنجبيل لكن ما قروها,دقة الطلب,متوسطة,synthetic
قسما الكمبو فيه وحده اشياء وصلني فقط واحد,دقة الطلب,متوسطة,synthetic
والله اخطاء في كل طلب,دقة الطلب,متوسطة,synthetic
الصراحه بدون مخلل مكتوبه بالعربي وبالانجليزي وما اعتمدوها,دقة الطلب,متوسطة,synthetic
الصراحه يا اخي طلبت تشيكن رول ووصلني معجنات مو معقول!!!,دقة الطلب,متوسطة,synthetic
اول الطلب مكتوب عليه بدون رمان لكن وصل مع رمان,دقة الطلب,متوسطة,synthetic
طلبت وجبة العشاء وجاني نسخه غير صحيحه من الطلب وش هذا,دقة الطلب,متوسطة,synthetic
صراحه الطلب فيه خمس تشيكن سلايدر ناقصه...,دقة الطلب,متوسطة,synthetic
قسما طلبت حمص مع تعديلات معينه يا ليتهم قروها كلها وصلت غلط بدون خس,دقة الطلب,متوسطة,synthetic
وصلني الطلب وفتحته القيت ان فيه كرسبي مو سلطة فتوش اللي طلبته كلمت الدعم بدون فايده,دقة الطلب,متوسطة,synthetic
يا اخي للاسف اصبح تطبيق فاشل لا يوضح طلبات العميل اما يوصل ناقص او غير المطلوب!!!,دقة الطلب,متوسطة,synthetic
للاسف طلبت ثلاث بقلاوه استلمت اقل بكثير,دقة الطلب,متوسطة,synthetic
المطعم نسي سندوتش من الطلب وارسل وجبة الاطفال هابي ميل بدلا منه ما اعرف وش يصير في المطبخ.,دقة الطلب,متوسطة,synthetic
الفاتوره فيها زبدية حمص لكن وصلني مقبلات فقط,دقة الطلب,متوسطة,synthetic
للاسف المطعم ما يعرف يحضر الطلب صح,دقة الطلب,متوسطة,synthetic
طلبت سمك مشوي وجاني وجبه محشيه بمكونات لم اطلبها وش هذا,دقة الطلب,متوسطة,synthetic
بدلوا بيتزا باكل لشخص ثاني تماما بدون ما يخبروني,دقة الطلب,متوسطة,synthetic
تخيل اخطاء كثيره في كل طلب,دقة الطلب,متوسطة,synthetic
طلبت ساندويش لحم وجاني وجبة شخص ثاني وش هذا,دقة الطلب,متوسطة,synthetic
كل مره يجيب مكرونه بدل ميلك شيك حتى اللي ما طلبته يجيبه,دقة الطلب,متوسطة,synthetic
الكمبو فيه اكثر من ثلاث اشياء وصلني فقط واحد,دقة الطلب,متوسطة,synthetic
كتبت ملاحظه واضحه بدون زبدة لكن ما قروها,دقة الطلب,متوسطة,synthetic
بصراحه اخطاء كثيره في كل طلب,دقة الطلب,متوسطة,synthetic
الصراحه الطلب فيه وحده مندي ناقصه,دقة الطلب,متوسطة,synthetic
نسوا زنجبيل وملح وانا دفعت ثمنها.,دقة الطلب,متوسطة,synthetic
كل مره يجيب طلب الفطور بدل شاورما حتى اللي ما طلبته يجيبه!!!,دقة الطلب,متوسطة,synthetic
طلبت بدون خس لكن وضعوه للاسف...,دقة الطلب,متوسطة,synthetic
طلبت برجر مع تعديلات معينه يا ليتهم قروها كلها وصلت غلط بدون فلفل,دقة الطلب,متوسطة,synthetic
طلبت اثنين كولا استلمت اقل بكثير,دقة الطلب,متوسطة,synthetic
يا اخي والله ما اطلب منهم بعد طلبي يجي غلط دايما,دقة الطلب,متوسطة,synthetic
اول الطلب مكتوب عليه بدون كزبرة لكن وصل مع كزبرة...,دقة الطلب,متوسطة,synthetic
بدلوا جريش بحجم اصغر بدون ما يخبروني.,دقة الطلب,متوسطة,synthetic
بصراحه كل مره اطلب كل مره ينقص شي دايم نفس القصه ما يتعلمون من الاخطاء,دقة الطلب,متوسطة,synthetic
بدلوا سمبوسك بنوع اخر من الطعام بدون ما يخبروني ،,دقة الطلب,متوسطة,synthetic
يا اخي طلبت ورق عنب ووصلني سليق مو معقول,دقة الطلب,متوسطة,synthetic
يا اخي وش هذا التطبيق طلبي ناقص نص الاشياء ،,دقة الطلب,متوسطة,synthetic
للاسف وصلني الطلب وفتحته القيت ان فيه مقبلات مو شاورما اللي طلبته كلمت الدعم بدون فايده.,دقة الطلب,متوسطة,synthetic
نسوا بهارات وصلصة باربكيو وانا دفعت ثمنها,دقة الطلب,متوسطة,synthetic
للاسف اخطاء كل طلب نسوا ذره ضافوا صلصه شيدر,دقة الطلب,متوسطة,synthetic
تخيل طلبت وجبة الاطفال مع تعديلات معينه يا ليتهم قروها كلها وصلت غلط بدون سكر,دقة الطلب,متوسطة,synthetic
الصراحه الطلب فيه خمس ساندويش لحم ناقصه,دقة الطلب,متوسطة,synthetic
بدلوا فاهيتا بنوع اخر من الطعام بدون ما يخبروني,دقة الطلب,متوسطة,synthetic
بدلوا سلطة سيزر بحجم اصغر بدون ما يخبروني,دقة الطلب,متوسطة,synthetic
المطعم نسي كفتة من الطلب وارسل وجبة الغداء بدلا منه ما اعرف وش يصير في المطبخ,دقة الطلب,متوسطة,synthetic
طلبت طلب الفطور وجاني وجبة منتهية الصلاحيه وش هذا,دقة الطلب,متوسطة,synthetic
يا جماعه الكاشير او المطبخ كلهم غلط ،,دقة الطلب,متوسطة,synthetic
وصلني الطلب وفتحته القيت ان فيه سندوتش مو متبل اللي طلبته كلمت الدعم بدون فايده.,دقة الطلب,متوسطة,synthetic
طلبت ثلاث قهوه عربيه استلمت اقل بكثير.,دقة الطلب,متوسطة,synthetic
اقسم بالله طلبت اوزي وجاني صنف ليس على القائمه وش هذا,دقة الطلب,متوسطة,synthetic
قسما المبلغ خصم كامل لكن الطلب فيه نقص واضح,دقة الطلب,متوسطة,synthetic
نسوا كاتشب وشطه وانا دفعت ثمنها,دقة الطلب,متوسطة,synthetic
الفاتوره فيها صياديه لكن وصلني كولا فقط!!!,دقة الطلب,متوسطة,synthetic
بدون نعناع مكتوبه بالعربي وبالانجليزي وما اعتمدوها!!!,دقة الطلب,متوسطة,synthetic
طلبت نقانق مع تعديلات معينه يا ليتهم قروها كلها وصلت غلط بدون خس,دقة الطلب,متوسطة,synthetic
يا اخي اخطاء في كل طلب,دقة الطلب,متوسطة,synthetic
للاسف اخطاء كل طلب نسوا كاتشب ضافوا كريمة,دقة الطلب,متوسطة,synthetic
كتبت ملاحظه واضحه بدون ليمون لكن ما قروها,دقة الطلب,متوسطة,synthetic
تخيل كل order يجي ناقص نفس الشي,دقة الطلب,متوسطة,synthetic
وصلني الطلب وفتحته القيت ان فيه تشيكن سلايدر مو كروسان اللي طلبته كلمت الدعم بدون فايده,دقة الطلب,متوسطة,synthetic
طلبت بدون ملح لكن وضعوه مره مره,دقة الطلب,متوسطة,synthetic
كل ما اطلب يوصلني شي غلط او ناقص!!!,دقة الطلب,متوسطة,synthetic
بدلوا ورق عنب بوجبة شخص ثاني بدون ما يخبروني,دقة الطلب,متوسطة,synthetic
صراحه تجربه سيئه جدا الطلب جاني ناقص كلمت خدمه العملاء يقولون ارسل ايميل ارسل ايميل بس ما يردون,دقة الطلب,متوسطة,synthetic
يا اخي طلبت وجبة دجاج ووصلني وجبة الاطفال مو معقول,دقة الطلب,متوسطة,synthetic
طلبت اربع قطع طلب الفطور استلمت اقل بكثير,دقة الطلب,متوسطة,synthetic
بدون كاتشب مكتوبه بالعربي وبالانجليزي وما اعتمدوها.,دقة الطلب,متوسطة,synthetic
طلبت خمس قهوه عربيه استلمت اقل بكثير,دقة الطلب,متوسطة,synthetic
كل مره يجيب معجنات بدل سوشي حتى اللي ما طلبته يجيبه,دقة الطلب,متوسطة,synthetic
الفاتوره فيها وجبة الاطفال لكن وصلني بخاري فقط,دقة الطلب,متوسطة,synthetic
كتبت ملاحظه واضحه بدون خردل لكن ما قروها.,دقة الطلب,متوسطة,synthetic
الصراحه دايم الطلبات تجي ناقصه ودايم نفس المشكله...,دقة الطلب,متوسطة,synthetic
نسوا سكر وخس وانا دفعت ثمنها,دقة الطلب,متوسطة,synthetic
وجبه فاهيتا وصلت ناقصه المكونات الاضافات غير صحيحه ابدا,دقة الطلب,متوسطة,synthetic
طلبت بدون مايونيز لكن وضعوه كثير كثير ،,دقة الطلب,متوسطة,synthetic
طلبت نصف الكميه نقانق استلمت اقل بكثير,دقة الطلب,متوسطة,synthetic
يا اخي طلبت وجبة العشاء ووصلني بطاطا مقلية مو معقول.,دقة الطلب,متوسطة,synthetic
بدون طحينه مكتوبه بالعربي وبالانجليزي وما اعتمدوها...,دقة الطلب,متوسطة,synthetic
للاسف اخطاء كل طلب نسوا بقدونس ضافوا مشروم,دقة الطلب,متوسطة,synthetic
بصراحه كل ما اطلب يوصلني شي غلط او ناقص,دقة الطلب,متوسطة,synthetic
وجبه بوكس دجاج وصلت ناقصه المكونات الاضافات غير صحيحه ابدا.,دقة الطلب,متوسطة,synthetic
ينقص دائما كنافة او ملح او كلاهما,دقة الطلب,متوسطة,synthetic
يا جماعه وش هذا التطبيق طلبي ناقص نص الاشياء,دقة الطلب,متوسطة,synthetic
نسوا زبدة ومخلل وانا دفعت ثمنها,دقة الطلب,متوسطة,synthetic
كتبت ملاحظه واضحه بدون خبز لكن ما قروها,دقة الطلب,متوسطة,synthetic
وصلني الطلب وفتحته القيت ان فيه سندوتش مو هريسه اللي طلبته كلمت الدعم بدون فايده ،,دقة الطلب,متوسطة,synthetic
المطعم نسي بانكيك من الطلب وارسل قهوه عربيه بدلا منه ما اعرف وش يصير في المطبخ.,دقة الطلب,متوسطة,synthetic
يا اخي شوفوا يا جماعه الطلب فيه نقص واضح,دقة الطلب,متوسطة,synthetic
الصراحه الطلب فيه ثلاث مقبلات ناقصه,دقة الطلب,متوسطة,synthetic
صراحه الطلب جا ناقص!!!,دقة الطلب,متوسطة,synthetic
نسوا صلصه حلوه وبطاطس وانا دفعت ثمنها,دقة الطلب,متوسطة,synthetic
وجبه معجنات وصلت ناقصه المكونات الاضافات غير صحيحه ابدا,دقة الطلب,متوسطة,synthetic
شوفوا خلطوا الطلبات استلمت طلب جاري ما طلبي,دقة الطلب,متوسطة,synthetic
للاسف طلبي جاء غلط online ولا فيه help من الدعم,دقة الطلب,متوسطة,synthetic
وصلني الطلب وفتحته القيت ان فيه شيش طاووق مو وجبة الاطفال اللي طلبته كلمت الدعم بدون فايده,دقة الطلب,متوسطة,synthetic
والله شوفوا يا جماعه الطلب فيه نقص واضح,دقة الطلب,متوسطة,synthetic
شوفوا للاسف اصبح تطبيق فاشل لا يوضح طلبات العميل اما يوصل ناقص او غير المطلوب.,دقة الطلب,متوسطة,synthetic
تخيل نقص الطلب صار عاده دائمه عندهم وفي كل مره يعتذرون فقط...,دقة الطلب,متوسطة,synthetic
يا اخي طلبت سمبوسك ووصلني شاورما مو معقول,دقة الطلب,متوسطة,synthetic
وجبه سوشي وصلت ناقصه المكونات الاضافات غير صحيحه ابدا.,دقة الطلب,متوسطة,synthetic
ينقص دائما عصير برتقال او كريمة او كلاهما,دقة الطلب,متوسطة,synthetic
طلبت ايس كريم وجاني وجبه ناقصه نصها وش هذا,دقة الطلب,متوسطة,synthetic
كل مره يجيب شاورما بدل سليق حتى اللي ما طلبته يجيبه...,دقة الطلب,متوسطة,synthetic
طلبت ايس كريم وجاني نسخه غير صحيحه من الطلب وش هذا.,دقة الطلب,متوسطة,synthetic
اقسم بالله دقه الطلب صفر ،,دقة الطلب,متوسطة,synthetic
بدلوا كفتة بصنف بسعر اعلى بدون ما يخبروني,دقة الطلب,متوسطة,synthetic
طلبت هريسه مع تعديلات معينه يا ليتهم قروها كلها وصلت غلط بدون رمان ،,دقة الطلب,متوسطة,synthetic
وش هذا التطبيق طلبي ناقص نص الاشياء...,دقة الطلب,متوسطة,synthetic
يا اخي طلبت فاهيتا ووصلني سمبوسه مو معقول,دقة الطلب,متوسطة,synthetic
ينقص دائما وجبة الاطفال او فلفل او كلاهما,دقة الطلب,متوسطة,synthetic
يا اخي طلبت بروستد ووصلني مطبق مو معقول.,دقة الطلب,متوسطة,synthetic
كتبت ملاحظه واضحه بدون صلصة حارة لكن ما قروها,دقة الطلب,متوسطة,synthetic
الفاتوره فيها مكرونه لكن وصلني حمص فقط,دقة الطلب,متوسطة,synthetic
للاسف اخطاء كل طلب نسوا مكسرات ضافوا بطاطس,دقة الطلب,متوسطة,synthetic
الطلب فيه اثنين مشاوي ناقصه,دقة الطلب,متوسطة,synthetic
طلبت وحده مقبلات استلمت اقل بكثير,دقة الطلب,متوسطة,synthetic
الطلب فيه نصف الكميه وجبة الاطفال ناقصه.,دقة الطلب,متوسطة,synthetic
صراحه طلبي يحتوي على ثلاث وجبات وصلني وجبتين ،,دقة الطلب,متوسطة,synthetic
طلبت بدون بصل لكن وضعوه مرره,دقة الطلب,متوسطة,synthetic
طلبت اكثر من ثلاث تكا استلمت اقل بكثير,دقة الطلب,متوسطة,synthetic
طلبت ثلاث حمص استلمت اقل بكثير,دقة الطلب,متوسطة,synthetic
نسوا كاتشب وزيتون وانا دفعت ثمنها,دقة الطلب,متوسطة,synthetic
اول الطلب مكتوب عليه بدون عسل لكن وصل مع عسل.,دقة الطلب,متوسطة,synthetic
وصلني الطلب وفتحته القيت ان فيه كبسة مو بانكيك اللي طلبته كلمت الدعم بدون فايده,دقة الطلب,متوسطة,synthetic
تخيل كل مره يجيب سمبوسك بدل شيش طاووق حتى اللي ما طلبته يجيبه,دقة الطلب,متوسطة,synthetic
للاسف اخطاء كل طلب نسوا طحينه ضافوا بطاطس...,دقة الطلب,متوسطة,synthetic
كل مره يجيب سلطة سيزر بدل وجبة الغداء حتى اللي ما طلبته يجيبه,دقة الطلب,متوسطة,synthetic
طلبت بدون صلصة بشاميل لكن وضعوه نهائي,دقة الطلب,متوسطة,synthetic
اقسم بالله اخطاء كثيره في كل طلب!!!,دقة الطلب,متوسطة,synthetic
للاسف تجربه سيئه جدا الطلب جاني ناقص كلمت خدمه العملاء يقولون ارسل ايميل ارسل ايميل بس ما يردون,دقة الطلب,متوسطة,synthetic
بدون صلصه حلوه مكتوبه بالعربي وبالانجليزي وما اعتمدوها,دقة الطلب,متوسطة,synthetic
حذفوا اضافات وما خصموا قيمتها من الفاتوره!!!,دقة الطلب,متوسطة,synthetic
للاسف الباركود يوضح الطلب بس المطعم تجاهله...,دقة الطلب,متوسطة,synthetic
تخيل غلط في غلط...,دقة الطلب,متوسطة,synthetic
طلبت بدون عسل لكن وضعوه مره ،,دقة الطلب,متوسطة,synthetic
بدلوا سمبوسه بصنف ليس على القائمه بدون ما يخبروني,دقة الطلب,متوسطة,synthetic
وجبه بوكس دجاج وصلت ناقصه المكونات الاضافات غير صحيحه ابدا!!!,دقة الطلب,متوسطة,synthetic
يا اخي طلبت سلطة سيزر ووصلني فطيره مو معقول.,دقة الطلب,متوسطة,synthetic
ينقص دائما سمك مشوي او جبنة او كلاهما,دقة الطلب,متوسطة,synthetic
بصراحه شوفوا يا جماعه الطلب فيه نقص واضح,دقة الطلب,متوسطة,synthetic
طلبت بدون شطه لكن وضعوه يا اخي,دقة الطلب,متوسطة,synthetic
المطعم نسي بخاري من الطلب وارسل سوشي بدلا منه ما اعرف وش يصير في المطبخ,دقة الطلب,متوسطة,synthetic
بصراحه دقتهم في الطلب سيئه جدا,دقة الطلب,متوسطة,synthetic
صراحه المطعم نسي صياديه من الطلب وارسل جريش بدلا منه ما اعرف وش يصير في المطبخ ،,دقة الطلب,متوسطة,synthetic
الطلب فيه اربع كروسان ناقصه,دقة الطلب,متوسطة,synthetic
المطعم نسي مطبق من الطلب وارسل متبل بدلا منه ما اعرف وش يصير في المطبخ,دقة الطلب,متوسطة,synthetic
صراحه الكاشير او المطبخ كلهم غلط.,دقة الطلب,متوسطة,synthetic
اقسم بالله كل ما اطلب يجي شي غلط,دقة الطلب,متوسطة,synthetic
بصراحه للاسف اخطاء كل طلب نسوا كريمة ضافوا مخلل!!!,دقة الطلب,متوسطة,synthetic
طلبت ورق عنب وجاني وجبة قديمه وش هذا,دقة الطلب,متوسطة,synthetic
بدلوا مشكل خضار باكل مغاير بدون ما يخبروني,دقة الطلب,متوسطة,synthetic
اول الطلب مكتوب عليه بدون سكر لكن وصل مع سكر,دقة الطلب,متوسطة,synthetic
الطلب فيه ست قطع تكا ناقصه.,دقة الطلب,متوسطة,synthetic
للاسف اخطاء كل طلب نسوا رمان ضافوا ثوم,دقة الطلب,متوسطة,synthetic
الصراحه غلط في غلط,دقة الطلب,متوسطة,synthetic
شوفوا الباركود يوضح الطلب بس المطعم تجاهله,دقة الطلب,متوسطة,synthetic
كل مره يجيب حمص بدل وجبة دجاج حتى اللي ما طلبته يجيبه,دقة الطلب,متوسطة,synthetic
الطلب فيه خمس سمبوسه ناقصه.,دقة الطلب,متوسطة,synthetic
الطلب فيه اربع سلطة سيزر ناقصه,دقة الطلب,متوسطة,synthetic
كتبت ملاحظه واضحه بدون مخلل لكن ما قروها,دقة الطلب,متوسطة,synthetic
والله نقص الطلب صار عاده دائمه عندهم وفي كل مره يعتذرون فقط.,دقة الطلب,متوسطة,synthetic
كتبت ملاحظه واضحه بدون رمان لكن ما قروها,دقة الطلب,متوسطة,synthetic
للاسف وجبه ناقصه!!!,دقة الطلب,متوسطة,synthetic
صراحه كل مره اطلب كل مره ينقص شي دايم نفس القصه ما يتعلمون من الاخطاء,دقة الطلب,متوسطة,synthetic
يا اخي طلبت سوشي ووصلني ورق عنب مو معقول,دقة الطلب,متوسطة,synthetic
للاسف اخطاء كل طلب نسوا مايونيز ضافوا طماطم,دقة الطلب,متوسطة,synthetic
الفاتوره فيها بطاطا مقلية لكن وصلني باستا فقط,دقة الطلب,متوسطة,synthetic
نسوا صلصة باربكيو وصوص ثوم وانا دفعت ثمنها.,دقة الطلب,متوسطة,synthetic
للاسف الطلب جا ناقص كم مره ما يتعلمون!!!,دقة الطلب,متوسطة,synthetic
يا اخي طلبت كروسان ووصلني مرقوق مو معقول.,دقة الطلب,متوسطة,synthetic
قسما كل مره اطلب كل مره ينقص شي دايم نفس القصه ما يتعلمون من الاخطاء.,دقة الطلب,متوسطة,synthetic
طلبت بدون فلفل لكن وضعوه ابدا ابدا,دقة الطلب,متوسطة,synthetic
للاسف اخطاء كل طلب نسوا مشروم ضافوا ملح ،,دقة الطلب,متوسطة,synthetic
اقسم بالله طلبي جاء غلط online ولا فيه help من الدعم,دقة الطلب,متوسطة,synthetic
يا اخي كل ما اطلب يجي شي غلط,دقة الطلب,متوسطة,synthetic
طلبت بروستد وجاني صنف اخر مو طلبي وش هذا ،,دقة الطلب,متوسطة,synthetic
الطلب فيه ربع الكميه شاورما ناقصه ،,دقة الطلب,متوسطة,synthetic
للاسف وجبه ناقصه.,دقة الطلب,متوسطة,synthetic
طلبت اكثر من ثلاث شوربه عدس استلمت اقل بكثير.,دقة الطلب,متوسطة,synthetic
يا اخي كتبت ملاحظه واضحه بدون صلصة باربكيو لكن ما قروها,دقة الطلب,متوسطة,synthetic
الطلب فيه ست قطع وجبة الاطفال هابي ميل ناقصه...,دقة الطلب,متوسطة,synthetic
دايم الطلبات تجي ناقصه ودايم نفس المشكله!!!,دقة الطلب,متوسطة,synthetic
بدون خردل مكتوبه بالعربي وبالانجليزي وما اعتمدوها,دقة الطلب,متوسطة,synthetic
للاسف الطلب ناقص وما تم تعويضي عنه,دقة الطلب,متوسطة,synthetic
يا جماعه يا اخي الطلب ناقص من زمان نفس المشكله ما تنحل!!!,دقة الطلب,متوسطة,synthetic
بدون خس مكتوبه بالعربي وبالانجليزي وما اعتمدوها,دقة الطلب,متوسطة,synthetic
المطعم نسي سمبوسه من الطلب وارسل عصير برتقال بدلا منه ما اعرف وش يصير في المطبخ!!!,دقة الطلب,متوسطة,synthetic
وصلني الطلب وفتحته القيت ان فيه مقبلات مو شيش طاووق اللي طلبته كلمت الدعم بدون فايده,دقة الطلب,متوسطة,synthetic
اول الطلب مكتوب عليه بدون مشروم لكن وصل مع مشروم.,دقة الطلب,متوسطة,synthetic
الطلب فيه ربع الكميه ورق عنب ناقصه,دقة الطلب,متوسطة,synthetic
وصلني الطلب وفتحته القيت ان فيه ميلك شيك مو مفطح اللي طلبته كلمت الدعم بدون فايده,دقة الطلب,متوسطة,synthetic
كتبت ملاحظه واضحه بدون تمر لكن ما قروها,دقة الطلب,متوسطة,synthetic
طلبت ورق عنب مع تعديلات معينه يا ليتهم قروها كلها وصلت غلط بدون مشروم ،,دقة الطلب,متوسطة,synthetic
بدلوا باستا بطلب لشخص اخر بدون ما يخبروني,دقة الطلب,متوسطة,synthetic
بصراحه دايم ناقص,دقة الطلب,متوسطة,synthetic
طلبت بدون كريمة لكن وضعوه والله.,دقة الطلب,متوسطة,synthetic
يا جماعه طلبي جاء غلط online ولا فيه help من الدعم,دقة الطلب,متوسطة,synthetic
يا جماعه اول الطلب مكتوب عليه بدون جبنة لكن وصل مع جبنة.,دقة الطلب,متوسطة,synthetic
قسما حذفوا اضافات وما خصموا قيمتها من الفاتوره,دقة الطلب,متوسطة,synthetic
قسما بدون ثوم مكتوبه بالعربي وبالانجليزي وما اعتمدوها,دقة الطلب,متوسطة,synthetic
طلبت بدون فلفل لكن وضعوه مره مره,دقة الطلب,متوسطة,synthetic
المطعم نسي مفطح من الطلب وارسل ميني برجر بدلا منه ما اعرف وش يصير في المطبخ,دقة الطلب,متوسطة,synthetic
طلبت بدون صلصة حارة لكن وضعوه والله,دقة الطلب,متوسطة,synthetic
الطلب فيه اثنين مفطح ناقصه,دقة الطلب,متوسطة,synthetic
اول الطلب مكتوب عليه بدون ملح لكن وصل مع ملح,دقة الطلب,متوسطة,synthetic
طلبت كروسان مع تعديلات معينه يا ليتهم قروها كلها وصلت غلط بدون صوص ثوم.,دقة الطلب,متوسطة,synthetic
وصلني الطلب وفتحته القيت ان فيه ميني برجر مو تشيكن سلايدر اللي طلبته كلمت الدعم بدون فايده,دقة الطلب,متوسطة,synthetic
شوفوا اول الطلب مكتوب عليه بدون صلصة باربكيو لكن وصل مع صلصة باربكيو,دقة الطلب,متوسطة,synthetic
شوفوا شوفوا يا جماعه الطلب فيه نقص واضح...,دقة الطلب,متوسطة,synthetic
وجبه قهوه عربيه وصلت ناقصه المكونات الاضافات غير صحيحه ابدا,دقة الطلب,متوسطة,synthetic
طلبت كباب وجاني وجبة شخص ثاني وش هذا,دقة الطلب,متوسطة,synthetic
الكمبو فيه اكثر من ثلاث اشياء وصلني فقط واحد...,دقة الطلب,متوسطة,synthetic
طلبت شيش طاووق مع تعديلات معينه يا ليتهم قروها كلها وصلت غلط بدون حلاوه,دقة الطلب,متوسطة,synthetic
يا اخي طلبت فطيره ووصلني شاورما مو معقول,دقة الطلب,متوسطة,synthetic
المطعم نسي ناجتس من الطلب وارسل سلطة فتوش بدلا منه ما اعرف وش يصير في المطبخ,دقة الطلب,متوسطة,synthetic
بدلوا مقبلات بوجبه ناقصه نصها بدون ما يخبروني.,دقة الطلب,متوسطة,synthetic
طلبت مشاوي وجاني وجبة شخص ثاني وش هذا,دقة الطلب,متوسطة,synthetic
طلبت وحده تشيكن سلايدر استلمت اقل بكثير.,دقة الطلب,متوسطة,synthetic
ينقص دائما وجبة عائلية او مشروم او كلاهما,دقة الطلب,متوسطة,synthetic
طلبت سلطة سيزر وجاني وجبة منتهية الصلاحيه وش هذا,دقة الطلب,متوسطة,synthetic
اقسم بالله كل مره يجيب متبل بدل تشيكن رول حتى اللي ما طلبته يجيبه,دقة الطلب,متوسطة,synthetic
الطلب فيه نصف الكميه مكرونه ناقصه,دقة الطلب,متوسطة,synthetic
صراحه للاسف اخطاء كل طلب نسوا زيتون ضافوا مايونيز,دقة الطلب,متوسطة,synthetic
تخيل الطلب غلط دائما,دقة الطلب,متوسطة,synthetic
وصلني الطلب وفتحته القيت ان فيه مكرونه مو نودلز اللي طلبته كلمت الدعم بدون فايده,دقة الطلب,متوسطة,synthetic
وصلني الطلب وفتحته القيت ان فيه ورق عنب مو سلطة سيزر اللي طلبته كلمت الدعم بدون فايده.,دقة الطلب,متوسطة,synthetic
الفاتوره فيها شيش طاووق لكن وصلني نودلز فقط,دقة الطلب,متوسطة,synthetic
الصراحه بدلوا تشيكن رول بوجبة شخص ثاني بدون ما يخبروني,دقة الطلب,متوسطة,synthetic
يا اخي طلبت سوشي ووصلني اوزي مو معقول,دقة الطلب,متوسطة,synthetic
طلبت معجنات مع تعديلات معينه يا ليتهم قروها كلها وصلت غلط بدون زبدة,دقة الطلب,متوسطة,synthetic
طلبت كفتة مع تعديلات معينه يا ليتهم قروها كلها وصلت غلط بدون خردل!!!,دقة الطلب,متوسطة,synthetic
يا اخي طلبت سلطة فتوش ووصلني كروسان مو معقول.,دقة الطلب,متوسطة,synthetic
طلبت ثلاث عصير برتقال استلمت اقل بكثير,دقة الطلب,متوسطة,synthetic
طلبت ثلاث سلطة سيزر استلمت اقل بكثير!!!,دقة الطلب,متوسطة,synthetic
طلبت تشيكن رول وجاني صنف بسعر اعلى وش هذا,دقة الطلب,متوسطة,synthetic
الفاتوره فيها بيتزا لكن وصلني ساندويش لحم فقط,دقة الطلب,متوسطة,synthetic
طلبت خمس شاورما استلمت اقل بكثير,دقة الطلب,متوسطة,synthetic
طلبت ناجتس وجاني طلب نص مفقود وش هذا,دقة الطلب,متوسطة,synthetic
تخيل الطلب جا ناقص كم مره ما يتعلمون.,دقة الطلب,متوسطة,synthetic
بدلوا سمبوسك بوجبه ناقصه نصها بدون ما يخبروني,دقة الطلب,متوسطة,synthetic
طلبت سوشي وجاني طلب لشخص اخر وش هذا,دقة الطلب,متوسطة,synthetic
صراحه الكاشير او المطبخ كلهم غلط,دقة الطلب,متوسطة,synthetic
الطلب فيه وحده مندي ناقصه,دقة الطلب,متوسطة,synthetic
طلبت بدون بصل لكن وضعوه كثير...,دقة الطلب,متوسطة,synthetic
طلبت بدون صلصة بشاميل لكن وضعوه مره مره,دقة الطلب,متوسطة,synthetic
طلبت مندي وجاني نسخه غير صحيحه من الطلب وش هذا,دقة الطلب,متوسطة,synthetic
طلبت بدون صلصة باربكيو لكن وضعوه جدا جدا,دقة الطلب,متوسطة,synthetic
الطلب فيه وحده باستا ناقصه,دقة الطلب,متوسطة,synthetic
بدون مخلل مكتوبه بالعربي وبالانجليزي وما اعتمدوها,دقة الطلب,متوسطة,synthetic
شوفوا اخطاء في كل طلب,دقة الطلب,متوسطة,synthetic
طلبت بدون ذره لكن وضعوه مرره,دقة الطلب,متوسطة,synthetic
المطعم نسي مندي من الطلب وارسل كرسبي بدلا منه ما اعرف وش يصير في المطبخ...,دقة الطلب,متوسطة,synthetic
كل مره يجيب مندي بدل نودلز حتى اللي ما طلبته يجيبه...,دقة الطلب,متوسطة,synthetic
طلبت ايس كريم وجاني وجبه ناقصه نصها وش هذا!!!,دقة الطلب,متوسطة,synthetic
الصراحه الطلب فيه ربع الكميه شوربه عدس ناقصه,دقة الطلب,متوسطة,synthetic
ينقص دائما فاهيتا او بصل او كلاهما.,دقة الطلب,متوسطة,synthetic
قسما بدون رمان مكتوبه بالعربي وبالانجليزي وما اعتمدوها.,دقة الطلب,متوسطة,synthetic
بدلوا وجبة الاطفال بصنف ليس على القائمه بدون ما يخبروني,دقة الطلب,متوسطة,synthetic
للاسف رفعت تذكره دعم بسبب نقص الطلب ما رد علي احد,دقة الطلب,متوسطة,synthetic
وجبه سمك مشوي وصلت ناقصه المكونات الاضافات غير صحيحه ابدا,دقة الطلب,متوسطة,synthetic
وجبه بروستد وصلت ناقصه المكونات الاضافات غير صحيحه ابدا!!!,دقة الطلب,متوسطة,synthetic
اول الطلب مكتوب عليه بدون حلاوه لكن وصل مع حلاوه,دقة الطلب,متوسطة,synthetic
والله كل طلباتهم غلط...,دقة الطلب,متوسطة,synthetic
كل order يجي ناقص نفس الشي ،,دقة الطلب,متوسطة,synthetic
طلبت صياديه وجاني طلب لشخص اخر وش هذا ،,دقة الطلب,متوسطة,synthetic
طلبت بدون تمر لكن وضعوه جدا جدا,دقة الطلب,متوسطة,synthetic
كل مره يجيب كرسبي بدل ناجتس حتى اللي ما طلبته يجيبه,دقة الطلب,متوسطة,synthetic
ينقص دائما وجبة عائلية او خس او كلاهما,دقة الطلب,متوسطة,synthetic
نسوا زعتر وبقدونس وانا دفعت ثمنها.,دقة الطلب,متوسطة,synthetic
الفاتوره فيها صياديه لكن وصلني صياديه فقط,دقة الطلب,متوسطة,synthetic
الصراحه الطلب مو طلبي,دقة الطلب,متوسطة,synthetic
كل مره يجيب سمبوسك بدل ميني برجر حتى اللي ما طلبته يجيبه.,دقة الطلب,متوسطة,synthetic
الطلب فيه خمس سوشي ناقصه,دقة الطلب,متوسطة,synthetic
الطلب فيه اكثر من ثلاث سمبوسك ناقصه,دقة الطلب,متوسطة,synthetic
طلبت كنافة وجاني طلب نص مفقود وش هذا,دقة الطلب,متوسطة,synthetic
المطعم نسي فطيره من الطلب وارسل بانكيك بدلا منه ما اعرف وش يصير في المطبخ,دقة الطلب,متوسطة,synthetic
بدلوا شاي اخضر بنوع اخر من الطعام بدون ما يخبروني,دقة الطلب,متوسطة,synthetic
بدلوا تشيكن رول بصنف بسعر اعلى بدون ما يخبروني,دقة الطلب,متوسطة,synthetic
قسما طلبت بدون نعناع لكن وضعوه والله,دقة الطلب,متوسطة,synthetic
تخيل المطعم نسي بخاري من الطلب وارسل ميلك شيك بدلا منه ما اعرف وش يصير في المطبخ,دقة الطلب,متوسطة,synthetic
كل مره يجيب مكرونه بدل تكا حتى اللي ما طلبته يجيبه,دقة الطلب,متوسطة,synthetic
صراحه طلبت بدون صلصه حلوه لكن وضعوه يا اخي,دقة الطلب,متوسطة,synthetic
بصراحه للاسف اخطاء كل طلب نسوا رمان ضافوا خس,دقة الطلب,متوسطة,synthetic
طلبت نقانق وجاني صنف ليس على القائمه وش هذا,دقة الطلب,متوسطة,synthetic
وصلني الطلب وفتحته القيت ان فيه اوزي مو مشكل خضار اللي طلبته كلمت الدعم بدون فايده,دقة الطلب,متوسطة,synthetic
كل مره يجيب كفتة بدل وجبة عائلية حتى اللي ما طلبته يجيبه,دقة الطلب,متوسطة,synthetic
طلب الكمبو ناقص الشراب ولا البطاطس!!!,دقة الطلب,متوسطة,synthetic
تخيل يجيب طلب ثاني مو طلبي ،,دقة الطلب,متوسطة,synthetic
للاسف للاسف اخطاء كل طلب نسوا صلصه شيدر ضافوا بهارات,دقة الطلب,متوسطة,synthetic
طلبت وجبة الغداء وجاني اكل مغاير وش هذا,دقة الطلب,متوسطة,synthetic
بدلوا وجبة العشاء بما لم اطلبه بدون ما يخبروني,دقة الطلب,متوسطة,synthetic
للاسف كل مره يجيب بقلاوه بدل سليق حتى اللي ما طلبته يجيبه.,دقة الطلب,متوسطة,synthetic
للاسف اخطاء كل طلب نسوا مكسرات ضافوا رمان,دقة الطلب,متوسطة,synthetic
وصلني الطلب وفتحته القيت ان فيه نودلز مو اوزي اللي طلبته كلمت الدعم بدون فايده,دقة الطلب,متوسطة,synthetic
للاسف اخطاء كل طلب نسوا صلصة بشاميل ضافوا صلصة باربكيو,دقة الطلب,متوسطة,synthetic
بدون ثوم مكتوبه بالعربي وبالانجليزي وما اعتمدوها,دقة الطلب,متوسطة,synthetic
للاسف اخطاء كل طلب نسوا فلفل حار ضافوا خبز,دقة الطلب,متوسطة,synthetic
المطعم نسي نقانق من الطلب وارسل بطاطا مقلية بدلا منه ما اعرف وش يصير في المطبخ ،,دقة الطلب,متوسطة,synthetic
والله يا اخي الطلب ناقص من زمان نفس المشكله ما تنحل,دقة الطلب,متوسطة,synthetic
الصراحه وجبه ناقصه.,دقة الطلب,متوسطة,synthetic
تخيل وصلني الطلب وفتحته القيت ان فيه تشيكن رول مو وجبة الاطفال اللي طلبته كلمت الدعم بدون فايده,دقة الطلب,متوسطة,synthetic
يا جماعه اضافات غير صحيحه ولا تشبه طلبي,دقة الطلب,متوسطة,synthetic
يا اخي حذفوا اضافات وما خصموا قيمتها من الفاتوره,دقة الطلب,متوسطة,synthetic
الطلب فيه اربع قطع هريسه ناقصه,دقة الطلب,متوسطة,synthetic
وجبه كفتة وصلت ناقصه المكونات الاضافات غير صحيحه ابدا ،,دقة الطلب,متوسطة,synthetic
اقسم بالله دايم الطلبات تجي ناقصه ودايم نفس المشكله,دقة الطلب,متوسطة,synthetic
الطلب فيه اربع سلطة فتوش ناقصه,دقة الطلب,متوسطة,synthetic
طلبت فلافل مع تعديلات معينه يا ليتهم قروها كلها وصلت غلط بدون كزبرة,دقة الطلب,متوسطة,synthetic
المطعم نسي فاهيتا من الطلب وارسل مشكل خضار بدلا منه ما اعرف وش يصير في المطبخ,دقة الطلب,متوسطة,synthetic
اول الطلب مكتوب عليه بدون صلصه حلوه لكن وصل مع صلصه حلوه.,دقة الطلب,متوسطة,synthetic
وجبه صياديه وصلت ناقصه المكونات الاضافات غير صحيحه ابدا,دقة الطلب,متوسطة,synthetic
الفاتوره فيها طلب الفطور لكن وصلني كبسة فقط,دقة الطلب,متوسطة,synthetic
المطعم نسي مفطح من الطلب وارسل بوكس دجاج بدلا منه ما اعرف وش يصير في المطبخ.,دقة الطلب,متوسطة,synthetic
وصلني الطلب وفتحته القيت ان فيه بوكس دجاج مو مفطح اللي طلبته كلمت الدعم بدون فايده.,دقة الطلب,متوسطة,synthetic
طلبت باستا وجاني اكل مغاير وش هذا.,دقة الطلب,متوسطة,synthetic
كل مره يجيب مرقوق بدل وجبة الغداء حتى اللي ما طلبته يجيبه,دقة الطلب,متوسطة,synthetic
بدون بهارات مكتوبه بالعربي وبالانجليزي وما اعتمدوها,دقة الطلب,متوسطة,synthetic
طلبت متبل وجاني طلب نص مفقود وش هذا,دقة الطلب,متوسطة,synthetic
ينقص دائما صياديه او شطه او كلاهما,دقة الطلب,متوسطة,synthetic
ينقص دائما سلطة سيزر او مشروم او كلاهما.,دقة الطلب,متوسطة,synthetic
شوفوا الطلب فيه اثنين سمك مشوي ناقصه,دقة الطلب,متوسطة,synthetic
وصلني الطلب وفتحته القيت ان فيه وجبة الغداء مو هريسه اللي طلبته كلمت الدعم بدون فايده,دقة الطلب,متوسطة,synthetic
بدلوا قهوه عربيه بنوع اخر من الطعام بدون ما يخبروني,دقة الطلب,متوسطة,synthetic
وجبه ناقصه ،,دقة الطلب,متوسطة,synthetic
طلبت بدون ملح لكن وضعوه كثير,دقة الطلب,متوسطة,synthetic
وجبه بانكيك وصلت ناقصه المكونات الاضافات غير صحيحه ابدا!!!,دقة الطلب,متوسطة,synthetic
اول الطلب مكتوب عليه بدون صلصة بشاميل لكن وصل مع صلصة بشاميل ،,دقة الطلب,متوسطة,synthetic
تخيل الكمبو فيه اثنين اشياء وصلني فقط واحد.,دقة الطلب,متوسطة,synthetic
قسما طلبت سمبوسه مع تعديلات معينه يا ليتهم قروها كلها وصلت غلط بدون ملح,دقة الطلب,متوسطة,synthetic
بصراحه المبلغ خصم كامل لكن الطلب فيه نقص واضح.,دقة الطلب,متوسطة,synthetic
بصراحه كتبت ملاحظه واضحه بدون عسل لكن ما قروها,دقة الطلب,متوسطة,synthetic
طلبت اوزي مع تعديلات معينه يا ليتهم قروها كلها وصلت غلط بدون بقدونس,دقة الطلب,متوسطة,synthetic
كل مره يجيب شوربه عدس بدل كنافة حتى اللي ما طلبته يجيبه,دقة الطلب,متوسطة,synthetic
تخيل دايم الطلبات تجي ناقصه ودايم نفس المشكله,دقة الطلب,متوسطة,synthetic
الطلب جا ناقص...,دقة الطلب,متوسطة,synthetic
الصراحه الطلب مو طلبي ،,دقة الطلب,متوسطة,synthetic
بدون زبدة مكتوبه بالعربي وبالانجليزي وما اعتمدوها.,دقة الطلب,متوسطة,synthetic
الطلب جاني ودفعت كامل المبلغ لقيت ان الكميه ناقصه واضافات غير صحيحه ،,دقة الطلب,متوسطة,synthetic
اول الطلب مكتوب عليه بدون ثوم لكن وصل مع ثوم,دقة الطلب,متوسطة,synthetic
وجبه تكا وصلت ناقصه المكونات الاضافات غير صحيحه ابدا...,دقة الطلب,متوسطة,synthetic
بدلوا سمك مشوي بصنف ليس على القائمه بدون ما يخبروني.,دقة الطلب,متوسطة,synthetic
يا اخي الطلب جا ناقص كم مره ما يتعلمون!!!,دقة الطلب,متوسطة,synthetic
صراحه كل مره يجيب تشيكن سلايدر بدل ميلك شيك حتى اللي ما طلبته يجيبه.,دقة الطلب,متوسطة,synthetic
يا اخي المبلغ خصم كامل لكن الطلب فيه نقص واضح,دقة الطلب,متوسطة,synthetic
تخيل يجيب طلب ثاني مو طلبي,دقة الطلب,متوسطة,synthetic
تخيل خلطوا الطلبات استلمت طلب جاري ما طلبي,دقة الطلب,متوسطة,synthetic
يا اخي وجبه وجبة عائلية وصلت ناقصه المكونات الاضافات غير صحيحه ابدا.,دقة الطلب,متوسطة,synthetic
الفاتوره فيها عصير برتقال لكن وصلني تكا فقط.,دقة الطلب,متوسطة,synthetic
وجبه كنافة وصلت ناقصه المكونات الاضافات غير صحيحه ابدا,دقة الطلب,متوسطة,synthetic
دايم ناقص...,دقة الطلب,متوسطة,synthetic
وصلني الطلب وفتحته القيت ان فيه مكرونه مو وجبة الغداء اللي طلبته كلمت الدعم بدون فايده.,دقة الطلب,متوسطة,synthetic
كل مره يجيب زبدية حمص بدل ميني برجر حتى اللي ما طلبته يجيبه ،,دقة الطلب,متوسطة,synthetic
كتبت ملاحظه واضحه بدون طماطم لكن ما قروها ،,دقة الطلب,متوسطة,synthetic
اول الطلب مكتوب عليه بدون خس لكن وصل مع خس.,دقة الطلب,متوسطة,synthetic
يا اخي دقتهم في الطلب سيئه جدا.,دقة الطلب,متوسطة,synthetic
طلبت ربع الكميه كروسان استلمت اقل بكثير,دقة الطلب,متوسطة,synthetic
طلبت ثلاث قهوه عربيه استلمت اقل بكثير,دقة الطلب,متوسطة,synthetic
للاسف طلبت ساندويش لحم مع تعديلات معينه يا ليتهم قروها كلها وصلت غلط بدون طماطم,دقة الطلب,متوسطة,synthetic
الطلب فيه ثلاث اوزي ناقصه,دقة الطلب,متوسطة,synthetic
شوفوا اخطاء كثيره في كل طلب,دقة الطلب,متوسطة,synthetic
كل مره يجيب مشاوي بدل كفتة حتى اللي ما طلبته يجيبه,دقة الطلب,متوسطة,synthetic
الصراحه طلب الكمبو ناقص الشراب ولا البطاطس,دقة الطلب,متوسطة,synthetic
طلبت بدون ثوم لكن وضعوه للاسف,دقة الطلب,متوسطة,synthetic
الفاتوره فيها وجبة عائلية لكن وصلني بانكيك فقط ،,دقة الطلب,متوسطة,synthetic
كتبت ملاحظه واضحه بدون صلصة باربكيو لكن ما قروها...,دقة الطلب,متوسطة,synthetic
اقسم بالله كتبت ملاحظه واضحه بدون ليمون لكن ما قروها ،,دقة الطلب,متوسطة,synthetic
كتبت ملاحظه واضحه بدون ملح لكن ما قروها...,دقة الطلب,متوسطة,synthetic
اول الطلب مكتوب عليه بدون طماطم لكن وصل مع طماطم,دقة الطلب,متوسطة,synthetic
وصلني الطلب وفتحته القيت ان فيه باستا مو شيش طاووق اللي طلبته كلمت الدعم بدون فايده,دقة الطلب,متوسطة,synthetic
طلبت اربع كفتة استلمت اقل بكثير,دقة الطلب,متوسطة,synthetic
طلبت نصف الكميه زبدية حمص استلمت اقل بكثير ،,دقة الطلب,متوسطة,synthetic
طلبت وحده مشاوي استلمت اقل بكثير.,دقة الطلب,متوسطة,synthetic
قسما طلبي جاء غلط online ولا فيه help من الدعم,دقة الطلب,متوسطة,synthetic
اخطاء كثيره في كل طلب...,دقة الطلب,متوسطة,synthetic
بصراحه وش هذا التطبيق طلبي ناقص نص الاشياء!!!,دقة الطلب,متوسطة,synthetic
للاسف الطلب مو طلبي...,دقة الطلب,متوسطة,synthetic
كل مره يجيب كروسان بدل جريش حتى اللي ما طلبته يجيبه.,دقة الطلب,متوسطة,synthetic
يا جماعه يا اخي الطلب ناقص من زمان نفس المشكله ما تنحل,دقة الطلب,متوسطة,synthetic
للاسف الطلب مو طلبي!!!,دقة الطلب,متوسطة,synthetic
بدون زبدة مكتوبه بالعربي وبالانجليزي وما اعتمدوها,دقة الطلب,متوسطة,synthetic
طلبت وحده وجبة عائلية استلمت اقل بكثير...,دقة الطلب,متوسطة,synthetic
الطلب فيه اثنين بطاطا مقلية ناقصه,دقة الطلب,متوسطة,synthetic
يا جماعه الباركود يوضح الطلب بس المطعم تجاهله,دقة الطلب,متوسطة,synthetic
ينقص دائما نقانق او صلصه شيدر او كلاهما,دقة الطلب,متوسطة,synthetic
كتبت ملاحظه واضحه بدون زبدة لكن ما قروها ،,دقة الطلب,متوسطة,synthetic
بصراحه طلبي جاء غلط online ولا فيه help من الدعم ،,دقة الطلب,متوسطة,synthetic
كل مره يجيب شيش طاووق بدل كرسبي حتى اللي ما طلبته يجيبه,دقة الطلب,متوسطة,synthetic
للاسف اخطاء كل طلب نسوا خل ضافوا زعتر.,دقة الطلب,متوسطة,synthetic
الفاتوره فيها سلطة فتوش لكن وصلني نودلز فقط,دقة الطلب,متوسطة,synthetic
طلبت مكرونه وجاني وجبة بارده وش هذا,دقة الطلب,متوسطة,synthetic
نسوا مشروم وصوص ثوم وانا دفعت ثمنها,دقة الطلب,متوسطة,synthetic
طلبت خمس تشيكن سلايدر استلمت اقل بكثير,دقة الطلب,متوسطة,synthetic
يا جماعه اخطاء كثيره في كل طلب.,دقة الطلب,متوسطة,synthetic
كل مره يجيب وجبة دجاج بدل وجبة العشاء حتى اللي ما طلبته يجيبه,دقة الطلب,متوسطة,synthetic
والله رفعت تذكره دعم بسبب نقص الطلب ما رد علي احد,دقة الطلب,متوسطة,synthetic
كتبت ملاحظه واضحه بدون كريمة لكن ما قروها.,دقة الطلب,متوسطة,synthetic
طلبت اكثر من ثلاث مقبلات استلمت اقل بكثير,دقة الطلب,متوسطة,synthetic
للاسف اخطاء كل طلب نسوا صلصة باربكيو ضافوا جبنة,دقة الطلب,متوسطة,synthetic
يا اخي طلبت سوشي ووصلني شاي اخضر مو معقول,دقة الطلب,متوسطة,synthetic
طلبت جريش وجاني صنف اخر مو طلبي وش هذا!!!,دقة الطلب,متوسطة,synthetic
طلبت بدون بهارات لكن وضعوه والله.,دقة الطلب,متوسطة,synthetic
بدلوا كروسان بوجبة قديمه بدون ما يخبروني...,دقة الطلب,متوسطة,synthetic
يا جماعه كل order يجي ناقص نفس الشي.,دقة الطلب,متوسطة,synthetic
تخيل والله ما اطلب منهم بعد طلبي يجي غلط دايما.,دقة الطلب,متوسطة,synthetic
بصراحه كتبت ملاحظه واضحه بدون مشروم لكن ما قروها.,دقة الطلب,متوسطة,synthetic
اقسم بالله الباركود يوضح الطلب بس المطعم تجاهله.,دقة الطلب,متوسطة,synthetic
شوفوا اخطاء كثيره في كل طلب.,دقة الطلب,متوسطة,synthetic
وصلني الطلب وفتحته القيت ان فيه حمص مو بانكيك اللي طلبته كلمت الدعم بدون فايده,دقة الطلب,متوسطة,synthetic
الفاتوره فيها مطبق لكن وصلني شوربه عدس فقط,دقة الطلب,متوسطة,synthetic
يا اخي طلبت سلطة سيزر ووصلني مشاوي مو معقول ،,دقة الطلب,متوسطة,synthetic
كتبت ملاحظه واضحه بدون بهارات لكن ما قروها...,دقة الطلب,متوسطة,synthetic
للاسف اخطاء كل طلب نسوا خس ضافوا بصل.,دقة الطلب,متوسطة,synthetic
الكمبو فيه ست قطع اشياء وصلني فقط واحد ،,دقة الطلب,متوسطة,synthetic
للاسف اخطاء كل طلب نسوا صلصة باربكيو ضافوا تمر.,دقة الطلب,متوسطة,synthetic
يا اخي بدون صلصة طماطم مكتوبه بالعربي وبالانجليزي وما اعتمدوها.,دقة الطلب,متوسطة,synthetic
المطعم نسي شوربه عدس من الطلب وارسل كباب بدلا منه ما اعرف وش يصير في المطبخ,دقة الطلب,متوسطة,synthetic
وصلني الطلب وفتحته القيت ان فيه كفتة مو سوشي اللي طلبته كلمت الدعم بدون فايده,دقة الطلب,متوسطة,synthetic
الفاتوره فيها فطيره لكن وصلني وجبة الاطفال فقط,دقة الطلب,متوسطة,synthetic
طلبت مشكل خضار وجاني اكل لشخص ثاني تماما وش هذا.,دقة الطلب,متوسطة,synthetic
تخيل دايم ناقص,دقة الطلب,متوسطة,synthetic
طلبت اربع عصير برتقال استلمت اقل بكثير.,دقة الطلب,متوسطة,synthetic
يا جماعه كل طلباتهم غلط,دقة الطلب,متوسطة,synthetic
الصراحه يجيب طلب ثاني مو طلبي!!!,دقة الطلب,متوسطة,synthetic
صراحه اضافات غير صحيحه ولا تشبه طلبي.,دقة الطلب,متوسطة,synthetic
يا جماعه الطلب مو طلبي,دقة الطلب,متوسطة,synthetic
بدلوا شاي اخضر باكل لشخص ثاني تماما بدون ما يخبروني,دقة الطلب,متوسطة,synthetic
تخيل الطلب جاني ودفعت كامل المبلغ لقيت ان الكميه ناقصه واضافات غير صحيحه.,دقة الطلب,متوسطة,synthetic
طلبت اربع قطع تشيكن سلايدر استلمت اقل بكثير.,دقة الطلب,متوسطة,synthetic
يا جماعه غلط في غلط...,دقة الطلب,متوسطة,synthetic
الصراحه يجيب طلب ثاني مو طلبي.,دقة الطلب,متوسطة,synthetic
يا اخي طلبت ايس كريم ووصلني طلب الفطور مو معقول...,دقة الطلب,متوسطة,synthetic
المطعم نسي تشيكن سلايدر من الطلب وارسل هريسه بدلا منه ما اعرف وش يصير في المطبخ,دقة الطلب,متوسطة,synthetic
ينقص دائما ساندويش لحم او كزبرة او كلاهما,دقة الطلب,متوسطة,synthetic
طلبت شيش طاووق مع تعديلات معينه يا ليتهم قروها كلها وصلت غلط بدون جبنة,دقة الطلب,متوسطة,synthetic
يا اخي طلبي جاء غلط online ولا فيه help من الدعم,دقة الطلب,متوسطة,synthetic
للاسف اخطاء كل طلب نسوا بطاطس ضافوا ملح,دقة الطلب,متوسطة,synthetic
ينقص دائما زبدية حمص او بقدونس او كلاهما,دقة الطلب,متوسطة,synthetic
تخيل كل طلباتهم غلط في غلط ما اطلب منهم تاني.,دقة الطلب,متوسطة,synthetic
كتبت ملاحظه واضحه بدون زعتر لكن ما قروها,دقة الطلب,متوسطة,synthetic
للاسف اخطاء كل طلب نسوا شطه ضافوا صلصة طماطم,دقة الطلب,متوسطة,synthetic
كل مره يجيب فطيره بدل سلطة فتوش حتى اللي ما طلبته يجيبه ،,دقة الطلب,متوسطة,synthetic
يا اخي وجبه طلب الفطور وصلت ناقصه المكونات الاضافات غير صحيحه ابدا,دقة الطلب,متوسطة,synthetic
الصراحه كل مره اطلب كل مره ينقص شي دايم نفس القصه ما يتعلمون من الاخطاء.,دقة الطلب,متوسطة,synthetic
بدلوا كولا بوجبه بدون مكونات اساسيه بدون ما يخبروني,دقة الطلب,متوسطة,synthetic
كتبت ملاحظه واضحه بدون مكسرات لكن ما قروها,دقة الطلب,متوسطة,synthetic
الكمبو فيه خمس اشياء وصلني فقط واحد.,دقة الطلب,متوسطة,synthetic
تخيل وصلني الطلب وفتحته القيت ان فيه وجبة الغداء مو تشيكن رول اللي طلبته كلمت الدعم بدون فايده.,دقة الطلب,متوسطة,synthetic
يا اخي طلبت مشكل خضار ووصلني تشيكن سلايدر مو معقول,دقة الطلب,متوسطة,synthetic
كل مره يجيب بخاري بدل كنافة حتى اللي ما طلبته يجيبه,دقة الطلب,متوسطة,synthetic
طلبت بدون مكسرات لكن وضعوه والله,دقة الطلب,متوسطة,synthetic
ينقص دائما سمبوسك او جبنة او كلاهما,دقة الطلب,متوسطة,synthetic
الطلب فيه ثلاث سمك مشوي ناقصه,دقة الطلب,متوسطة,synthetic
طلبت اربع قطع سلطة سيزر استلمت اقل بكثير,دقة الطلب,متوسطة,synthetic
صراحه الفاتوره فيها بانكيك لكن وصلني كرسبي فقط,دقة الطلب,متوسطة,synthetic
للاسف اخطاء كل طلب نسوا تمر ضافوا بقدونس.,دقة الطلب,متوسطة,synthetic
نسوا طماطم وزبدة وانا دفعت ثمنها,دقة الطلب,متوسطة,synthetic
اقسم بالله اخطاء في كل طلب,دقة الطلب,متوسطة,synthetic
يا جماعه الطلب جا ناقص كم مره ما يتعلمون,دقة الطلب,متوسطة,synthetic
للاسف اخطاء كل طلب نسوا مكسرات ضافوا بهارات,دقة الطلب,متوسطة,synthetic
وصلني الطلب وفتحته القيت ان فيه ايس كريم مو مكرونه اللي طلبته كلمت الدعم بدون فايده,دقة الطلب,متوسطة,synthetic
اول الطلب مكتوب عليه بدون فلفل لكن وصل مع فلفل,دقة الطلب,متوسطة,synthetic
كل مره يجيب شاي اخضر بدل وجبة دجاج حتى اللي ما طلبته يجيبه,دقة الطلب,متوسطة,synthetic
شوفوا المبلغ خصم كامل لكن الطلب فيه نقص واضح,دقة الطلب,متوسطة,synthetic
المطعم نسي كبسة من الطلب وارسل هريسه بدلا منه ما اعرف وش يصير في المطبخ,دقة الطلب,متوسطة,synthetic
للاسف اخطاء كل طلب نسوا صوص ثوم ضافوا خردل,دقة الطلب,متوسطة,synthetic
طلبت فاهيتا مع تعديلات معينه يا ليتهم قروها كلها وصلت غلط بدون صلصة طماطم...,دقة الطلب,متوسطة,synthetic
كل مره يجيب طلب الفطور بدل باستا حتى اللي ما طلبته يجيبه,دقة الطلب,متوسطة,synthetic
صراحه كل مره يجيب وجبة عائلية بدل كفتة حتى اللي ما طلبته يجيبه ،,دقة الطلب,متوسطة,synthetic
بدلوا شاورما بصنف اخر مو طلبي بدون ما يخبروني,دقة الطلب,متوسطة,synthetic
بصراحه يا اخي الطلب ناقص من زمان نفس المشكله ما تنحل,دقة الطلب,متوسطة,synthetic
وصلني الطلب وفتحته القيت ان فيه وجبة عائلية مو مشكل خضار اللي طلبته كلمت الدعم بدون فايده,دقة الطلب,متوسطة,synthetic
طلبت فلافل مع تعديلات معينه يا ليتهم قروها كلها وصلت غلط بدون عسل,دقة الطلب,متوسطة,synthetic
ينقص دائما كنافة او زنجبيل او كلاهما,دقة الطلب,متوسطة,synthetic
بدلوا وجبة الاطفال هابي ميل بوجبة قديمه بدون ما يخبروني,دقة الطلب,متوسطة,synthetic
نسوا شطه وخردل وانا دفعت ثمنها,دقة الطلب,متوسطة,synthetic
للاسف اخطاء كل طلب نسوا زيتون ضافوا ثوم.,دقة الطلب,متوسطة,synthetic
order كله غلط وما فيه refund!!!,دقة الطلب,متوسطة,synthetic
شوفوا شوفوا يا جماعه الطلب فيه نقص واضح,دقة الطلب,متوسطة,synthetic
للاسف اخطاء كل طلب نسوا خس ضافوا مخلل.,دقة الطلب,متوسطة,synthetic
بدلوا وجبة الاطفال بحجم اصغر بدون ما يخبروني,دقة الطلب,متوسطة,synthetic
قسما كل order يجي ناقص نفس الشي,دقة الطلب,متوسطة,synthetic
طلبت بدون كزبرة لكن وضعوه جدا جدا,دقة الطلب,متوسطة,synthetic
بصراحه كل طلباتهم غلط,دقة الطلب,متوسطة,synthetic
للاسف اخطاء كل طلب نسوا سكر ضافوا بصل...,دقة الطلب,متوسطة,synthetic
المطعم نسي مشاوي من الطلب وارسل مقبلات بدلا منه ما اعرف وش يصير في المطبخ...,دقة الطلب,متوسطة,synthetic
الطلب فيه اكثر من ثلاث كباب ناقصه,دقة الطلب,متوسطة,synthetic
بدلوا مكرونه بوجبه ناقصه نصها بدون ما يخبروني,دقة الطلب,متوسطة,synthetic
يا اخي كل مره يجيب نقانق بدل كفتة حتى اللي ما طلبته يجيبه,دقة الطلب,متوسطة,synthetic
بصراحه الطلب جا ناقص!!!,دقة الطلب,متوسطة,synthetic
للاسف دايم الطلبات تجي ناقصه ودايم نفس المشكله,دقة الطلب,متوسطة,synthetic
الفاتوره فيها كنافة لكن وصلني اوزي فقط,دقة الطلب,متوسطة,synthetic
وصلني الطلب وفتحته القيت ان فيه ورق عنب مو شاي اخضر اللي طلبته كلمت الدعم بدون فايده,دقة الطلب,متوسطة,synthetic
شوفوا طلب فاشل ناقص في كل مره ،,دقة الطلب,متوسطة,synthetic
بصراحه الطلب جاني غلط تماما لا انصح ابدا...,دقة الطلب,متوسطة,synthetic
كتبت ملاحظه واضحه بدون خردل لكن ما قروها,دقة الطلب,متوسطة,synthetic
للاسف كتبت ملاحظه واضحه بدون خبز لكن ما قروها.,دقة الطلب,متوسطة,synthetic
طلبت ثلاث وجبة دجاج استلمت اقل بكثير.,دقة الطلب,متوسطة,synthetic
كتبت ملاحظه واضحه بدون كزبرة لكن ما قروها,دقة الطلب,متوسطة,synthetic
تخيل الطلب جاني ودفعت كامل المبلغ لقيت ان الكميه ناقصه واضافات غير صحيحه,دقة الطلب,متوسطة,synthetic
نسوا تمر وبصل وانا دفعت ثمنها,دقة الطلب,متوسطة,synthetic
يا اخي طلبت صياديه ووصلني بقلاوه مو معقول!!!,دقة الطلب,متوسطة,synthetic
الفاتوره فيها نودلز لكن وصلني ميني برجر فقط,دقة الطلب,متوسطة,synthetic
طلبت ميني برجر وجاني وجبة منتهية الصلاحيه وش هذا,دقة الطلب,متوسطة,synthetic
والله وصلني الطلب وفتحته القيت ان فيه باستا مو نقانق اللي طلبته كلمت الدعم بدون فايده,دقة الطلب,متوسطة,synthetic
المطعم نسي وجبة الاطفال هابي ميل من الطلب وارسل كبسة بدلا منه ما اعرف وش يصير في المطبخ,دقة الطلب,متوسطة,synthetic
الفاتوره فيها سلطة فتوش لكن وصلني سوشي فقط.,دقة الطلب,متوسطة,synthetic
ينقص دائما جريش او زعتر او كلاهما,دقة الطلب,متوسطة,synthetic
للاسف كل order يجي ناقص نفس الشي ،,دقة الطلب,متوسطة,synthetic
المطعم نسي سمبوسك من الطلب وارسل صياديه بدلا منه ما اعرف وش يصير في المطبخ,دقة الطلب,متوسطة,synthetic
وجبه مشكل خضار وصلت ناقصه المكونات الاضافات غير صحيحه ابدا,دقة الطلب,متوسطة,synthetic
طلبت سمبوسه مع تعديلات معينه يا ليتهم قروها كلها وصلت غلط بدون زعتر ،,دقة الطلب,متوسطة,synthetic
للاسف بدون رمان مكتوبه بالعربي وبالانجليزي وما اعتمدوها,دقة الطلب,متوسطة,synthetic
اقسم بالله دايما ناقص دايما غلط,دقة الطلب,متوسطة,synthetic
الطلب فيه ست قطع ميني برجر ناقصه,دقة الطلب,متوسطة,synthetic
للاسف اخطاء كل طلب نسوا ليمون ضافوا صلصه شيدر,دقة الطلب,متوسطة,synthetic
طلبت شوربه عدس مع تعديلات معينه يا ليتهم قروها كلها وصلت غلط بدون كاتشب,دقة الطلب,متوسطة,synthetic
بدلوا هريسه باكل غير ناضج بدون ما يخبروني!!!,دقة الطلب,متوسطة,synthetic
طلبت فطيره وجاني اكل غير ناضج وش هذا,دقة الطلب,متوسطة,synthetic
وصلني الطلب وفتحته القيت ان فيه بقلاوه مو وجبة الاطفال اللي طلبته كلمت الدعم بدون فايده,دقة الطلب,متوسطة,synthetic
طلبت مفطح وجاني طلب لشخص اخر وش هذا,دقة الطلب,متوسطة,synthetic
كتبت ملاحظه واضحه بدون زيتون لكن ما قروها.,دقة الطلب,متوسطة,synthetic
للاسف اخطاء كل طلب نسوا شطه ضافوا صلصة بشاميل.,دقة الطلب,متوسطة,synthetic
طلبت وجبة الاطفال هابي ميل وجاني اكل مغاير وش هذا,دقة الطلب,متوسطة,synthetic
بدلوا ايس كريم بصنف مختلف تماما بدون ما يخبروني,دقة الطلب,متوسطة,synthetic
الفاتوره فيها تكا لكن وصلني وجبة عائلية فقط.,دقة الطلب,متوسطة,synthetic
نسوا رمان وبطاطس وانا دفعت ثمنها.,دقة الطلب,متوسطة,synthetic
صراحه كل مره يجيب كروسان بدل ساندويش لحم حتى اللي ما طلبته يجيبه,دقة الطلب,متوسطة,synthetic
طلبت ست قطع فطيره استلمت اقل بكثير,دقة الطلب,متوسطة,synthetic
الطلب فيه اكثر من ثلاث فطيره ناقصه.,دقة الطلب,متوسطة,synthetic
كل مره يجيب معجنات بدل برجر حتى اللي ما طلبته يجيبه,دقة الطلب,متوسطة,synthetic
يا جماعه الكمبو فيه خمس اشياء وصلني فقط واحد ،,دقة الطلب,متوسطة,synthetic
طلبت بدون نعناع لكن وضعوه بشكل مبالغ فيه!!!,دقة الطلب,متوسطة,synthetic
يا اخي طلبت فطيره ووصلني بخاري مو معقول...,دقة الطلب,متوسطة,synthetic
يا اخي طلبت مفطح ووصلني ايس كريم مو معقول,دقة الطلب,متوسطة,synthetic
وصلني الطلب وفتحته القيت ان فيه سلطة فتوش مو وجبة الغداء اللي طلبته كلمت الدعم بدون فايده,دقة الطلب,متوسطة,synthetic
طلبت فاهيتا مع تعديلات معينه يا ليتهم قروها كلها وصلت غلط بدون ليمون.,دقة الطلب,متوسطة,synthetic
يا جماعه للاسف اصبح تطبيق فاشل لا يوضح طلبات العميل اما يوصل ناقص او غير المطلوب,دقة الطلب,متوسطة,synthetic
ينقص دائما ناجتس او نعناع او كلاهما...,دقة الطلب,متوسطة,synthetic
يا جماعه بدون زنجبيل مكتوبه بالعربي وبالانجليزي وما اعتمدوها.,دقة الطلب,متوسطة,synthetic
للاسف اخطاء كل طلب نسوا نعناع ضافوا صلصه شيدر.,دقة الطلب,متوسطة,synthetic
وصلني الطلب وفتحته القيت ان فيه مطبق مو فلافل اللي طلبته كلمت الدعم بدون فايده,دقة الطلب,متوسطة,synthetic
ينقص دائما فطيره او شطه او كلاهما,دقة الطلب,متوسطة,synthetic
بدلوا شيش طاووق باكل لشخص ثاني تماما بدون ما يخبروني ،,دقة الطلب,متوسطة,synthetic
اول الطلب مكتوب عليه بدون بقدونس لكن وصل مع بقدونس.,دقة الطلب,متوسطة,synthetic
الفاتوره فيها اوزي لكن وصلني مندي فقط,دقة الطلب,متوسطة,synthetic
الكمبو فيه ست قطع اشياء وصلني فقط واحد.,دقة الطلب,متوسطة,synthetic
اقسم بالله المطعم نسي برجر من الطلب وارسل زبدية حمص بدلا منه ما اعرف وش يصير في المطبخ.,دقة الطلب,متوسطة,synthetic
وجبه كروسان وصلت ناقصه المكونات الاضافات غير صحيحه ابدا!!!,دقة الطلب,متوسطة,synthetic
بصراحه يا اخي طلبت مطبق ووصلني كنافة مو معقول...,دقة الطلب,متوسطة,synthetic
شوفوا بصراحه الطلب جاني غلط تماما لا انصح ابدا ،,دقة الطلب,متوسطة,synthetic
طلبت بروستد وجاني وجبه محشيه بمكونات لم اطلبها وش هذا.,دقة الطلب,متوسطة,synthetic
تخيل الباركود يوضح الطلب بس المطعم تجاهله,دقة الطلب,متوسطة,synthetic
المطعم نسي تشيكن سلايدر من الطلب وارسل كبسة بدلا منه ما اعرف وش يصير في المطبخ,دقة الطلب,متوسطة,synthetic
للاسف يا اخي الطلب ناقص من زمان نفس المشكله ما تنحل.,دقة الطلب,متوسطة,synthetic
الواجهه كانت غير مناسبه طوال الوقت لا توجد راحه ابدا.,الجو والمكان,متوسطة,synthetic
عند الدخول لاحظت ان الموسيقى سيئه التهويه والتهويه كذلك,الجو والمكان,متوسطة,synthetic
موقف سيارات صفر,الجو والمكان,متوسطة,synthetic
الزحمه عند الدخول ما تتحمل ولا فيه قسم عائلات...,الجو والمكان,متوسطة,synthetic
الدخان في المطعم يخنق ما فيه شفط هواء,الجو والمكان,متوسطة,synthetic
زحمه عند المدخل وريحه زيت قلي تجربه فاشله,الجو والمكان,متوسطة,synthetic
المطعم decor قديم ويحتاج تجديد كامل ،,الجو والمكان,متوسطة,synthetic
الجو مو حلو,الجو والمكان,متوسطة,synthetic
تجربه سيئه من ناحيه الديكور الالوان مكتظه تخلي الجلسه مش مريحه,الجو والمكان,متوسطة,synthetic
يا جماعه التكييف ضعيف ما يبرد المكان حر مرره,الجو والمكان,متوسطة,synthetic
الزحمه عند الدخول ما تتحمل ولا فيه قسم عائلات,الجو والمكان,متوسطة,synthetic
الجلسه زفت والتراس غير مريحه المكان تتعب الزبون,الجو والمكان,متوسطة,synthetic
المطعم صغير وما يكفي العدد,الجو والمكان,متوسطة,synthetic
تجربه سيئه من ناحيه الديكور الديكورات خانقه تحتاج تجديد,الجو والمكان,متوسطة,synthetic
الجو العام للمطعم سيء الباب غير مريحه والصاله ضيقه.,الجو والمكان,متوسطة,synthetic
كل ما تطلع من المطعم ملابسك ريحتها زفت,الجو والمكان,متوسطة,synthetic
المطعم باسمه فقط الديكور قديم والاجواء سيئه,الجو والمكان,متوسطة,synthetic
المساحه كانت غير مناسبه طوال الوقت لا توجد راحه ابدا.,الجو والمكان,متوسطة,synthetic
عند الدخول لاحظت ان الالوان متسخه والمقاعد كذلك,الجو والمكان,متوسطة,synthetic
بصراحه المكان مو على المستوى المتوقع,الجو والمكان,متوسطة,synthetic
صوت تليفزيون عالي طوال الوقت ما تقدر تجلس,الجو والمكان,متوسطة,synthetic
المطعم سيء الجو تحتاج تجديد والديكور قديم.,الجو والمكان,متوسطة,synthetic
بدخول المطعم تشعر بالضيق الكنبات بايخه وريحه خانقه.,الجو والمكان,متوسطة,synthetic
الديكور والاجواء يخلونك تطلع بسرعه,الجو والمكان,متوسطة,synthetic
بدخول المطعم تشعر بالضيق الالوان ضعيفه وريحه خانقه,الجو والمكان,متوسطة,synthetic
للاسف بصراحه المكان مو على المستوى المتوقع,الجو والمكان,متوسطة,synthetic
يا اخي المكان زفت ما اعود,الجو والمكان,متوسطة,synthetic
الديكور interior سيء مرره ما يستاهل ،,الجو والمكان,متوسطة,synthetic
اضاءه ضعيفه!!!,الجو والمكان,متوسطة,synthetic
الديكور والاجواء يخلونك تطلع بسرعه...,الجو والمكان,متوسطة,synthetic
المطعم سيء الجو تخلي الجلسه مش مريحه والديكور قديم,الجو والمكان,متوسطة,synthetic
شوفوا الاجواء تحتاج تجديد بسبب ان الزوايا ضعيفه,الجو والمكان,متوسطة,synthetic
ما انصح بالمكان الجو غير مريح ابدا.,الجو والمكان,متوسطة,synthetic
كراسي مو مريحه,الجو والمكان,متوسطة,synthetic
المطعم سيء الجو لا تليق بمطعم بهذا الاسم والديكور قديم,الجو والمكان,متوسطة,synthetic
المقاعد كانت متهالكه طوال الوقت لا توجد راحه ابدا,الجو والمكان,متوسطة,synthetic
الديكور قديم جدا,الجو والمكان,متوسطة,synthetic
اضاءه كافيه لكن الالوان كئيبه,الجو والمكان,متوسطة,synthetic
المطعم decor قديم ويحتاج تجديد كامل,الجو والمكان,متوسطة,synthetic
المطعم صغير وما يكفي العدد.,الجو والمكان,متوسطة,synthetic
الديكور تقليدي مكرر في كل المطاعم,الجو والمكان,متوسطة,synthetic
اسعار عاليه على هذا الديكور داخل المطعم لا تطاق,الجو والمكان,متوسطة,synthetic
قسم العائلات صغير مرره وكراسي قليله,الجو والمكان,متوسطة,synthetic
تكييف ضعيف,الجو والمكان,متوسطة,synthetic
تخيل الارضيات متسخه وما فيه احد ينظف.,الجو والمكان,متوسطة,synthetic
والله الحمامات نظافتها سيئه جدا,الجو والمكان,متوسطة,synthetic
تخيل تجربه احباط الديكور سيء والمكان مزدحم.,الجو والمكان,متوسطة,synthetic
حر داخل المطعم,الجو والمكان,متوسطة,synthetic
والله ديكور قديم وما يستاهل,الجو والمكان,متوسطة,synthetic
للاسف المكان كئيب الديكور قديم والاضاءه ضعيفه,الجو والمكان,متوسطة,synthetic
الاضاءه في المطعم غير نظيفه جدا وتخنقني,الجو والمكان,متوسطة,synthetic
الديكور قديم الفناء متهالكه وزحمه عند المدخل,الجو والمكان,متوسطة,synthetic
المطعم غالي والديكور رخيص ،,الجو والمكان,متوسطة,synthetic
كنبات قديمه ومتسخه طاولات مهتزه,الجو والمكان,متوسطة,synthetic
الاسعار تطلب ديكور افضل الواجهه مظلمه,الجو والمكان,متوسطة,synthetic
التكييف غير نظيفه والانارة زفت المكان لا تناسب نوع المطعم,الجو والمكان,متوسطة,synthetic
شوفوا موقف سيارات صفر ،,الجو والمكان,متوسطة,synthetic
الجلسه مو مريحه,الجو والمكان,متوسطة,synthetic
للاسف تكييف معطل في يوم حار جدا,الجو والمكان,متوسطة,synthetic
كنبات قديمه ومتسخه طاولات مهتزه.,الجو والمكان,متوسطة,synthetic
الديكور قديم التهويه مزعجه وصوت تليفزيون عالي,الجو والمكان,متوسطة,synthetic
بصراحه المكان مو على المستوى المتوقع ،,الجو والمكان,متوسطة,synthetic
شوفوا يا جماعه الجو في هذا المطعم سيء جدا.,الجو والمكان,متوسطة,synthetic
صوت طناجر من المطبخ كانت الكارثه الكبرى,الجو والمكان,متوسطة,synthetic
ريحه دخان!!!,الجو والمكان,متوسطة,synthetic
اقسم بالله الحمامات نظافتها سيئه جدا,الجو والمكان,متوسطة,synthetic
المطعم يفتقر للخصوصيه ما فيه فواصل,الجو والمكان,متوسطة,synthetic
ما انصح بالمكان الجو غير مريح ابدا...,الجو والمكان,متوسطة,synthetic
الجلسات الخارجيه مكشوفه على الشارع مزعج,الجو والمكان,متوسطة,synthetic
تدفع كثير لكن المكان حاره,الجو والمكان,متوسطة,synthetic
المكان كله مشاكل الانارة ضعيفه الانارة الاضاءه خانقه وما فيه موقف سيارات,الجو والمكان,متوسطة,synthetic
تجربه سيئه من ناحيه الديكور الارضيات بايخه تخلي الجلسه مش مريحه,الجو والمكان,متوسطة,synthetic
الحمامات نظافتها سيئه جدا,الجو والمكان,متوسطة,synthetic
يا اخي الاجواء تحتاج تجديد بسبب ان الديكور كئيبه.,الجو والمكان,متوسطة,synthetic
ريحه الزيت في المطعم خانقه ما اقدر اتنفس.,الجو والمكان,متوسطة,synthetic
ما فيه موقف للسيارات اضطر اوقف بعيد,الجو والمكان,متوسطة,synthetic
المساحه متهالكه مما جعل الجلسه غير ممتعه ابدا.,الجو والمكان,متوسطة,synthetic
المطعم يفتقر للخصوصيه ما فيه فواصل.,الجو والمكان,متوسطة,synthetic
المكان دايم مزدحم ما تلقى طاوله فاضيه,الجو والمكان,متوسطة,synthetic
الجو العام للمطعم سيء الفناء ضعيفه الانارة والصاله ضيقه,الجو والمكان,متوسطة,synthetic
يا جماعه حر داخل المطعم...,الجو والمكان,متوسطة,synthetic
قسما المطعم مزدحم,الجو والمكان,متوسطة,synthetic
الحراره داخل المطعم ما تتحمل,الجو والمكان,متوسطة,synthetic
ابحثوا عن مكان غيره الديكور سيء...,الجو والمكان,متوسطة,synthetic
AC ضعيف والمكان حار,الجو والمكان,متوسطة,synthetic
صراحه الكراسي سيئه التهويه والالوان حاره المكان تفسد التجربه كامله,الجو والمكان,متوسطة,synthetic
المكان ضيق,الجو والمكان,متوسطة,synthetic
صراحه الديكور قديم الكراسي مهتزه وزحمه عند المدخل,الجو والمكان,متوسطة,synthetic
اضاءه ضعيفه ،,الجو والمكان,متوسطة,synthetic
المكان دايم مزدحم ما تلقى طاوله فاضيه...,الجو والمكان,متوسطة,synthetic
موقف سيارات صفر!!!,الجو والمكان,متوسطة,synthetic
تخيل حر شديد داخل المطعم لا تطاق,الجو والمكان,متوسطة,synthetic
صراحه المكان فيه زحمه عند المدخل ما يخليك تستمتع,الجو والمكان,متوسطة,synthetic
قسما المكان غير لائق المساحه صغيره والالوان بارده!!!,الجو والمكان,متوسطة,synthetic
المطعم سيء الجو تشعرني بالضيق والديكور قديم,الجو والمكان,متوسطة,synthetic
موسيقى عاليه,الجو والمكان,متوسطة,synthetic
الديكور قديم والحديقه غير مريحه الجو تذكرني ما اعود,الجو والمكان,متوسطة,synthetic
المكان فيه موسيقى عاليه ما يخليك تستمتع,الجو والمكان,متوسطة,synthetic
WiFi ضعيف والديكور سيء,الجو والمكان,متوسطة,synthetic
المطعم سيء الجو تذكرني ما اعود والديكور قديم,الجو والمكان,متوسطة,synthetic
للاسف تجربه سيئه من ناحيه الديكور السقف ضيقه تفسد التجربه كامله,الجو والمكان,متوسطة,synthetic
المكان متسخ!!!,الجو والمكان,متوسطة,synthetic
التكييف ضعيف ما يبرد المكان حر مرره,الجو والمكان,متوسطة,synthetic
تكييف معطل في يوم حار جدا.,الجو والمكان,متوسطة,synthetic
المكان فيه مشاكل كثيره السقف سيئه والجلسات الخارجيه مزدحمه,الجو والمكان,متوسطة,synthetic
شوفوا اضاءه كافيه لكن الالوان كئيبه,الجو والمكان,متوسطة,synthetic
الارضيات متهالكه والانارة بارده المكان تخلي الزبون يستعجل ويطلع,الجو والمكان,متوسطة,synthetic
عند الدخول لاحظت ان موقف السيارات ضعيفه والحمامات كذلك,الجو والمكان,متوسطة,synthetic
المطعم بارد جدا التكييف على اخره,الجو والمكان,متوسطة,synthetic
المكان كله مشاكل موقف السيارات زفت الدرج خايسه وبرد شديد,الجو والمكان,متوسطة,synthetic
بدخول المطعم تشعر بالضيق الطاوله سيئه وريحه خانقه,الجو والمكان,متوسطة,synthetic
كراسي مو مريحه.,الجو والمكان,متوسطة,synthetic
الجلسه في المطعم ضعيفه جدا ولا توحي بالراحه,الجو والمكان,متوسطة,synthetic
اضاءه ضعيفه...,الجو والمكان,متوسطة,synthetic
تجربه سيئه بسبب الديكور والاجواء,الجو والمكان,متوسطة,synthetic
للاسف تدفع كثير لكن المكان ضعيفه الانارة,الجو والمكان,متوسطة,synthetic
تخيل المطعم باسمه فقط الديكور قديم والاجواء سيئه,الجو والمكان,متوسطة,synthetic
المكان كله مشاكل الحراره بارده الكراسي سيئه التهويه وطاولات صغيره ومتلاصقه,الجو والمكان,متوسطة,synthetic
AC ضعيف والمكان حار.,الجو والمكان,متوسطة,synthetic
ابحثوا عن مكان غيره الديكور سيء,الجو والمكان,متوسطة,synthetic
الطاولات لزجه ما مسحوها,الجو والمكان,متوسطة,synthetic
ريحه دخان.,الجو والمكان,متوسطة,synthetic
شوفوا يا جماعه الجو في هذا المطعم سيء جدا,الجو والمكان,متوسطة,synthetic
يا اخي ما فيه موقف للسيارات اضطر اوقف بعيد,الجو والمكان,متوسطة,synthetic
ضجيج طوال الوقت ما تقدر تجلس,الجو والمكان,متوسطة,synthetic
المكان فيه مشاكل كثيره الكنبات زفت والتكييف مكتظه...,الجو والمكان,متوسطة,synthetic
المطعم غالي والديكور رخيص...,الجو والمكان,متوسطة,synthetic
ديكور قديم ،,الجو والمكان,متوسطة,synthetic
الجو العام للمطعم سيء المقاعد ضعيفه الانارة والصاله ضيقه,الجو والمكان,متوسطة,synthetic
المكان متسخ,الجو والمكان,متوسطة,synthetic
الصراحه ديكور المطعم قديم يحتاج تجديد.,الجو والمكان,متوسطة,synthetic
ريحه دخان,الجو والمكان,متوسطة,synthetic
والله كراسي مو مريحه...,الجو والمكان,متوسطة,synthetic
والله صوت اطفال وريحه زيت قلي تجربه فاشله,الجو والمكان,متوسطة,synthetic
المطعم غالي والديكور رخيص,الجو والمكان,متوسطة,synthetic
الكنبات قديمه مما جعل الجلسه غير ممتعه ابدا,الجو والمكان,متوسطة,synthetic
المطعم يحتاج تطوير الديكورات غير مريحه والاجواء تخنقني,الجو والمكان,متوسطة,synthetic
AC ضعيف والمكان حار...,الجو والمكان,متوسطة,synthetic
التكييف ضعيف ما يبرد المكان حر مرره...,الجو والمكان,متوسطة,synthetic
الجو مو حلو...,الجو والمكان,متوسطة,synthetic
تصميم سيء ما يلائم نوع الطعام,الجو والمكان,متوسطة,synthetic
تخيل الدخان في المطعم يخنق ما فيه شفط هواء,الجو والمكان,متوسطة,synthetic
التراس كانت صغيره طوال الوقت لا توجد راحه ابدا.,الجو والمكان,متوسطة,synthetic
الدرج ضيقه والزوايا زفت المكان لا توحي بالراحه,الجو والمكان,متوسطة,synthetic
الديكور عادي جدا لا يميزه شي,الجو والمكان,متوسطة,synthetic
تكييف ضعيف.,الجو والمكان,متوسطة,synthetic
تجربه سيئه بسبب الديكور والاجواء ،,الجو والمكان,متوسطة,synthetic
الاجواء تخلي الزبون يستعجل ويطلع بسبب ان موقف السيارات متهالكه,الجو والمكان,متوسطة,synthetic
المطعم يحتاج تطوير الصاله خايسه والاجواء تخلي الجلسه مش مريحه,الجو والمكان,متوسطة,synthetic
الصراحه بدخول المطعم تشعر بالضيق التهويه كئيبه وريحه خانقه,الجو والمكان,متوسطة,synthetic
التراس غير مريحه مما جعل الجلسه غير ممتعه ابدا,الجو والمكان,متوسطة,synthetic
اضاءه ضعيفه.,الجو والمكان,متوسطة,synthetic
ريحه الزيت في المطعم خانقه ما اقدر اتنفس,الجو والمكان,متوسطة,synthetic
المكان غير لائق الكراسي قديمه والفناء غير مناسبه.,الجو والمكان,متوسطة,synthetic
شوفوا ديكور قديم,الجو والمكان,متوسطة,synthetic
المكان زفت,الجو والمكان,متوسطة,synthetic
عند الدخول لاحظت ان السقف مهتزه والمقاعد كذلك...,الجو والمكان,متوسطة,synthetic
موسيقى عاليه طوال الوقت ما تقدر تجلس,الجو والمكان,متوسطة,synthetic
والله ريحه دخان,الجو والمكان,متوسطة,synthetic
المكان غير لائق ما اعود.,الجو والمكان,متوسطة,synthetic
والله ما انصح بالمكان الجو غير مريح ابدا,الجو والمكان,متوسطة,synthetic
صوت اطفال طوال الوقت ما تقدر تجلس,الجو والمكان,متوسطة,synthetic
بصراحه الالوان مزدحمه مما جعل الجلسه غير ممتعه ابدا,الجو والمكان,متوسطة,synthetic
بدخول المطعم تشعر بالضيق الكنبات خانقه وريحه خانقه,الجو والمكان,متوسطة,synthetic
المكان غير لائق ما اعود,الجو والمكان,متوسطة,synthetic
تصميم المكان كانت بارده طوال الوقت لا توجد راحه ابدا.,الجو والمكان,متوسطة,synthetic
بدخول المطعم تشعر بالضيق الجلسه سيئه وريحه خانقه,الجو والمكان,متوسطة,synthetic
يا جماعه الارضيات متسخه وما فيه احد ينظف,الجو والمكان,متوسطة,synthetic
WiFi ضعيف والديكور سيء...,الجو والمكان,متوسطة,synthetic
المكان كله مشاكل موقف السيارات سيئه التهويه المدخل غير نظيفه والزحمه ما تتحمل,الجو والمكان,متوسطة,synthetic
المكان كله مشاكل الموسيقى مظلمه الكراسي بايخه وكراسي ما تتحرك,الجو والمكان,متوسطة,synthetic
المكان شكله مو نظيف من بره وداخل,الجو والمكان,متوسطة,synthetic
المطعم يحتاج تطوير المقاعد غير نظيفه والاجواء تحتاج تجديد.,الجو والمكان,متوسطة,synthetic
عند الدخول لاحظت ان الكنبات سيئه والشرفه كذلك ،,الجو والمكان,متوسطة,synthetic
المكان كله مشاكل الدرج سيئه الحديقه متسخه وما فيه موقف سيارات,الجو والمكان,متوسطة,synthetic
اقسم بالله ريحه دخان,الجو والمكان,متوسطة,synthetic
الارضيات متسخه وما فيه احد ينظف.,الجو والمكان,متوسطة,synthetic
تجربه احباط الديكور سيء والمكان مزدحم,الجو والمكان,متوسطة,synthetic
ديكور قديم,الجو والمكان,متوسطة,synthetic
تكييف معطل في يوم حار جدا,الجو والمكان,متوسطة,synthetic
المساحه في المطعم بايخه جدا ولا تليق بمطعم بهذا الاسم,الجو والمكان,متوسطة,synthetic
كراسي مو مريحه!!!,الجو والمكان,متوسطة,synthetic
صراحه يا اخي المكان زفت ما اعود,الجو والمكان,متوسطة,synthetic
للاسف ابحثوا عن مكان غيره الديكور سيء,الجو والمكان,متوسطة,synthetic
عند الدخول لاحظت ان الزوايا حاره والتهويه كذلك!!!,الجو والمكان,متوسطة,synthetic
اضاءه ضعيفه,الجو والمكان,متوسطة,synthetic
كراسي مو مريحه...,الجو والمكان,متوسطة,synthetic
الطاوله مهتزه مما جعل الجلسه غير ممتعه ابدا,الجو والمكان,متوسطة,synthetic
المطعم decor قديم ويحتاج تجديد كامل.,الجو والمكان,متوسطة,synthetic
يا اخي الجو العام للمطعم سيء الفناء خانقه والصاله ضيقه,الجو والمكان,متوسطة,synthetic
المكان كله مشاكل تصميم المكان خايسه تصميم المكان غير مريحه واسعار عاليه على هذا الديكور,الجو والمكان,متوسطة,synthetic
محادثات بصوت عالي وطاولات صغيره ومتلاصقه تجربه فاشله,الجو والمكان,متوسطة,synthetic
الصراحه اضاءه كافيه لكن الالوان كئيبه,الجو والمكان,متوسطة,synthetic
الصراحه ديكور المطعم قديم يحتاج تجديد,الجو والمكان,متوسطة,synthetic
الديكور والاجواء يخلونك تطلع بسرعه.,الجو والمكان,متوسطة,synthetic
الحديقه مهتزه والصاله ضعيفه الانارة المكان لا تناسب نوع المطعم.,الجو والمكان,متوسطة,synthetic
بصراحه تصميم سيء ما يلائم نوع الطعام.,الجو والمكان,متوسطة,synthetic
صوت تليفزيون عالي كانت الكارثه الكبرى,الجو والمكان,متوسطة,synthetic
الديكور تقليدي مكرر في كل المطاعم...,الجو والمكان,متوسطة,synthetic
شوفوا التكييف ضعيف ما يبرد المكان حر مرره,الجو والمكان,متوسطة,synthetic
الديكور قديم وتصميم المكان خانقه الجو غير لائقه بالسعر!!!,الجو والمكان,متوسطة,synthetic
والله الصراحه ديكور المطعم قديم يحتاج تجديد,الجو والمكان,متوسطة,synthetic
المكان فيه مشاكل كثيره المقاعد متهالكه والانارة بارده!!!,الجو والمكان,متوسطة,synthetic
الدخان في المطعم يخنق ما فيه شفط هواء.,الجو والمكان,متوسطة,synthetic
صوت تليفزيون عالي وريحه زيت قلي تجربه فاشله,الجو والمكان,متوسطة,synthetic
يا اخي المكان زفت ما اعود!!!,الجو والمكان,متوسطة,synthetic
الحديقه مهتزه والتكييف بارده المكان لا توحي بالراحه,الجو والمكان,متوسطة,synthetic
يا جماعه المكان متسخ,الجو والمكان,متوسطة,synthetic
اسعارهم عاليه والكنبات زفت ما يستاهلون,الجو والمكان,متوسطة,synthetic
قسما ابحثوا عن مكان غيره الديكور سيء,الجو والمكان,متوسطة,synthetic
تخيل الديكور عادي جدا لا يميزه شي...,الجو والمكان,متوسطة,synthetic
تخيل الاجواء تخنقني بسبب ان المساحه سيئه التهويه,الجو والمكان,متوسطة,synthetic
الكنبات غير نظيفه مما جعل الجلسه غير ممتعه ابدا,الجو والمكان,متوسطة,synthetic
المطعم بارد جدا التكييف على اخره.,الجو والمكان,متوسطة,synthetic
المكان متسخ ،,الجو والمكان,متوسطة,synthetic
المكان غير لائق ما اعود!!!,الجو والمكان,متوسطة,synthetic
بصراحه المكان مو على المستوى المتوقع!!!,الجو والمكان,متوسطة,synthetic
قسما الارضيات متسخه وما فيه احد ينظف,الجو والمكان,متوسطة,synthetic
يا اخي الاجواء لا تناسب نوع المطعم بسبب ان الكنبات متهالكه,الجو والمكان,متوسطة,synthetic
الاسعار تطلب ديكور افضل الجلسات الخارجيه سيئه التهويه,الجو والمكان,متوسطة,synthetic
اضاءه كافيه لكن الالوان كئيبه.,الجو والمكان,متوسطة,synthetic
المكان شكله مو نظيف من بره وداخل.,الجو والمكان,متوسطة,synthetic
زحمه عند المدخل طوال الوقت ما تقدر تجلس!!!,الجو والمكان,متوسطة,synthetic
الحراره كانت مكتظه طوال الوقت لا توجد راحه ابدا,الجو والمكان,متوسطة,synthetic
للاسف قسم العائلات صغير مرره وكراسي قليله,الجو والمكان,متوسطة,synthetic
الديكور والاجواء يخلونك تطلع بسرعه!!!,الجو والمكان,متوسطة,synthetic
موقف السيارات متهالكه مما جعل الجلسه غير ممتعه ابدا,الجو والمكان,متوسطة,synthetic
قسم العائلات صغير مرره وكراسي قليله...,الجو والمكان,متوسطة,synthetic
بدخول المطعم تشعر بالضيق الباب بايخه وريحه خانقه,الجو والمكان,متوسطة,synthetic
تدفع كثير لكن المكان صغيره.,الجو والمكان,متوسطة,synthetic
التكييف ضعيف ما يبرد المكان حر مرره ،,الجو والمكان,متوسطة,synthetic
للاسف الحمامات نظافتها سيئه جدا,الجو والمكان,متوسطة,synthetic
الاجواء تحتاج تجديد بسبب ان الالوان مهتزه.,الجو والمكان,متوسطة,synthetic
الجو العام للمطعم سيء الجلسه غير مناسبه والصاله ضيقه,الجو والمكان,متوسطة,synthetic
الصراحه حر داخل المطعم.,الجو والمكان,متوسطة,synthetic
تخيل الديكور عادي جدا لا يميزه شي,الجو والمكان,متوسطة,synthetic
تجربه سيئه من ناحيه الديكور المدخل صغيره تخنقني,الجو والمكان,متوسطة,synthetic
بصراحه اضاءه كافيه لكن الالوان كئيبه.,الجو والمكان,متوسطة,synthetic
للاسف المكان كئيب الديكور قديم والاضاءه ضعيفه!!!,الجو والمكان,متوسطة,synthetic
والله المكان كله مشاكل التكييف بارده التهويه متسخه وريحه دخان,الجو والمكان,متوسطة,synthetic
المطعم يحتاج تطوير الحراره صغيره والاجواء تخلي الجلسه مش مريحه...,الجو والمكان,متوسطة,synthetic
بدخول المطعم تشعر بالضيق الازدحام مزعجه وريحه خانقه...,الجو والمكان,متوسطة,synthetic
موقف سيارات صفر.,الجو والمكان,متوسطة,synthetic
زحمه عند المدخل طوال الوقت ما تقدر تجلس ،,الجو والمكان,متوسطة,synthetic
المكان فيه زحمه عند المدخل ما يخليك تستمتع!!!,الجو والمكان,متوسطة,synthetic
صراحه الاسعار تطلب ديكور افضل الزوايا متسخه,الجو والمكان,متوسطة,synthetic
الارضيات متسخه وما فيه احد ينظف,الجو والمكان,متوسطة,synthetic
والله اضاءه كافيه لكن الالوان كئيبه!!!,الجو والمكان,متوسطة,synthetic
اقسم بالله عند الدخول لاحظت ان السقف بايخه والسقف كذلك ،,الجو والمكان,متوسطة,synthetic
الديكور عادي جدا لا يميزه شي ،,الجو والمكان,متوسطة,synthetic
الدخان في المطعم يخنق ما فيه شفط هواء ،,الجو والمكان,متوسطة,synthetic
المكان غير لائق السقف سيئه والانارة كئيبه,الجو والمكان,متوسطة,synthetic
عند الدخول لاحظت ان الحراره حاره والجلسات الخارجيه كذلك...,الجو والمكان,متوسطة,synthetic
الاجواء غير مقبوله بسبب ان المساحه خايسه,الجو والمكان,متوسطة,synthetic
المطعم يحتاج تطوير المساحه قديمه والاجواء لا تناسب نوع المطعم,الجو والمكان,متوسطة,synthetic
الجو العام للمطعم سيء الالوان متسخه والصاله ضيقه,الجو والمكان,متوسطة,synthetic
تجربه احباط الديكور سيء والمكان مزدحم.,الجو والمكان,متوسطة,synthetic
المكان دايم مزدحم ما تلقى طاوله فاضيه ،,الجو والمكان,متوسطة,synthetic
صوت تليفزيون عالي وطاولات صغيره ومتلاصقه تجربه فاشله,الجو والمكان,متوسطة,synthetic
بدخول المطعم تشعر بالضيق الكنبات غير مريحه وريحه خانقه,الجو والمكان,متوسطة,synthetic
زحمه عند المدخل طوال الوقت ما تقدر تجلس,الجو والمكان,متوسطة,synthetic
بدخول المطعم تشعر بالضيق الاضاءه متسخه وريحه خانقه...,الجو والمكان,متوسطة,synthetic
الديكور قديم جدا.,الجو والمكان,متوسطة,synthetic
الجو العام للمطعم سيء الفناء ضعيفه الانارة والصاله ضيقه.,الجو والمكان,متوسطة,synthetic
شوفوا الديكور والاجواء يخلونك تطلع بسرعه,الجو والمكان,متوسطة,synthetic
ريحه دخان داخل المطعم لا تطاق!!!,الجو والمكان,متوسطة,synthetic
المكان زفت.,الجو والمكان,متوسطة,synthetic
الصراحه ديكور المطعم قديم يحتاج تجديد!!!,الجو والمكان,متوسطة,synthetic
كراسي ما تتحرك داخل المطعم لا تطاق,الجو والمكان,متوسطة,synthetic
الديكور interior سيء مرره ما يستاهل,الجو والمكان,متوسطة,synthetic
موسيقى عاليه واسعار عاليه على هذا الديكور تجربه فاشله,الجو والمكان,متوسطة,synthetic
المطعم يحتاج تطوير الاضاءه مزدحمه والاجواء تخلي الجلسه مش مريحه,الجو والمكان,متوسطة,synthetic
المكان متسخ.,الجو والمكان,متوسطة,synthetic
الاجواء غير لائقه بالسعر بسبب ان الطاولات متسخه,الجو والمكان,متوسطة,synthetic
اسعار عاليه على هذا الديكور داخل المطعم لا تطاق ،,الجو والمكان,متوسطة,synthetic
اضاءه كافيه لكن الالوان كئيبه!!!,الجو والمكان,متوسطة,synthetic
بدخول المطعم تشعر بالضيق الازدحام بارده وريحه خانقه,الجو والمكان,متوسطة,synthetic
عند الدخول لاحظت ان الشرفه ضعيفه والجلسات الخارجيه كذلك...,الجو والمكان,متوسطة,synthetic
اقسم بالله عند الدخول لاحظت ان المقاعد كئيبه والجلسه كذلك.,الجو والمكان,متوسطة,synthetic
الصراحه المكان غير لائق ما اعود,الجو والمكان,متوسطة,synthetic
شوفوا يا اخي المكان زفت ما اعود,الجو والمكان,متوسطة,synthetic
المكان غير لائق الشرفه سيئه التهويه والالوان مزدحمه,الجو والمكان,متوسطة,synthetic
الارضيات متسخه وما فيه احد ينظف...,الجو والمكان,متوسطة,synthetic
المكان كله مشاكل الكراسي زفت الشرفه غير مناسبه وريحه دخان,الجو والمكان,متوسطة,synthetic
بصراحه ريحه الزيت في المطعم خانقه ما اقدر اتنفس!!!,الجو والمكان,متوسطة,synthetic
والله AC ضعيف والمكان حار,الجو والمكان,متوسطة,synthetic
يا جماعه المكان شكله مو نظيف من بره وداخل.,الجو والمكان,متوسطة,synthetic
برد شديد داخل المطعم لا تطاق,الجو والمكان,متوسطة,synthetic
الجو مو حلو.,الجو والمكان,متوسطة,synthetic
عند الدخول لاحظت ان الازدحام سيئه والجلسات الخارجيه كذلك,الجو والمكان,متوسطة,synthetic
المطعم غالي والديكور رخيص!!!,الجو والمكان,متوسطة,synthetic
المكان كله مشاكل الموسيقى حاره المدخل سيئه وحر شديد,الجو والمكان,متوسطة,synthetic
المطعم يحتاج تطوير التهويه ضعيفه والاجواء لا تستحق الزياره,الجو والمكان,متوسطة,synthetic
صراحه عند الدخول لاحظت ان الحراره ضعيفه الانارة والديكور كذلك.,الجو والمكان,متوسطة,synthetic
الباب في المطعم غير نظيفه جدا وتخلي الزبون يستعجل ويطلع,الجو والمكان,متوسطة,synthetic
تجربه احباط الديكور سيء والمكان مزدحم ،,الجو والمكان,متوسطة,synthetic
عند الدخول لاحظت ان التهويه ضعيفه الانارة والديكور كذلك,الجو والمكان,متوسطة,synthetic
ريحه الزيت في المطعم خانقه ما اقدر اتنفس!!!,الجو والمكان,متوسطة,synthetic
الجو العام للمطعم سيء المدخل بارده والصاله ضيقه,الجو والمكان,متوسطة,synthetic
الصراحه الجلسه مو مريحه.,الجو والمكان,متوسطة,synthetic
للاسف الجلسات الخارجيه مكشوفه على الشارع مزعج.,الجو والمكان,متوسطة,synthetic
المكان فيه موسيقى مزعجه ما يخليك تستمتع,الجو والمكان,متوسطة,synthetic
المطعم غالي والديكور رخيص.,الجو والمكان,متوسطة,synthetic
عند الدخول لاحظت ان التكييف مزعجه والاضاءه كذلك,الجو والمكان,متوسطة,synthetic
بصراحه المطعم غالي والديكور رخيص!!!,الجو والمكان,متوسطة,synthetic
حر داخل المطعم...,الجو والمكان,متوسطة,synthetic
تخيل المطعم مزدحم,الجو والمكان,متوسطة,synthetic
كل ما تطلع من المطعم ملابسك ريحتها زفت.,الجو والمكان,متوسطة,synthetic
المطعم سيء الجو تتعب الزبون والديكور قديم ،,الجو والمكان,متوسطة,synthetic
والله ما فيه موقف للسيارات اضطر اوقف بعيد,الجو والمكان,متوسطة,synthetic
للاسف المكان كئيب الديكور قديم والاضاءه ضعيفه.,الجو والمكان,متوسطة,synthetic
ابحثوا عن مكان غيره الديكور سيء.,الجو والمكان,متوسطة,synthetic
المطعم يحتاج تطوير التهويه خايسه والاجواء تفسد التجربه كامله,الجو والمكان,متوسطة,synthetic
الصراحه كل ما تطلع من المطعم ملابسك ريحتها زفت,الجو والمكان,متوسطة,synthetic
الصراحه الارضيات متسخه وما فيه احد ينظف,الجو والمكان,متوسطة,synthetic
WiFi ضعيف والديكور سيء.,الجو والمكان,متوسطة,synthetic
للاسف المكان غير لائق ما اعود,الجو والمكان,متوسطة,synthetic
المكان غير لائق الكراسي مكتظه والباب حاره!!!,الجو والمكان,متوسطة,synthetic
المكان فيه مشاكل كثيره الفناء خانقه وتصميم المكان متهالكه,الجو والمكان,متوسطة,synthetic
اقسم بالله الارضيات متسخه وما فيه احد ينظف.,الجو والمكان,متوسطة,synthetic
عند الدخول لاحظت ان موقف السيارات صغيره والمقاعد كذلك!!!,الجو والمكان,متوسطة,synthetic
الصراحه الديكور عادي جدا لا يميزه شي,الجو والمكان,متوسطة,synthetic
بدخول المطعم تشعر بالضيق الفناء سيئه وريحه خانقه,الجو والمكان,متوسطة,synthetic
موقف السيارات قديمه مما جعل الجلسه غير ممتعه ابدا.,الجو والمكان,متوسطة,synthetic
المطعم مزدحم,الجو والمكان,متوسطة,synthetic
المطعم يحتاج تطوير التكييف كئيبه والاجواء لا تناسب نوع المطعم,الجو والمكان,متوسطة,synthetic
الصراحه ديكور المطعم قديم يحتاج تجديد ،,الجو والمكان,متوسطة,synthetic
المكان كله مشاكل الموسيقى سيئه التهويه التهويه ضعيفه وريحه طبخ خانقه,الجو والمكان,متوسطة,synthetic
الدرج كانت ضيقه طوال الوقت لا توجد راحه ابدا,الجو والمكان,متوسطة,synthetic
الاسعار تطلب ديكور افضل الجلسات الخارجيه ضعيفه,الجو والمكان,متوسطة,synthetic
اضاءه كافيه لكن الالوان كئيبه...,الجو والمكان,متوسطة,synthetic
الديكور قديم الالوان مظلمه وزحمه عند المدخل,الجو والمكان,متوسطة,synthetic
الديكور قديم الصاله ضيقه وصوت تليفزيون عالي,الجو والمكان,متوسطة,synthetic
الفناء في المطعم مكتظه جدا وتذكرني ما اعود.,الجو والمكان,متوسطة,synthetic
تجربه سيئه من ناحيه الديكور الزوايا زفت تخنقني,الجو والمكان,متوسطة,synthetic
المكان كله مشاكل الجلسات الخارجيه كئيبه موقف السيارات خايسه والزحمه ما تتحمل,الجو والمكان,متوسطة,synthetic
اقسم بالله موسيقى عاليه,الجو والمكان,متوسطة,synthetic
الصراحه الصراحه ديكور المطعم قديم يحتاج تجديد,الجو والمكان,متوسطة,synthetic
الاسعار تطلب ديكور افضل الحديقه بارده,الجو والمكان,متوسطة,synthetic
اقسم بالله شوفوا يا جماعه الجو في هذا المطعم سيء جدا,الجو والمكان,متوسطة,synthetic
الالوان في المطعم ضعيفه الانارة جدا ومحبطه,الجو والمكان,متوسطة,synthetic
قسما كنبات قديمه ومتسخه طاولات مهتزه,الجو والمكان,متوسطة,synthetic
قسما تجربه سيئه بسبب الديكور والاجواء.,الجو والمكان,متوسطة,synthetic
المطعم سيء الجو لا تناسب نوع المطعم والديكور قديم.,الجو والمكان,متوسطة,synthetic
تخيل تكييف معطل في يوم حار جدا.,الجو والمكان,متوسطة,synthetic
الجلسات الخارجيه في المطعم مهتزه جدا وتذكرني ما اعود,الجو والمكان,متوسطة,synthetic
تخيل الديكور interior سيء مرره ما يستاهل,الجو والمكان,متوسطة,synthetic
المساحه سيئه مما جعل الجلسه غير ممتعه ابدا.,الجو والمكان,متوسطة,synthetic
اقسم بالله الديكور عادي جدا لا يميزه شي...,الجو والمكان,متوسطة,synthetic
بصراحه المطعم يحتاج تطوير التراس متهالكه والاجواء تشعرني بالغثيان...,الجو والمكان,متوسطة,synthetic
المطعم يحتاج تطوير المقاعد سيئه التهويه والاجواء غير لائقه بالسعر,الجو والمكان,متوسطة,synthetic
ما فيه موقف للسيارات اضطر اوقف بعيد...,الجو والمكان,متوسطة,synthetic
تصميم سيء ما يلائم نوع الطعام.,الجو والمكان,متوسطة,synthetic
المطعم يفتقر للخصوصيه ما فيه فواصل!!!,الجو والمكان,متوسطة,synthetic
يا اخي بدخول المطعم تشعر بالضيق موقف السيارات متهالكه وريحه خانقه,الجو والمكان,متوسطة,synthetic
المطعم سيء الجو تفسد التجربه كامله والديكور قديم.,الجو والمكان,متوسطة,synthetic
الديكور قديم الواجهه قديمه وصوت تليفزيون عالي,الجو والمكان,متوسطة,synthetic
الديكور قديم والطاولات مزدحمه الجو لا تليق بمطعم بهذا الاسم,الجو والمكان,متوسطة,synthetic
الكراسي كانت مهتزه طوال الوقت لا توجد راحه ابدا.,الجو والمكان,متوسطة,synthetic
للاسف اضاءه ضعيفه.,الجو والمكان,متوسطة,synthetic
يا جماعه المكان فيه مشاكل كثيره الدرج حاره والطاوله بارده.,الجو والمكان,متوسطة,synthetic
يا جماعه كراسي مو مريحه,الجو والمكان,متوسطة,synthetic
الاسعار تطلب ديكور افضل الواجهه مزدحمه,الجو والمكان,متوسطة,synthetic
ما فيه موقف للسيارات اضطر اوقف بعيد.,الجو والمكان,متوسطة,synthetic
بصراحه للاسف المكان كئيب الديكور قديم والاضاءه ضعيفه.,الجو والمكان,متوسطة,synthetic
الديكور قديم الجلسات الخارجيه غير نظيفه وصوت طناجر من المطبخ.,الجو والمكان,متوسطة,synthetic
الاسعار تطلب ديكور افضل الشرفه مزعجه,الجو والمكان,متوسطة,synthetic
المطعم سيء الجو غير مقبوله والديكور قديم,الجو والمكان,متوسطة,synthetic
يا اخي موقف سيارات صفر!!!,الجو والمكان,متوسطة,synthetic
المطعم صغير وما يكفي العدد...,الجو والمكان,متوسطة,synthetic
يا اخي الزوايا كانت مظلمه طوال الوقت لا توجد راحه ابدا.,الجو والمكان,متوسطة,synthetic
الحراره داخل المطعم ما تتحمل.,الجو والمكان,متوسطة,synthetic
المطعم يحتاج تطوير تصميم المكان سيئه والاجواء تخلي الزبون يستعجل ويطلع...,الجو والمكان,متوسطة,synthetic
الارضيات متسخه وما فيه احد ينظف!!!,الجو والمكان,متوسطة,synthetic
الاجواء تخلي الجلسه مش مريحه بسبب ان الاضاءه مهتزه.,الجو والمكان,متوسطة,synthetic
يا جماعه ريحه دخان.,الجو والمكان,متوسطة,synthetic
تخيل المكان فيه مشاكل كثيره الجلسات الخارجيه صغيره والمساحه سيئه.,الجو والمكان,متوسطة,synthetic
يا جماعه المكان ضيق,الجو والمكان,متوسطة,synthetic
المطعم سيء الجو تخنقني والديكور قديم,الجو والمكان,متوسطة,synthetic
المكان زفت!!!,الجو والمكان,متوسطة,synthetic
صراحه اضاءه ضعيفه,الجو والمكان,متوسطة,synthetic
الاجواء محبطه بسبب ان الديكورات غير نظيفه,الجو والمكان,متوسطة,synthetic
بدخول المطعم تشعر بالضيق المدخل ضعيفه الانارة وريحه خانقه.,الجو والمكان,متوسطة,synthetic
تجربه سيئه من ناحيه الديكور موقف السيارات متسخه تتعب الزبون.,الجو والمكان,متوسطة,synthetic
موسيقى عاليه.,الجو والمكان,متوسطة,synthetic
عند الدخول لاحظت ان تصميم المكان خايسه وتصميم المكان كذلك,الجو والمكان,متوسطة,synthetic
صراحه الديكور والاجواء يخلونك تطلع بسرعه,الجو والمكان,متوسطة,synthetic
الجو العام للمطعم سيء الصاله كئيبه والصاله ضيقه,الجو والمكان,متوسطة,synthetic
الديكور قديم جدا...,الجو والمكان,متوسطة,synthetic
المكان شكله مو نظيف من بره وداخل!!!,الجو والمكان,متوسطة,synthetic
الصراحه الالوان كانت صغيره طوال الوقت لا توجد راحه ابدا.,الجو والمكان,متوسطة,synthetic
يا اخي الحراره مزعجه والباب خانقه المكان غير لائقه بالسعر,الجو والمكان,متوسطة,synthetic
الجو العام للمطعم سيء الجلسات الخارجيه حاره والصاله ضيقه,الجو والمكان,متوسطة,synthetic
المكان ضيق...,الجو والمكان,متوسطة,synthetic
المكان كله مشاكل الاضاءه زفت المقاعد قديمه وبرد شديد,الجو والمكان,متوسطة,synthetic
بصراحه الجو مو حلو,الجو والمكان,متوسطة,synthetic
تجربه سيئه من ناحيه الديكور التكييف سيئه التهويه تشعرني بالضيق.,الجو والمكان,متوسطة,synthetic
قسما الحراره في المطعم خايسه جدا وغير مقبوله!!!,الجو والمكان,متوسطة,synthetic
المكان دايم مزدحم ما تلقى طاوله فاضيه.,الجو والمكان,متوسطة,synthetic
يا جماعه ما فيه موقف للسيارات اضطر اوقف بعيد,الجو والمكان,متوسطة,synthetic
الصراحه الارضيات متسخه وما فيه احد ينظف ،,الجو والمكان,متوسطة,synthetic
قسم العائلات صغير مرره وكراسي قليله.,الجو والمكان,متوسطة,synthetic
الديكور تقليدي مكرر في كل المطاعم.,الجو والمكان,متوسطة,synthetic
تجربه سيئه من ناحيه الديكور الكراسي غير مريحه تحتاج تجديد!!!,الجو والمكان,متوسطة,synthetic
الزحمه ما تتحمل داخل المطعم لا تطاق,الجو والمكان,متوسطة,synthetic
التكييف ضعيف ما يبرد المكان حر مرره!!!,الجو والمكان,متوسطة,synthetic
الجو العام للمطعم سيء الشرفه متهالكه والصاله ضيقه,الجو والمكان,متوسطة,synthetic
المطعم سيء الجو تفسد التجربه كامله والديكور قديم,الجو والمكان,متوسطة,synthetic
الجلسه مو مريحه.,الجو والمكان,متوسطة,synthetic
تصميم سيء ما يلائم نوع الطعام ،,الجو والمكان,متوسطة,synthetic
شوفوا المكان شكله مو نظيف من بره وداخل,الجو والمكان,متوسطة,synthetic
المكان كله مشاكل الازدحام غير مناسبه الباب غير نظيفه وريحه طبخ خانقه,الجو والمكان,متوسطة,synthetic
صراحه ما انصح بالمكان الجو غير مريح ابدا!!!,الجو والمكان,متوسطة,synthetic
تكييف معطل في يوم حار جدا...,الجو والمكان,متوسطة,synthetic
المطعم سيء الجو لا توحي بالراحه والديكور قديم,الجو والمكان,متوسطة,synthetic
الديكورات في المطعم زفت جدا ولا تليق بمطعم بهذا الاسم,الجو والمكان,متوسطة,synthetic
ضجيج كانت الكارثه الكبرى.,الجو والمكان,متوسطة,synthetic
تدفع كثير لكن المكان خانقه,الجو والمكان,متوسطة,synthetic
المكان فيه مشاكل كثيره الحمامات بارده والواجهه خايسه,الجو والمكان,متوسطة,synthetic
والله بدخول المطعم تشعر بالضيق موقف السيارات سيئه التهويه وريحه خانقه ،,الجو والمكان,متوسطة,synthetic
يا اخي للاسف المكان كئيب الديكور قديم والاضاءه ضعيفه!!!,الجو والمكان,متوسطة,synthetic
اسعارهم عاليه والصاله متهالكه ما يستاهلون,الجو والمكان,متوسطة,synthetic
ما انصح بالمكان الجو غير مريح ابدا,الجو والمكان,متوسطة,synthetic
اسعارهم عاليه والازدحام كئيبه ما يستاهلون.,الجو والمكان,متوسطة,synthetic
موسيقى مزعجه كانت الكارثه الكبرى.,الجو والمكان,متوسطة,synthetic
الزحمه عند الدخول ما تتحمل ولا فيه قسم عائلات.,الجو والمكان,متوسطة,synthetic
المكان غير لائق الجلسات الخارجيه مزعجه والاضاءه سيئه,الجو والمكان,متوسطة,synthetic
ابحثوا عن مكان غيره الديكور سيء ،,الجو والمكان,متوسطة,synthetic
شوفوا المكان دايم مزدحم ما تلقى طاوله فاضيه,الجو والمكان,متوسطة,synthetic
الصراحه الاسعار تطلب ديكور افضل الشرفه متسخه!!!,الجو والمكان,متوسطة,synthetic
الطاولات لزجه ما مسحوها.,الجو والمكان,متوسطة,synthetic
حر داخل المطعم.,الجو والمكان,متوسطة,synthetic
للاسف الارضيات متسخه وما فيه احد ينظف!!!,الجو والمكان,متوسطة,synthetic
تخيل اضاءه ضعيفه.,الجو والمكان,متوسطة,synthetic
الديكور قديم الجلسات الخارجيه متسخه وصوت تليفزيون عالي,الجو والمكان,متوسطة,synthetic
المكان فيه صوت طناجر من المطبخ ما يخليك تستمتع,الجو والمكان,متوسطة,synthetic
المكان فيه زحمه عند المدخل ما يخليك تستمتع,الجو والمكان,متوسطة,synthetic
بصراحه صوت طناجر من المطبخ والزحمه ما تتحمل تجربه فاشله,الجو والمكان,متوسطة,synthetic
الصراحه تجربه احباط الديكور سيء والمكان مزدحم,الجو والمكان,متوسطة,synthetic
قسما عند الدخول لاحظت ان الالوان كئيبه والباب كذلك.,الجو والمكان,متوسطة,synthetic
الاسعار تطلب ديكور افضل المقاعد غير مناسبه,الجو والمكان,متوسطة,synthetic
قسما الديكور عادي جدا لا يميزه شي...,الجو والمكان,متوسطة,synthetic
الاجواء تخنقني بسبب ان الحديقه ضيقه ،,الجو والمكان,متوسطة,synthetic
الاسعار تطلب ديكور افضل السقف متهالكه,الجو والمكان,متوسطة,synthetic
الطاوله زفت مما جعل الجلسه غير ممتعه ابدا,الجو والمكان,متوسطة,synthetic
المكان فيه مشاكل كثيره الحديقه مظلمه والالوان غير مريحه,الجو والمكان,متوسطة,synthetic
تجربه سيئه بسبب الديكور والاجواء.,الجو والمكان,متوسطة,synthetic
اقسم بالله بصراحه المكان مو على المستوى المتوقع,الجو والمكان,متوسطة,synthetic
الصراحه المكان ضيق,الجو والمكان,متوسطة,synthetic
ضجيج كانت الكارثه الكبرى,الجو والمكان,متوسطة,synthetic
المطعم مزدحم...,الجو والمكان,متوسطة,synthetic
يا اخي ديكور قديم,الجو والمكان,متوسطة,synthetic
اسعارهم عاليه والحراره سيئه ما يستاهلون,الجو والمكان,متوسطة,synthetic
الصراحه الحراره داخل المطعم ما تتحمل,الجو والمكان,متوسطة,synthetic
والله صوت طناجر من المطبخ وحر شديد تجربه فاشله!!!,الجو والمكان,متوسطة,synthetic
الاجواء لا تليق بمطعم بهذا الاسم بسبب ان الشرفه مهتزه,الجو والمكان,متوسطة,synthetic
الديكور قديم الجلسات الخارجيه بايخه وموسيقى عاليه,الجو والمكان,متوسطة,synthetic
يا اخي المطعم غالي والديكور رخيص,الجو والمكان,متوسطة,synthetic
بصراحه شوفوا يا جماعه الجو في هذا المطعم سيء جدا ،,الجو والمكان,متوسطة,synthetic
الجلسه قديمه والحديقه مزعجه المكان تحتاج تجديد,الجو والمكان,متوسطة,synthetic
الاضاءه زفت والزوايا مهتزه المكان غير لائقه بالسعر,الجو والمكان,متوسطة,synthetic
المطعم يحتاج تطوير الطاوله خايسه والاجواء تحتاج تجديد.,الجو والمكان,متوسطة,synthetic
الفناء مزعجه والازدحام سيئه المكان تخنقني,الجو والمكان,متوسطة,synthetic
بصراحه الزحمه عند الدخول ما تتحمل ولا فيه قسم عائلات,الجو والمكان,متوسطة,synthetic
قسما المكان فيه مشاكل كثيره السقف ضعيفه الانارة وموقف السيارات ضيقه.,الجو والمكان,متوسطة,synthetic
الاسعار تطلب ديكور افضل التهويه غير نظيفه,الجو والمكان,متوسطة,synthetic
المكان غير لائق المقاعد خانقه والحراره سيئه.,الجو والمكان,متوسطة,synthetic
قسما موسيقى عاليه,الجو والمكان,متوسطة,synthetic
المكان فيه مشاكل كثيره الكراسي غير مريحه والمدخل غير مريحه,الجو والمكان,متوسطة,synthetic
المكان غير لائق الطاوله متسخه وتصميم المكان ضعيفه,الجو والمكان,متوسطة,synthetic
الديكورات في المطعم ضعيفه جدا وتخلي الزبون يستعجل ويطلع...,الجو والمكان,متوسطة,synthetic
بصراحه تجربه احباط الديكور سيء والمكان مزدحم,الجو والمكان,متوسطة,synthetic
الديكور عادي جدا لا يميزه شي...,الجو والمكان,متوسطة,synthetic
يا اخي المكان كله مشاكل المدخل كئيبه الطاوله غير مناسبه وريحه دخان,الجو والمكان,متوسطة,synthetic
صراحه الجو مو حلو ،,الجو والمكان,متوسطة,synthetic
الزوايا كانت غير مريحه طوال الوقت لا توجد راحه ابدا ،,الجو والمكان,متوسطة,synthetic
تخيل قسم العائلات صغير مرره وكراسي قليله.,الجو والمكان,متوسطة,synthetic
والله تجربه سيئه من ناحيه الديكور موقف السيارات زفت لا تليق بمطعم بهذا الاسم,الجو والمكان,متوسطة,synthetic
والله حر داخل المطعم,الجو والمكان,متوسطة,synthetic
شوفوا محادثات بصوت عالي كانت الكارثه الكبرى!!!,الجو والمكان,متوسطة,synthetic
الصراحه موسيقى مزعجه طوال الوقت ما تقدر تجلس.,الجو والمكان,متوسطة,synthetic
يا جماعه الحمامات نظافتها سيئه جدا,الجو والمكان,متوسطة,synthetic
المطعم يحتاج تطوير الجلسات الخارجيه قديمه والاجواء لا تناسب نوع المطعم,الجو والمكان,متوسطة,synthetic
المكان فيه مشاكل كثيره موقف السيارات متهالكه والدرج مظلمه ،,الجو والمكان,متوسطة,synthetic
محادثات بصوت عالي وريحه زيت قلي تجربه فاشله,الجو والمكان,متوسطة,synthetic
صراحه الحراره داخل المطعم ما تتحمل,الجو والمكان,متوسطة,synthetic
الاجواء تخنقني بسبب ان الديكور متهالكه,الجو والمكان,متوسطة,synthetic
طاولات صغيره ومتلاصقه داخل المطعم لا تطاق,الجو والمكان,متوسطة,synthetic
والله ديكور قديم وما يستاهل ،,الجو والمكان,متوسطة,synthetic
اقسم بالله اضاءه كافيه لكن الالوان كئيبه,الجو والمكان,متوسطة,synthetic
تجربه سيئه من ناحيه الديكور الديكور صغيره تشعرني بالضيق,الجو والمكان,متوسطة,synthetic
المكان فيه مشاكل كثيره الطاوله غير مريحه والديكورات متهالكه.,الجو والمكان,متوسطة,synthetic
والله ريحه الزيت في المطعم خانقه ما اقدر اتنفس,الجو والمكان,متوسطة,synthetic
تدفع كثير لكن المكان سيئه.,الجو والمكان,متوسطة,synthetic
للاسف الجو العام للمطعم سيء المقاعد ضيقه والصاله ضيقه.,الجو والمكان,متوسطة,synthetic
قسما الاجواء لا توحي بالراحه بسبب ان الواجهه مزدحمه,الجو والمكان,متوسطة,synthetic
شوفوا اسعارهم عاليه والصاله غير مريحه ما يستاهلون ،,الجو والمكان,متوسطة,synthetic
الصراحه ضجيج طوال الوقت ما تقدر تجلس ،,الجو والمكان,متوسطة,synthetic
الديكور قديم وموقف السيارات مزدحمه الجو تخنقني ،,الجو والمكان,متوسطة,synthetic
ابحثوا عن مكان غيره الديكور سيء!!!,الجو والمكان,متوسطة,synthetic
للاسف التكييف ضعيف ما يبرد المكان حر مرره.,الجو والمكان,متوسطة,synthetic
الديكور قديم الجلسات الخارجيه متسخه وزحمه عند المدخل ،,الجو والمكان,متوسطة,synthetic
الاسعار تطلب ديكور افضل الحراره ضعيفه الانارة,الجو والمكان,متوسطة,synthetic
موسيقى مزعجه كانت الكارثه الكبرى,الجو والمكان,متوسطة,synthetic
الاسعار تطلب ديكور افضل الكنبات ضعيفه,الجو والمكان,متوسطة,synthetic
ريحه زيت قلي داخل المطعم لا تطاق,الجو والمكان,متوسطة,synthetic
تخيل المكان ضيق,الجو والمكان,متوسطة,synthetic
تخيل المكان غير لائق الانارة مهتزه والسقف غير مريحه,الجو والمكان,متوسطة,synthetic
والله كراسي مو مريحه,الجو والمكان,متوسطة,synthetic
للاسف عند الدخول لاحظت ان الاضاءه ضعيفه والدرج كذلك,الجو والمكان,متوسطة,synthetic
صوت اطفال وحر شديد تجربه فاشله ،,الجو والمكان,متوسطة,synthetic
الديكور قديم الحمامات سيئه وضجيج,الجو والمكان,متوسطة,synthetic
يا اخي حر داخل المطعم,الجو والمكان,متوسطة,synthetic
المكان زفت...,الجو والمكان,متوسطة,synthetic
بصراحه تجربه سيئه من ناحيه الديكور التكييف خانقه لا تستحق الزياره ،,الجو والمكان,متوسطة,synthetic
يا جماعه عند الدخول لاحظت ان الانارة حاره والازدحام كذلك,الجو والمكان,متوسطة,synthetic
اسعارهم عاليه والكنبات مظلمه ما يستاهلون,الجو والمكان,متوسطة,synthetic
تخيل الجلسه مو مريحه,الجو والمكان,متوسطة,synthetic
قسما والله ديكور قديم وما يستاهل,الجو والمكان,متوسطة,synthetic
حر شديد داخل المطعم لا تطاق,الجو والمكان,متوسطة,synthetic
تدفع كثير لكن المكان مهتزه,الجو والمكان,متوسطة,synthetic
اسعارهم عاليه والواجهه خانقه ما يستاهلون,الجو والمكان,متوسطة,synthetic
الازدحام مهتزه والكنبات قديمه المكان تخلي الزبون يستعجل ويطلع,الجو والمكان,متوسطة,synthetic
المطعم يحتاج تطوير الطاولات مظلمه والاجواء لا توحي بالراحه.,الجو والمكان,متوسطة,synthetic
المطعم يفتقر للخصوصيه ما فيه فواصل...,الجو والمكان,متوسطة,synthetic
المكان فيه موسيقى عاليه ما يخليك تستمتع...,الجو والمكان,متوسطة,synthetic
عند الدخول لاحظت ان الطاولات زفت والمساحه كذلك...,الجو والمكان,متوسطة,synthetic
الديكور قديم الازدحام بايخه وموسيقى عاليه,الجو والمكان,متوسطة,synthetic
الجو العام للمطعم سيء الاضاءه غير مريحه والصاله ضيقه.,الجو والمكان,متوسطة,synthetic
ما فيه موقف سيارات داخل المطعم لا تطاق.,الجو والمكان,متوسطة,synthetic
المطعم مزدحم!!!,الجو والمكان,متوسطة,synthetic
يا اخي المطعم باسمه فقط الديكور قديم والاجواء سيئه ،,الجو والمكان,متوسطة,synthetic
اقسم بالله WiFi ضعيف والديكور سيء.,الجو والمكان,متوسطة,synthetic
تكييف معطل في يوم حار جدا ،,الجو والمكان,متوسطة,synthetic
موسيقى مزعجه وبرد شديد تجربه فاشله,الجو والمكان,متوسطة,synthetic
اقسم بالله المطعم غالي والديكور رخيص,الجو والمكان,متوسطة,synthetic
شوفوا الجلسات الخارجيه مكشوفه على الشارع مزعج...,الجو والمكان,متوسطة,synthetic
تجربه سيئه من ناحيه الديكور الديكورات حاره تخلي الزبون يستعجل ويطلع,الجو والمكان,متوسطة,synthetic
الشرفه بايخه والطاولات ضعيفه المكان لا توحي بالراحه,الجو والمكان,متوسطة,synthetic
الاجواء لا تناسب نوع المطعم بسبب ان الحمامات غير مريحه,الجو والمكان,متوسطة,synthetic
موسيقى عاليه كانت الكارثه الكبرى ،,الجو والمكان,متوسطة,synthetic
الحمامات نظافتها سيئه جدا ،,الجو والمكان,متوسطة,synthetic
المكان غير لائق الديكور ضعيفه والفناء غير مريحه,الجو والمكان,متوسطة,synthetic
تجربه سيئه من ناحيه الديكور التراس قديمه غير مقبوله.,الجو والمكان,متوسطة,synthetic
بصراحه المطعم مزدحم.,الجو والمكان,متوسطة,synthetic
الديكور في المطعم سيئه التهويه جدا وتخلي الجلسه مش مريحه,الجو والمكان,متوسطة,synthetic
تخيل تجربه سيئه من ناحيه الديكور الطاولات خانقه تتعب الزبون,الجو والمكان,متوسطة,synthetic
شوفوا تكييف ضعيف,الجو والمكان,متوسطة,synthetic
اسعارهم عاليه والتهويه ضيقه ما يستاهلون,الجو والمكان,متوسطة,synthetic
والله المكان زفت,الجو والمكان,متوسطة,synthetic
المكان كله مشاكل الواجهه حاره الحراره سيئه التهويه وما فيه موقف سيارات.,الجو والمكان,متوسطة,synthetic
صوت تليفزيون عالي وبرد شديد تجربه فاشله,الجو والمكان,متوسطة,synthetic
المكان غير لائق ما اعود...,الجو والمكان,متوسطة,synthetic
الديكور قديم والديكورات متسخه الجو لا توحي بالراحه,الجو والمكان,متوسطة,synthetic
الاسعار تطلب ديكور افضل الاضاءه غير مناسبه.,الجو والمكان,متوسطة,synthetic
يا اخي التكييف ضعيف ما يبرد المكان حر مرره,الجو والمكان,متوسطة,synthetic
والله المطعم مزدحم,الجو والمكان,متوسطة,synthetic
المكان كله مشاكل الزوايا زفت الارضيات مزعجه وريحه دخان,الجو والمكان,متوسطة,synthetic
الدرج كانت سيئه طوال الوقت لا توجد راحه ابدا ،,الجو والمكان,متوسطة,synthetic
يا اخي موقف سيارات صفر,الجو والمكان,متوسطة,synthetic
بصراحه المكان مو على المستوى المتوقع.,الجو والمكان,متوسطة,synthetic
التراس كانت غير مريحه طوال الوقت لا توجد راحه ابدا.,الجو والمكان,متوسطة,synthetic
عند الدخول لاحظت ان الطاوله مهتزه والارضيات كذلك...,الجو والمكان,متوسطة,synthetic
المكان غير لائق الجلسه صغيره والكنبات حاره,الجو والمكان,متوسطة,synthetic
قسم العائلات صغير مرره وكراسي قليله ،,الجو والمكان,متوسطة,synthetic
الدرج مزدحمه مما جعل الجلسه غير ممتعه ابدا.,الجو والمكان,متوسطة,synthetic
المكان كله مشاكل الزوايا خايسه الطاولات متسخه وحر شديد,الجو والمكان,متوسطة,synthetic
اسعارهم عاليه والطاوله حاره ما يستاهلون,الجو والمكان,متوسطة,synthetic
تدفع كثير لكن المكان متسخه,الجو والمكان,متوسطة,synthetic
الاسعار تطلب ديكور افضل المدخل متسخه,الجو والمكان,متوسطة,synthetic
المكان كله مشاكل الحمامات خانقه الحراره غير مناسبه وريحه زيت قلي,الجو والمكان,متوسطة,synthetic
الجلسات الخارجيه كانت غير نظيفه طوال الوقت لا توجد راحه ابدا,الجو والمكان,متوسطة,synthetic
شوفوا قسم العائلات صغير مرره وكراسي قليله,الجو والمكان,متوسطة,synthetic
قسما موقف سيارات صفر.,الجو والمكان,متوسطة,synthetic
المكان فيه محادثات بصوت عالي ما يخليك تستمتع ،,الجو والمكان,متوسطة,synthetic
صراحه تكييف معطل في يوم حار جدا!!!,الجو والمكان,متوسطة,synthetic
الاجواء لا توحي بالراحه بسبب ان الارضيات زفت,الجو والمكان,متوسطة,synthetic
الصراحه محادثات بصوت عالي كانت الكارثه الكبرى.,الجو والمكان,متوسطة,synthetic
يا اخي تجربه سيئه من ناحيه الديكور الحراره كئيبه تذكرني ما اعود,الجو والمكان,متوسطة,synthetic
المطعم سيء الجو لا تناسب نوع المطعم والديكور قديم,الجو والمكان,متوسطة,synthetic
بدخول المطعم تشعر بالضيق الحراره مزعجه وريحه خانقه,الجو والمكان,متوسطة,synthetic
شوفوا المطعم يحتاج تطوير الجلسات الخارجيه متهالكه والاجواء تخلي الزبون يستعجل ويطلع...,الجو والمكان,متوسطة,synthetic
المكان غير لائق الانارة مزعجه والزوايا متسخه,الجو والمكان,متوسطة,synthetic
شوفوا المكان ضيق.,الجو والمكان,متوسطة,synthetic
تجربه سيئه من ناحيه الديكور الانارة بايخه لا توحي بالراحه.,الجو والمكان,متوسطة,synthetic
الحمامات نظافتها سيئه جدا!!!,الجو والمكان,متوسطة,synthetic
الكراسي غير نظيفه والشرفه ضعيفه المكان تخلي الجلسه مش مريحه,الجو والمكان,متوسطة,synthetic
يا جماعه الكراسي في المطعم بايخه جدا وتذكرني ما اعود,الجو والمكان,متوسطة,synthetic
تدفع كثير لكن المكان بارده,الجو والمكان,متوسطة,synthetic
برد شديد داخل المطعم لا تطاق!!!,الجو والمكان,متوسطة,synthetic
تدفع كثير لكن المكان ضعيفه الانارة,الجو والمكان,متوسطة,synthetic
الصراحه الاسعار تطلب ديكور افضل تصميم المكان صغيره,الجو والمكان,متوسطة,synthetic
شوفوا موسيقى عاليه,الجو والمكان,متوسطة,synthetic
صوت اطفال كانت الكارثه الكبرى,الجو والمكان,متوسطة,synthetic
تخيل المكان متسخ...,الجو والمكان,متوسطة,synthetic
تجربه سيئه من ناحيه الديكور المدخل مزعجه تحتاج تجديد,الجو والمكان,متوسطة,synthetic
الديكور قديم الانارة سيئه وصوت اطفال,الجو والمكان,متوسطة,synthetic
صراحه المطعم باسمه فقط الديكور قديم والاجواء سيئه,الجو والمكان,متوسطة,synthetic
ريحه دخان داخل المطعم لا تطاق ،,الجو والمكان,متوسطة,synthetic
تجربه سيئه من ناحيه الديكور الالوان حاره غير مقبوله,الجو والمكان,متوسطة,synthetic
شوفوا المطعم بارد جدا التكييف على اخره,الجو والمكان,متوسطة,synthetic
يا اخي تجربه سيئه من ناحيه الديكور المقاعد غير نظيفه غير مقبوله,الجو والمكان,متوسطة,synthetic
يا اخي الصراحه ديكور المطعم قديم يحتاج تجديد,الجو والمكان,متوسطة,synthetic
الجو العام للمطعم سيء موقف السيارات مظلمه والصاله ضيقه,الجو والمكان,متوسطة,synthetic
بدخول المطعم تشعر بالضيق الجلسات الخارجيه ضيقه وريحه خانقه,الجو والمكان,متوسطة,synthetic
ضجيج طوال الوقت ما تقدر تجلس ،,الجو والمكان,متوسطة,synthetic
تجربه سيئه من ناحيه الديكور الجلسات الخارجيه متسخه لا توحي بالراحه,الجو والمكان,متوسطة,synthetic
شوفوا يا جماعه الجو في هذا المطعم سيء جدا ،,الجو والمكان,متوسطة,synthetic
شوفوا يا جماعه الجو في هذا المطعم سيء جدا...,الجو والمكان,متوسطة,synthetic
يا اخي المكان زفت ما اعود...,الجو والمكان,متوسطة,synthetic
زحمه عند المدخل وطاولات صغيره ومتلاصقه تجربه فاشله,الجو والمكان,متوسطة,synthetic
المكان فيه مشاكل كثيره الانارة غير مريحه والباب غير مناسبه,الجو والمكان,متوسطة,synthetic
المكان غير لائق الطاوله بايخه وتصميم المكان حاره,الجو والمكان,متوسطة,synthetic
الحمامات نظافتها سيئه جدا...,الجو والمكان,متوسطة,synthetic
المكان فيه مشاكل كثيره الكنبات مكتظه والحمامات قديمه,الجو والمكان,متوسطة,synthetic
الديكور قديم الموسيقى خانقه وموسيقى عاليه...,الجو والمكان,متوسطة,synthetic
المكان غير لائق الاضاءه مهتزه والفناء سيئه,الجو والمكان,متوسطة,synthetic
الاسعار تطلب ديكور افضل الازدحام متهالكه...,الجو والمكان,متوسطة,synthetic
للاسف الديكور interior سيء مرره ما يستاهل,الجو والمكان,متوسطة,synthetic
قسما المطعم غالي والديكور رخيص,الجو والمكان,متوسطة,synthetic
المقاعد خانقه مما جعل الجلسه غير ممتعه ابدا,الجو والمكان,متوسطة,synthetic
يا جماعه الديكور عادي جدا لا يميزه شي,الجو والمكان,متوسطة,synthetic
الاسعار تطلب ديكور افضل تصميم المكان زفت,الجو والمكان,متوسطة,synthetic
للاسف المكان ضيق,الجو والمكان,متوسطة,synthetic
عند الدخول لاحظت ان الموسيقى مكتظه وتصميم المكان كذلك,الجو والمكان,متوسطة,synthetic
المطعم باسمه فقط الديكور قديم والاجواء سيئه!!!,الجو والمكان,متوسطة,synthetic
تدفع كثير لكن المكان كئيبه,الجو والمكان,متوسطة,synthetic
الديكور قديم الباب ضعيفه الانارة وموسيقى مزعجه ،,الجو والمكان,متوسطة,synthetic
الانارة في المطعم متهالكه جدا ولا تستحق الزياره,الجو والمكان,متوسطة,synthetic
الاسعار تطلب ديكور افضل الموسيقى متهالكه ،,الجو والمكان,متوسطة,synthetic
المطعم باسمه فقط الديكور قديم والاجواء سيئه...,الجو والمكان,متوسطة,synthetic
الجلسات الخارجيه متهالكه وموقف السيارات خانقه المكان لا تليق بمطعم بهذا الاسم,الجو والمكان,متوسطة,synthetic
المكان ضيق.,الجو والمكان,متوسطة,synthetic
اقسم بالله المطعم باسمه فقط الديكور قديم والاجواء سيئه!!!,الجو والمكان,متوسطة,synthetic
تكييف ضعيف!!!,الجو والمكان,متوسطة,synthetic
تخيل التكييف ضعيف ما يبرد المكان حر مرره...,الجو والمكان,متوسطة,synthetic
الصراحه المطعم يفتقر للخصوصيه ما فيه فواصل,الجو والمكان,متوسطة,synthetic
الاسعار تطلب ديكور افضل المقاعد كئيبه,الجو والمكان,متوسطة,synthetic
الاسعار تطلب ديكور افضل موقف السيارات حاره,الجو والمكان,متوسطة,synthetic
قسما المكان غير لائق ما اعود.,الجو والمكان,متوسطة,synthetic
الصراحه زحمه عند المدخل طوال الوقت ما تقدر تجلس,الجو والمكان,متوسطة,synthetic
للاسف كل ما تطلع من المطعم ملابسك ريحتها زفت.,الجو والمكان,متوسطة,synthetic
موقف السيارات في المطعم مزدحمه جدا وتذكرني ما اعود,الجو والمكان,متوسطة,synthetic
المكان كله مشاكل الديكورات بارده المدخل مهتزه وما فيه قسم عائلات.,الجو والمكان,متوسطة,synthetic
زحمه عند المدخل وبرد شديد تجربه فاشله,الجو والمكان,متوسطة,synthetic
صوت اطفال وريحه دخان تجربه فاشله,الجو والمكان,متوسطة,synthetic
قسما للاسف المكان كئيب الديكور قديم والاضاءه ضعيفه.,الجو والمكان,متوسطة,synthetic
الديكور قديم الجلسه مزعجه وموسيقى مزعجه,الجو والمكان,متوسطة,synthetic
الحديقه في المطعم مهتزه جدا وتشعرني بالضيق,الجو والمكان,متوسطة,synthetic
شوفوا والله ديكور قديم وما يستاهل,الجو والمكان,متوسطة,synthetic
زحمه عند المدخل طوال الوقت ما تقدر تجلس.,الجو والمكان,متوسطة,synthetic
تخيل التكييف ضعيف ما يبرد المكان حر مرره,الجو والمكان,متوسطة,synthetic
يا اخي الدخان في المطعم يخنق ما فيه شفط هواء,الجو والمكان,متوسطة,synthetic
الاسعار تطلب ديكور افضل التراس متهالكه,الجو والمكان,متوسطة,synthetic
قسما المكان غير لائق الكراسي بارده والتراس مكتظه,الجو والمكان,متوسطة,synthetic
تدفع كثير لكن المكان مزعجه.,الجو والمكان,متوسطة,synthetic
الدخان في المطعم يخنق ما فيه شفط هواء...,الجو والمكان,متوسطة,synthetic
اسعارهم عاليه والطاوله غير مريحه ما يستاهلون!!!,الجو والمكان,متوسطة,synthetic
المكان فيه مشاكل كثيره الديكورات زفت والطاولات مزدحمه,الجو والمكان,متوسطة,synthetic
شوفوا تكييف ضعيف...,الجو والمكان,متوسطة,synthetic
الاسعار تطلب ديكور افضل الفناء بايخه,الجو والمكان,متوسطة,synthetic
المطعم يحتاج تطوير التهويه ضعيفه الانارة والاجواء غير لائقه بالسعر,الجو والمكان,متوسطة,synthetic
الجو العام للمطعم سيء المدخل خايسه والصاله ضيقه,الجو والمكان,متوسطة,synthetic
المكان كله مشاكل المقاعد ضعيفه الانارة السقف متهالكه والزحمه ما تتحمل,الجو والمكان,متوسطة,synthetic
المكان فيه ضجيج ما يخليك تستمتع,الجو والمكان,متوسطة,synthetic
المكان غير لائق تصميم المكان مزعجه والانارة ضعيفه,الجو والمكان,متوسطة,synthetic
صراحه تصميم سيء ما يلائم نوع الطعام!!!,الجو والمكان,متوسطة,synthetic
المكان غير لائق ما اعود ،,الجو والمكان,متوسطة,synthetic
للاسف يا اخي المكان زفت ما اعود,الجو والمكان,متوسطة,synthetic
قسما حر داخل المطعم,الجو والمكان,متوسطة,synthetic
اقسم بالله تدفع كثير لكن المكان ضيقه.,الجو والمكان,متوسطة,synthetic
الانارة ضيقه والطاولات مكتظه المكان لا تليق بمطعم بهذا الاسم,الجو والمكان,متوسطة,synthetic
المطعم يحتاج تطوير الصاله ضيقه والاجواء تفسد التجربه كامله,الجو والمكان,متوسطة,synthetic
السقف في المطعم ضعيفه جدا ولا توحي بالراحه,الجو والمكان,متوسطة,synthetic
بصراحه ديكور قديم,الجو والمكان,متوسطة,synthetic
الجو العام للمطعم سيء الزوايا غير مريحه والصاله ضيقه,الجو والمكان,متوسطة,synthetic
يا اخي المكان زفت,الجو والمكان,متوسطة,synthetic
الديكور قديم التهويه ضعيفه الانارة وصوت اطفال,الجو والمكان,متوسطة,synthetic
والله المكان ضيق,الجو والمكان,متوسطة,synthetic
بدخول المطعم تشعر بالضيق الارضيات بايخه وريحه خانقه,الجو والمكان,متوسطة,synthetic
والله والله ديكور قديم وما يستاهل,الجو والمكان,متوسطة,synthetic
الصراحه المكان زفت,الجو والمكان,متوسطة,synthetic
الديكور قديم والفناء بارده الجو تحتاج تجديد,الجو والمكان,متوسطة,synthetic
بدخول المطعم تشعر بالضيق الطاوله خايسه وريحه خانقه,الجو والمكان,متوسطة,synthetic
تخيل المطعم decor قديم ويحتاج تجديد كامل.,الجو والمكان,متوسطة,synthetic
عند الدخول لاحظت ان التراس خانقه والالوان كذلك.,الجو والمكان,متوسطة,synthetic
الارضيات متسخه وما فيه احد ينظف ،,الجو والمكان,متوسطة,synthetic
المطعم decor قديم ويحتاج تجديد كامل...,الجو والمكان,متوسطة,synthetic
والله الطاولات لزجه ما مسحوها,الجو والمكان,متوسطة,synthetic
الزحمه عند الدخول ما تتحمل ولا فيه قسم عائلات!!!,الجو والمكان,متوسطة,synthetic
يا اخي الجو العام للمطعم سيء السقف متهالكه والصاله ضيقه,الجو والمكان,متوسطة,synthetic
صراحه المكان ضيق,الجو والمكان,متوسطة,synthetic
الزوايا كانت بارده طوال الوقت لا توجد راحه ابدا.,الجو والمكان,متوسطة,synthetic
تخيل المطعم بارد جدا التكييف على اخره.,الجو والمكان,متوسطة,synthetic
الديكور قديم والارضيات حاره الجو تخلي الزبون يستعجل ويطلع,الجو والمكان,متوسطة,synthetic
المكان فيه مشاكل كثيره الديكورات خايسه والسقف متهالكه,الجو والمكان,متوسطة,synthetic
الاجواء تخلي الزبون يستعجل ويطلع بسبب ان السقف غير مريحه ،,الجو والمكان,متوسطة,synthetic
محادثات بصوت عالي كانت الكارثه الكبرى,الجو والمكان,متوسطة,synthetic
يا جماعه ضجيج كانت الكارثه الكبرى.,الجو والمكان,متوسطة,synthetic
الديكور قديم الحمامات مظلمه وصوت طناجر من المطبخ,الجو والمكان,متوسطة,synthetic
شوفوا كنبات قديمه ومتسخه طاولات مهتزه.,الجو والمكان,متوسطة,synthetic
بدخول المطعم تشعر بالضيق التكييف صغيره وريحه خانقه,الجو والمكان,متوسطة,synthetic
المطعم مزدحم ،,الجو والمكان,متوسطة,synthetic
تجربه سيئه من ناحيه الديكور الحديقه غير نظيفه تتعب الزبون,الجو والمكان,متوسطة,synthetic
صراحه موسيقى مزعجه طوال الوقت ما تقدر تجلس,الجو والمكان,متوسطة,synthetic
المكان فيه مشاكل كثيره المقاعد زفت والتراس صغيره...,الجو والمكان,متوسطة,synthetic
اقسم بالله ضجيج طوال الوقت ما تقدر تجلس ،,الجو والمكان,متوسطة,synthetic
المكان فيه مشاكل كثيره الشرفه سيئه والباب بارده,الجو والمكان,متوسطة,synthetic
ديكور قديم.,الجو والمكان,متوسطة,synthetic
للاسف WiFi ضعيف والديكور سيء,الجو والمكان,متوسطة,synthetic
الاسعار تطلب ديكور افضل الالوان ضيقه,الجو والمكان,متوسطة,synthetic
الزوايا كانت غير مريحه طوال الوقت لا توجد راحه ابدا.,الجو والمكان,متوسطة,synthetic
والله ديكور قديم,الجو والمكان,متوسطة,synthetic
بدخول المطعم تشعر بالضيق الباب بايخه وريحه خانقه.,الجو والمكان,متوسطة,synthetic
الصراحه المطعم باسمه فقط الديكور قديم والاجواء سيئه.,الجو والمكان,متوسطة,synthetic
اسعارهم عاليه والموسيقى حاره ما يستاهلون,الجو والمكان,متوسطة,synthetic
قسما الديكور عادي جدا لا يميزه شي,الجو والمكان,متوسطة,synthetic
المطعم صغير وما يكفي العدد!!!,الجو والمكان,متوسطة,synthetic
AC ضعيف والمكان حار!!!,الجو والمكان,متوسطة,synthetic
المطعم يحتاج تطوير الحراره مهتزه والاجواء تفسد التجربه كامله,الجو والمكان,متوسطة,synthetic
الجو العام للمطعم سيء الشرفه مكتظه والصاله ضيقه,الجو والمكان,متوسطة,synthetic
اقسم بالله الحديقه بايخه مما جعل الجلسه غير ممتعه ابدا...,الجو والمكان,متوسطة,synthetic
صراحه موسيقى عاليه.,الجو والمكان,متوسطة,synthetic
والله المكان زفت!!!,الجو والمكان,متوسطة,synthetic
الديكور interior سيء مرره ما يستاهل.,الجو والمكان,متوسطة,synthetic
اقسم بالله تجربه سيئه بسبب الديكور والاجواء,الجو والمكان,متوسطة,synthetic
المساحه في المطعم خايسه جدا ولا تناسب نوع المطعم,الجو والمكان,متوسطة,synthetic
للاسف المطعم غالي والديكور رخيص,الجو والمكان,متوسطة,synthetic
صراحه صوت اطفال طوال الوقت ما تقدر تجلس.,الجو والمكان,متوسطة,synthetic
عند الدخول لاحظت ان الديكورات سيئه التهويه والشرفه كذلك,الجو والمكان,متوسطة,synthetic
الاضاءه ضعيفه الانارة مما جعل الجلسه غير ممتعه ابدا,الجو والمكان,متوسطة,synthetic
الاسعار تطلب ديكور افضل الانارة مكتظه,الجو والمكان,متوسطة,synthetic
يا جماعه الدخان في المطعم يخنق ما فيه شفط هواء,الجو والمكان,متوسطة,synthetic
صراحه الديكور تقليدي مكرر في كل المطاعم ،,الجو والمكان,متوسطة,synthetic
قسما المكان غير لائق الموسيقى غير مناسبه والسقف ضيقه ،,الجو والمكان,متوسطة,synthetic
والله الطاولات لزجه ما مسحوها.,الجو والمكان,متوسطة,synthetic
شوفوا المكان غير لائق الحمامات مهتزه والحراره خانقه,الجو والمكان,متوسطة,synthetic
تجربه سيئه من ناحيه الديكور الديكورات قديمه غير مقبوله,الجو والمكان,متوسطة,synthetic
زحمه عند المدخل وحر شديد تجربه فاشله,الجو والمكان,متوسطة,synthetic
المطعم بارد جدا التكييف على اخره...,الجو والمكان,متوسطة,synthetic
قسما صوت تليفزيون عالي طوال الوقت ما تقدر تجلس...,الجو والمكان,متوسطة,synthetic
تخيل المطعم صغير وما يكفي العدد...,الجو والمكان,متوسطة,synthetic
ريحه الزيت في المطعم خانقه ما اقدر اتنفس ،,الجو والمكان,متوسطة,synthetic
الصراحه ضجيج طوال الوقت ما تقدر تجلس.,الجو والمكان,متوسطة,synthetic
الارضيات في المطعم متهالكه جدا وتشعرني بالضيق,الجو والمكان,متوسطة,synthetic
للاسف تجربه احباط الديكور سيء والمكان مزدحم,الجو والمكان,متوسطة,synthetic
اسعارهم عاليه والانارة ضعيفه ما يستاهلون,الجو والمكان,متوسطة,synthetic
الديكور قديم الحديقه صغيره ومحادثات بصوت عالي,الجو والمكان,متوسطة,synthetic
عند الدخول لاحظت ان الانارة غير نظيفه والواجهه كذلك,الجو والمكان,متوسطة,synthetic
المطعم يحتاج تطوير التهويه متهالكه والاجواء تتعب الزبون,الجو والمكان,متوسطة,synthetic
الجو مو حلو ،,الجو والمكان,متوسطة,synthetic
المكان فيه مشاكل كثيره التراس صغيره والشرفه بايخه,الجو والمكان,متوسطة,synthetic
الجو العام للمطعم سيء الحديقه حاره والصاله ضيقه,الجو والمكان,متوسطة,synthetic
قسما الديكور تقليدي مكرر في كل المطاعم,الجو والمكان,متوسطة,synthetic
ما فيه موقف للسيارات اضطر اوقف بعيد ،,الجو والمكان,متوسطة,synthetic
المطعم يحتاج تطوير الطاولات ضعيفه والاجواء لا تناسب نوع المطعم,الجو والمكان,متوسطة,synthetic
بصراحه ابحثوا عن مكان غيره الديكور سيء,الجو والمكان,متوسطة,synthetic
تخيل ما فيه موقف للسيارات اضطر اوقف بعيد,الجو والمكان,متوسطة,synthetic
يا اخي الديكور قديم جدا,الجو والمكان,متوسطة,synthetic
للاسف المكان دايم مزدحم ما تلقى طاوله فاضيه...,الجو والمكان,متوسطة,synthetic
تجربه سيئه بسبب الديكور والاجواء!!!,الجو والمكان,متوسطة,synthetic
المكان فيه مشاكل كثيره تصميم المكان قديمه والكنبات بارده,الجو والمكان,متوسطة,synthetic
شوفوا المكان زفت,الجو والمكان,متوسطة,synthetic
الصراحه شوفوا يا جماعه الجو في هذا المطعم سيء جدا,الجو والمكان,متوسطة,synthetic
الواجهه في المطعم سيئه التهويه جدا وتتعب الزبون,الجو والمكان,متوسطة,synthetic
الدرج في المطعم غير مناسبه جدا وتشعرني بالضيق,الجو والمكان,متوسطة,synthetic
المطعم باسمه فقط الديكور قديم والاجواء سيئه.,الجو والمكان,متوسطة,synthetic
الطاولات خانقه مما جعل الجلسه غير ممتعه ابدا,الجو والمكان,متوسطة,synthetic
الاجواء تخلي الجلسه مش مريحه بسبب ان السقف ضيقه,الجو والمكان,متوسطة,synthetic
المكان غير لائق الصاله حاره والمساحه سيئه التهويه.,الجو والمكان,متوسطة,synthetic
المكان غير لائق الحراره زفت والالوان خايسه,الجو والمكان,متوسطة,synthetic
موسيقى مزعجه وريحه طبخ خانقه تجربه فاشله!!!,الجو والمكان,متوسطة,synthetic
اقسم بالله الجو العام للمطعم سيء الطاولات متسخه والصاله ضيقه.,الجو والمكان,متوسطة,synthetic
المكان كله مشاكل الازدحام متهالكه الكراسي مهتزه وبرد شديد,الجو والمكان,متوسطة,synthetic
صوت اطفال كانت الكارثه الكبرى.,الجو والمكان,متوسطة,synthetic
الاجواء تحتاج تجديد بسبب ان الطاولات غير مريحه...,الجو والمكان,متوسطة,synthetic
تصميم المكان في المطعم سيئه التهويه جدا وغير مقبوله,الجو والمكان,متوسطة,synthetic
الديكور عادي جدا لا يميزه شي.,الجو والمكان,متوسطة,synthetic
تدفع كثير لكن المكان سيئه,الجو والمكان,متوسطة,synthetic
المكان فيه مشاكل كثيره الزوايا ضعيفه والشرفه خانقه,الجو والمكان,متوسطة,synthetic
تخيل الديكور قديم والواجهه مهتزه الجو لا تليق بمطعم بهذا الاسم,الجو والمكان,متوسطة,synthetic
المساحه مزعجه والجلسه متسخه المكان تخلي الزبون يستعجل ويطلع.,الجو والمكان,متوسطة,synthetic
قسما الصراحه ديكور المطعم قديم يحتاج تجديد,الجو والمكان,متوسطة,synthetic
تجربه سيئه من ناحيه الديكور التراس مزدحمه تشعرني بالضيق...,الجو والمكان,متوسطة,synthetic
الحراره داخل المطعم ما تتحمل!!!,الجو والمكان,متوسطة,synthetic
موسيقى عاليه كانت الكارثه الكبرى,الجو والمكان,متوسطة,synthetic
عند الدخول لاحظت ان الواجهه ضيقه والموسيقى كذلك.,الجو والمكان,متوسطة,synthetic
المكان غير لائق التهويه قديمه والديكور بارده,الجو والمكان,متوسطة,synthetic
المكان كله مشاكل المساحه سيئه التهويه الالوان حاره وكراسي ما تتحرك!!!,الجو والمكان,متوسطة,synthetic
حر داخل المطعم ،,الجو والمكان,متوسطة,synthetic
يا اخي الصاله في المطعم صغيره جدا وتحتاج تجديد,الجو والمكان,متوسطة,synthetic
شوفوا الديكور قديم والديكور سيئه الجو غير لائقه بالسعر!!!,الجو والمكان,متوسطة,synthetic
الالوان في المطعم ضعيفه الانارة جدا وغير لائقه بالسعر ،,الجو والمكان,متوسطة,synthetic
المطعم يحتاج تطوير الديكور مهتزه والاجواء تشعرني بالضيق.,الجو والمكان,متوسطة,synthetic
ريحه دخان داخل المطعم لا تطاق,الجو والمكان,متوسطة,synthetic
قسما تجربه احباط الديكور سيء والمكان مزدحم!!!,الجو والمكان,متوسطة,synthetic
تجربه سيئه من ناحيه الديكور التكييف بايخه تخنقني,الجو والمكان,متوسطة,synthetic
الجو العام للمطعم سيء تصميم المكان مكتظه والصاله ضيقه,الجو والمكان,متوسطة,synthetic
WiFi ضعيف والديكور سيء ،,الجو والمكان,متوسطة,synthetic
اسعارهم عاليه والموسيقى زفت ما يستاهلون.,الجو والمكان,متوسطة,synthetic
الدرج سيئه التهويه مما جعل الجلسه غير ممتعه ابدا,الجو والمكان,متوسطة,synthetic
عند الدخول لاحظت ان التراس غير نظيفه والشرفه كذلك,الجو والمكان,متوسطة,synthetic
اقسم بالله ابحثوا عن مكان غيره الديكور سيء,الجو والمكان,متوسطة,synthetic
الازدحام كانت مهتزه طوال الوقت لا توجد راحه ابدا,الجو والمكان,متوسطة,synthetic
عند الدخول لاحظت ان الواجهه خانقه والمدخل كذلك,الجو والمكان,متوسطة,synthetic
قسما الحمامات نظافتها سيئه جدا,الجو والمكان,متوسطة,synthetic
تجربه سيئه من ناحيه الديكور الحراره كئيبه تخنقني...,الجو والمكان,متوسطة,synthetic
يا جماعه الجلسات الخارجيه مكشوفه على الشارع مزعج,الجو والمكان,متوسطة,synthetic
الارضيات متهالكه مما جعل الجلسه غير ممتعه ابدا ،,الجو والمكان,متوسطة,synthetic
المكان غير لائق المقاعد بايخه وموقف السيارات حاره,الجو والمكان,متوسطة,synthetic
المطعم سيء الجو تشعرني بالضيق والديكور قديم.,الجو والمكان,متوسطة,synthetic
تجربه سيئه من ناحيه الديكور الباب غير مريحه تخنقني.,الجو والمكان,متوسطة,synthetic
الديكور قديم الحديقه مكتظه ومحادثات بصوت عالي!!!,الجو والمكان,متوسطة,synthetic
الجو العام للمطعم سيء الحديقه مزعجه والصاله ضيقه,الجو والمكان,متوسطة,synthetic
المكان فيه مشاكل كثيره الطاوله ضعيفه الانارة والكراسي خايسه,الجو والمكان,متوسطة,synthetic
الكنبات في المطعم كئيبه جدا وتتعب الزبون,الجو والمكان,متوسطة,synthetic
الدخان في المطعم يخنق ما فيه شفط هواء!!!,الجو والمكان,متوسطة,synthetic
يا جماعه الكراسي مكتظه مما جعل الجلسه غير ممتعه ابدا,الجو والمكان,متوسطة,synthetic
اسعارهم عاليه والاضاءه مهتزه ما يستاهلون.,الجو والمكان,متوسطة,synthetic
الاجواء تخلي الجلسه مش مريحه بسبب ان الجلسات الخارجيه غير مناسبه.,الجو والمكان,متوسطة,synthetic
تجربه سيئه من ناحيه الديكور الجلسه مزدحمه لا تليق بمطعم بهذا الاسم,الجو والمكان,متوسطة,synthetic
المكان غير لائق الزوايا مزعجه والجلسات الخارجيه سيئه التهويه,الجو والمكان,متوسطة,synthetic
الديكور قديم والمقاعد غير مريحه الجو تخنقني,الجو والمكان,متوسطة,synthetic
شوفوا المكان ضيق!!!,الجو والمكان,متوسطة,synthetic
المكان غير لائق التهويه بايخه والحديقه غير مناسبه,الجو والمكان,متوسطة,synthetic
تخيل المطعم يفتقر للخصوصيه ما فيه فواصل,الجو والمكان,متوسطة,synthetic
للاسف المكان زفت,الجو والمكان,متوسطة,synthetic
شوفوا المكان غير لائق الانارة خايسه والديكورات ضيقه,الجو والمكان,متوسطة,synthetic
الديكور قديم الحراره مظلمه وموسيقى عاليه ،,الجو والمكان,متوسطة,synthetic
الاسعار تطلب ديكور افضل الحمامات خانقه.,الجو والمكان,متوسطة,synthetic
المكان كله مشاكل الزوايا غير مريحه موقف السيارات مهتزه وحر شديد.,الجو والمكان,متوسطة,synthetic
والله صوت طناجر من المطبخ كانت الكارثه الكبرى,الجو والمكان,متوسطة,synthetic
المكان كله مشاكل التكييف صغيره الحمامات قديمه وريحه طبخ خانقه,الجو والمكان,متوسطة,synthetic
اسعارهم عاليه والزوايا مزدحمه ما يستاهلون,الجو والمكان,متوسطة,synthetic
تكييف ضعيف ،,الجو والمكان,متوسطة,synthetic
المكان فيه مشاكل كثيره السقف خايسه والتهويه ضيقه,الجو والمكان,متوسطة,synthetic
الديكور قديم تصميم المكان متهالكه وصوت طناجر من المطبخ,الجو والمكان,متوسطة,synthetic
الاجواء غير مقبوله بسبب ان الكنبات صغيره,الجو والمكان,متوسطة,synthetic
اقسم بالله بدخول المطعم تشعر بالضيق الانارة ضعيفه وريحه خانقه,الجو والمكان,متوسطة,synthetic
اضاءه كافيه لكن الالوان كئيبه ،,الجو والمكان,متوسطة,synthetic
الباب كانت ضعيفه الانارة طوال الوقت لا توجد راحه ابدا,الجو والمكان,متوسطة,synthetic
المكان فيه مشاكل كثيره التكييف ضيقه والكنبات خايسه...,الجو والمكان,متوسطة,synthetic
تكييف معطل في يوم حار جدا!!!,الجو والمكان,متوسطة,synthetic
المطعم يفتقر للخصوصيه ما فيه فواصل ،,الجو والمكان,متوسطة,synthetic
شوفوا المطعم يفتقر للخصوصيه ما فيه فواصل,الجو والمكان,متوسطة,synthetic
ريحه زيت قلي داخل المطعم لا تطاق.,الجو والمكان,متوسطة,synthetic
الديكور قديم الحراره مظلمه وصوت طناجر من المطبخ,الجو والمكان,متوسطة,synthetic
الجو العام للمطعم سيء الالوان متهالكه والصاله ضيقه,الجو والمكان,متوسطة,synthetic
موسيقى عاليه كانت الكارثه الكبرى.,الجو والمكان,متوسطة,synthetic
يا اخي المكان زفت ما اعود.,الجو والمكان,متوسطة,synthetic
موسيقى مزعجه وريحه دخان تجربه فاشله,الجو والمكان,متوسطة,synthetic
الجو العام للمطعم سيء التراس حاره والصاله ضيقه,الجو والمكان,متوسطة,synthetic
تدفع كثير لكن المكان مظلمه,الجو والمكان,متوسطة,synthetic
المكان متسخ...,الجو والمكان,متوسطة,synthetic
يا جماعه الارضيات متسخه وما فيه احد ينظف ،,الجو والمكان,متوسطة,synthetic
المكان كله مشاكل الحديقه سيئه الطاوله مزدحمه وريحه زيت قلي,الجو والمكان,متوسطة,synthetic
للاسف حر داخل المطعم,الجو والمكان,متوسطة,synthetic
الديكور قديم الفناء ضعيفه الانارة وصوت تليفزيون عالي.,الجو والمكان,متوسطة,synthetic
بصراحه المطعم باسمه فقط الديكور قديم والاجواء سيئه,الجو والمكان,متوسطة,synthetic
تدفع كثير لكن المكان مزعجه,الجو والمكان,متوسطة,synthetic
المكان غير لائق الجلسات الخارجيه سيئه التهويه والدرج بايخه,الجو والمكان,متوسطة,synthetic
صراحه المكان كله مشاكل المدخل زفت التهويه متسخه وطاولات صغيره ومتلاصقه,الجو والمكان,متوسطة,synthetic
المكان فيه مشاكل كثيره الحراره متسخه والزوايا خايسه.,الجو والمكان,متوسطة,synthetic
بصراحه للاسف المكان كئيب الديكور قديم والاضاءه ضعيفه,الجو والمكان,متوسطة,synthetic
اسعارهم عاليه والحمامات مكتظه ما يستاهلون...,الجو والمكان,متوسطة,synthetic
المطعم يحتاج تطوير المقاعد غير مناسبه والاجواء غير مقبوله...,الجو والمكان,متوسطة,synthetic
والله الديكور قديم والفناء مظلمه الجو لا تليق بمطعم بهذا الاسم,الجو والمكان,متوسطة,synthetic
الفناء كانت مهتزه طوال الوقت لا توجد راحه ابدا ،,الجو والمكان,متوسطة,synthetic
بدخول المطعم تشعر بالضيق التراس مزدحمه وريحه خانقه...,الجو والمكان,متوسطة,synthetic
الباب في المطعم حاره جدا وتشعرني بالغثيان!!!,الجو والمكان,متوسطة,synthetic
والله الاسعار تطلب ديكور افضل موقف السيارات خانقه,الجو والمكان,متوسطة,synthetic
قسما ما فيه موقف للسيارات اضطر اوقف بعيد,الجو والمكان,متوسطة,synthetic
اسعارهم عاليه والسقف ضيقه ما يستاهلون,الجو والمكان,متوسطة,synthetic
اسعار عاليه على هذا الديكور داخل المطعم لا تطاق.,الجو والمكان,متوسطة,synthetic
بدخول المطعم تشعر بالضيق السقف متسخه وريحه خانقه,الجو والمكان,متوسطة,synthetic
قسما موسيقى عاليه وريحه دخان تجربه فاشله,الجو والمكان,متوسطة,synthetic
قسما الجو العام للمطعم سيء الديكورات كئيبه والصاله ضيقه,الجو والمكان,متوسطة,synthetic
الديكور قديم الصاله بارده وزحمه عند المدخل,الجو والمكان,متوسطة,synthetic
بصراحه الجو العام للمطعم سيء تصميم المكان مزعجه والصاله ضيقه,الجو والمكان,متوسطة,synthetic
ما فيه قسم عائلات داخل المطعم لا تطاق...,الجو والمكان,متوسطة,synthetic
الصراحه اسعارهم عاليه والموسيقى مكتظه ما يستاهلون,الجو والمكان,متوسطة,synthetic
الاسعار تطلب ديكور افضل الدرج متهالكه,الجو والمكان,متوسطة,synthetic
الكنبات كئيبه والشرفه سيئه المكان تخنقني.,الجو والمكان,متوسطة,synthetic
الحديقه كانت قديمه طوال الوقت لا توجد راحه ابدا,الجو والمكان,متوسطة,synthetic
اقسم بالله كل ما تطلع من المطعم ملابسك ريحتها زفت...,الجو والمكان,متوسطة,synthetic
موسيقى عاليه وما فيه قسم عائلات تجربه فاشله,الجو والمكان,متوسطة,synthetic
الطاولات كانت زفت طوال الوقت لا توجد راحه ابدا,الجو والمكان,متوسطة,synthetic
بصراحه الديكور interior سيء مرره ما يستاهل ،,الجو والمكان,متوسطة,synthetic
شوفوا WiFi ضعيف والديكور سيء,الجو والمكان,متوسطة,synthetic
والله زحمه عند المدخل وريحه دخان تجربه فاشله,الجو والمكان,متوسطة,synthetic
بدخول المطعم تشعر بالضيق التكييف بايخه وريحه خانقه,الجو والمكان,متوسطة,synthetic
كراسي ما تتحرك داخل المطعم لا تطاق ،,الجو والمكان,متوسطة,synthetic
صراحه الجلسات الخارجيه مكشوفه على الشارع مزعج,الجو والمكان,متوسطة,synthetic
بصراحه تجربه سيئه من ناحيه الديكور الانارة مزعجه تفسد التجربه كامله,الجو والمكان,متوسطة,synthetic
محادثات بصوت عالي طوال الوقت ما تقدر تجلس,الجو والمكان,متوسطة,synthetic
المكان غير لائق الدرج مزدحمه والحراره مزدحمه,الجو والمكان,متوسطة,synthetic
ما فيه موقف سيارات داخل المطعم لا تطاق,الجو والمكان,متوسطة,synthetic
الفناء في المطعم ضيقه جدا وتخلي الجلسه مش مريحه,الجو والمكان,متوسطة,synthetic
اسعارهم عاليه والكراسي كئيبه ما يستاهلون,الجو والمكان,متوسطة,synthetic
المكان كله مشاكل الزوايا غير نظيفه الانارة قديمه وما فيه موقف سيارات,الجو والمكان,متوسطة,synthetic
الازدحام بارده والالوان زفت المكان تفسد التجربه كامله,الجو والمكان,متوسطة,synthetic
المطعم يحتاج تطوير المقاعد غير مناسبه والاجواء تخلي الزبون يستعجل ويطلع,الجو والمكان,متوسطة,synthetic
الازدحام في المطعم سيئه جدا ولا تستحق الزياره.,الجو والمكان,متوسطة,synthetic
ما انصح بالمكان الجو غير مريح ابدا!!!,الجو والمكان,متوسطة,synthetic
شوفوا الازدحام كانت غير مريحه طوال الوقت لا توجد راحه ابدا,الجو والمكان,متوسطة,synthetic
تخيل الديكور interior سيء مرره ما يستاهل ،,الجو والمكان,متوسطة,synthetic
التراس غير مناسبه مما جعل الجلسه غير ممتعه ابدا ،,الجو والمكان,متوسطة,synthetic
تجربه سيئه من ناحيه الديكور الحراره سيئه تخلي الجلسه مش مريحه,الجو والمكان,متوسطة,synthetic
بصراحه تكييف ضعيف,الجو والمكان,متوسطة,synthetic
شوفوا المطعم غالي والديكور رخيص.,الجو والمكان,متوسطة,synthetic
تخيل المكان فيه موسيقى مزعجه ما يخليك تستمتع,الجو والمكان,متوسطة,synthetic
الحراره كانت قديمه طوال الوقت لا توجد راحه ابدا.,الجو والمكان,متوسطة,synthetic
الزوايا مهتزه مما جعل الجلسه غير ممتعه ابدا!!!,الجو والمكان,متوسطة,synthetic
يا جماعه الاجواء غير لائقه بالسعر بسبب ان الموسيقى قديمه ،,الجو والمكان,متوسطة,synthetic
تصميم سيء ما يلائم نوع الطعام!!!,الجو والمكان,متوسطة,synthetic
موقف السيارات متسخه مما جعل الجلسه غير ممتعه ابدا,الجو والمكان,متوسطة,synthetic
الاجواء غير لائقه بالسعر بسبب ان الحمامات غير مناسبه,الجو والمكان,متوسطة,synthetic
ريحه دخان...,الجو والمكان,متوسطة,synthetic
اقسم بالله المكان دايم مزدحم ما تلقى طاوله فاضيه,الجو والمكان,متوسطة,synthetic
الاسعار تطلب ديكور افضل الواجهه ضعيفه الانارة,الجو والمكان,متوسطة,synthetic
للاسف الطاولات لزجه ما مسحوها,الجو والمكان,متوسطة,synthetic
تخيل الاضاءه في المطعم ضعيفه الانارة جدا وتحتاج تجديد,الجو والمكان,متوسطة,synthetic
المطعم سيء الجو تشعرني بالغثيان والديكور قديم,الجو والمكان,متوسطة,synthetic
بدخول المطعم تشعر بالضيق التكييف غير مريحه وريحه خانقه,الجو والمكان,متوسطة,synthetic
المكان فيه ضجيج ما يخليك تستمتع ،,الجو والمكان,متوسطة,synthetic
تجربه سيئه من ناحيه الديكور الانارة صغيره لا تناسب نوع المطعم.,الجو والمكان,متوسطة,synthetic
عند الدخول لاحظت ان الاضاءه متهالكه والطاولات كذلك,الجو والمكان,متوسطة,synthetic
الديكور قديم الالوان مكتظه وموسيقى عاليه,الجو والمكان,متوسطة,synthetic
اسعارهم عاليه والانارة مزعجه ما يستاهلون,الجو والمكان,متوسطة,synthetic
الباب في المطعم حاره جدا ومحبطه,الجو والمكان,متوسطة,synthetic
الاسعار تطلب ديكور افضل الازدحام غير مريحه,الجو والمكان,متوسطة,synthetic
المطعم يحتاج تطوير الفناء غير مريحه والاجواء تخنقني,الجو والمكان,متوسطة,synthetic
بصراحه المكان غير لائق ما اعود,الجو والمكان,متوسطة,synthetic
قسما المطعم يحتاج تطوير المقاعد مهتزه والاجواء تحتاج تجديد.,الجو والمكان,متوسطة,synthetic
تجربه سيئه من ناحيه الديكور تصميم المكان غير نظيفه تخنقني.,الجو والمكان,متوسطة,synthetic
اقسم بالله ريحه دخان ،,الجو والمكان,متوسطة,synthetic
تجربه سيئه من ناحيه الديكور الشرفه مظلمه تحتاج تجديد,الجو والمكان,متوسطة,synthetic
تدفع كثير لكن المكان مزدحمه,الجو والمكان,متوسطة,synthetic
للاسف الديكور عادي جدا لا يميزه شي,الجو والمكان,متوسطة,synthetic
المكان ضيق ،,الجو والمكان,متوسطة,synthetic
للاسف الجلسات الخارجيه مكشوفه على الشارع مزعج,الجو والمكان,متوسطة,synthetic
الارضيات في المطعم سيئه جدا وغير لائقه بالسعر!!!,الجو والمكان,متوسطة,synthetic
عند الدخول لاحظت ان التهويه مهتزه والالوان كذلك!!!,الجو والمكان,متوسطة,synthetic
اقسم بالله يا اخي المكان زفت ما اعود,الجو والمكان,متوسطة,synthetic
الاسعار تطلب ديكور افضل الطاولات مهتزه.,الجو والمكان,متوسطة,synthetic
المكان شكله مو نظيف من بره وداخل...,الجو والمكان,متوسطة,synthetic
تخيل ديكور قديم,الجو والمكان,متوسطة,synthetic
للاسف AC ضعيف والمكان حار,الجو والمكان,متوسطة,synthetic
للاسف التكييف ضعيف ما يبرد المكان حر مرره ،,الجو والمكان,متوسطة,synthetic
الحراره داخل المطعم ما تتحمل...,الجو والمكان,متوسطة,synthetic
تجربه سيئه من ناحيه الديكور الباب سيئه التهويه لا تستحق الزياره.,الجو والمكان,متوسطة,synthetic
المكان غير لائق الطاولات زفت والطاوله خايسه,الجو والمكان,متوسطة,synthetic
الواجهه كانت خانقه طوال الوقت لا توجد راحه ابدا ،,الجو والمكان,متوسطة,synthetic
الديكور قديم جدا ،,الجو والمكان,متوسطة,synthetic
المكان كله مشاكل الدرج مزعجه الازدحام غير نظيفه وكراسي ما تتحرك,الجو والمكان,متوسطة,synthetic
السقف مظلمه مما جعل الجلسه غير ممتعه ابدا,الجو والمكان,متوسطة,synthetic
الجو العام للمطعم سيء الطاولات متهالكه والصاله ضيقه!!!,الجو والمكان,متوسطة,synthetic
اقسم بالله موقف سيارات صفر,الجو والمكان,متوسطة,synthetic
الجو العام للمطعم سيء الحمامات ضعيفه والصاله ضيقه.,الجو والمكان,متوسطة,synthetic
بدخول المطعم تشعر بالضيق التهويه قديمه وريحه خانقه,الجو والمكان,متوسطة,synthetic
شوفوا تجربه سيئه من ناحيه الديكور موقف السيارات خانقه تحتاج تجديد!!!,الجو والمكان,متوسطة,synthetic
بصراحه الارضيات كانت مزعجه طوال الوقت لا توجد راحه ابدا...,الجو والمكان,متوسطة,synthetic
ضجيج طوال الوقت ما تقدر تجلس!!!,الجو والمكان,متوسطة,synthetic
تخيل ريحه طبخ خانقه داخل المطعم لا تطاق,الجو والمكان,متوسطة,synthetic
الاسعار تطلب ديكور افضل السقف مظلمه.,الجو والمكان,متوسطة,synthetic
الديكور قديم المساحه بارده وصوت اطفال,الجو والمكان,متوسطة,synthetic
تخيل بصراحه المكان مو على المستوى المتوقع!!!,الجو والمكان,متوسطة,synthetic
اقسم بالله المكان غير لائق ما اعود,الجو والمكان,متوسطة,synthetic
التهويه متهالكه والحمامات صغيره المكان تذكرني ما اعود,الجو والمكان,متوسطة,synthetic
شوفوا كراسي ما تتحرك داخل المطعم لا تطاق,الجو والمكان,متوسطة,synthetic
الديكور ضعيفه مما جعل الجلسه غير ممتعه ابدا,الجو والمكان,متوسطة,synthetic
يا اخي بصراحه المكان مو على المستوى المتوقع,الجو والمكان,متوسطة,synthetic
الصراحه بدخول المطعم تشعر بالضيق الحمامات بارده وريحه خانقه,الجو والمكان,متوسطة,synthetic
يا اخي المكان دايم مزدحم ما تلقى طاوله فاضيه,الجو والمكان,متوسطة,synthetic
المكان كله مشاكل الطاوله مزدحمه الدرج مزعجه وريحه زيت قلي,الجو والمكان,متوسطة,synthetic
الديكور قديم وتصميم المكان ضيقه الجو لا تناسب نوع المطعم,الجو والمكان,متوسطة,synthetic
تجربه سيئه من ناحيه الديكور الطاولات حاره غير لائقه بالسعر,الجو والمكان,متوسطة,synthetic
المكان فيه مشاكل كثيره الطاولات سيئه التهويه والواجهه حاره,الجو والمكان,متوسطة,synthetic
شوفوا الديكور عادي جدا لا يميزه شي,الجو والمكان,متوسطة,synthetic
ضجيج والزحمه ما تتحمل تجربه فاشله.,الجو والمكان,متوسطة,synthetic
تجربه سيئه من ناحيه الديكور موقف السيارات مزدحمه تحتاج تجديد,الجو والمكان,متوسطة,synthetic
تجربه سيئه من ناحيه الديكور الموسيقى غير مريحه تحتاج تجديد,الجو والمكان,متوسطة,synthetic
صراحه الديكور تقليدي مكرر في كل المطاعم,الجو والمكان,متوسطة,synthetic
المكان غير لائق السقف مهتزه وموقف السيارات كئيبه ،,الجو والمكان,متوسطة,synthetic
صوت تليفزيون عالي وريحه طبخ خانقه تجربه فاشله,الجو والمكان,متوسطة,synthetic
الحمامات نظافتها سيئه جدا.,الجو والمكان,متوسطة,synthetic
الجو مو حلو!!!,الجو والمكان,متوسطة,synthetic
المكان كله مشاكل الانارة كئيبه الزوايا مكتظه والزحمه ما تتحمل,الجو والمكان,متوسطة,synthetic
الجو العام للمطعم سيء الالوان صغيره والصاله ضيقه.,الجو والمكان,متوسطة,synthetic
الحراره خايسه والمقاعد غير مريحه المكان تتعب الزبون,الجو والمكان,متوسطة,synthetic
موقف سيارات صفر ،,الجو والمكان,متوسطة,synthetic
قسما صوت اطفال كانت الكارثه الكبرى,الجو والمكان,متوسطة,synthetic
الديكور في المطعم متهالكه جدا ومحبطه,الجو والمكان,متوسطة,synthetic
كنبات قديمه ومتسخه طاولات مهتزه ،,الجو والمكان,متوسطة,synthetic
تجربه سيئه من ناحيه الديكور التهويه مزدحمه غير مقبوله,الجو والمكان,متوسطة,synthetic
والله ديكور قديم وما يستاهل.,الجو والمكان,متوسطة,synthetic
الشرفه في المطعم حاره جدا وتخلي الجلسه مش مريحه,الجو والمكان,متوسطة,synthetic
بدخول المطعم تشعر بالضيق الاضاءه قديمه وريحه خانقه.,الجو والمكان,متوسطة,synthetic
المدخل صغيره والارضيات غير نظيفه المكان تفسد التجربه كامله...,الجو والمكان,متوسطة,synthetic
تدفع كثير لكن المكان ضعيفه,الجو والمكان,متوسطة,synthetic
بدخول المطعم تشعر بالضيق المدخل سيئه التهويه وريحه خانقه...,الجو والمكان,متوسطة,synthetic
عند الدخول لاحظت ان الحراره قديمه والتراس كذلك.,الجو والمكان,متوسطة,synthetic
بدخول المطعم تشعر بالضيق الباب بارده وريحه خانقه ،,الجو والمكان,متوسطة,synthetic
صراحه الدرج خايسه مما جعل الجلسه غير ممتعه ابدا,الجو والمكان,متوسطة,synthetic
يا جماعه ما فيه موقف للسيارات اضطر اوقف بعيد.,الجو والمكان,متوسطة,synthetic
بصراحه المطعم سيء الجو تشعرني بالغثيان والديكور قديم,الجو والمكان,متوسطة,synthetic
المكان فيه مشاكل كثيره الواجهه خايسه والسقف قديمه,الجو والمكان,متوسطة,synthetic
تخيل اسعارهم عاليه والحديقه صغيره ما يستاهلون,الجو والمكان,متوسطة,synthetic
يا جماعه تجربه احباط الديكور سيء والمكان مزدحم,الجو والمكان,متوسطة,synthetic
يا اخي كنبات قديمه ومتسخه طاولات مهتزه,الجو والمكان,متوسطة,synthetic
كراسي مو مريحه ،,الجو والمكان,متوسطة,synthetic
صوت تليفزيون عالي وطاولات صغيره ومتلاصقه تجربه فاشله!!!,الجو والمكان,متوسطة,synthetic
اقسم بالله الديكور عادي جدا لا يميزه شي,الجو والمكان,متوسطة,synthetic
قسما الديكور interior سيء مرره ما يستاهل,الجو والمكان,متوسطة,synthetic
اسعارهم عاليه والزوايا كئيبه ما يستاهلون,الجو والمكان,متوسطة,synthetic
للاسف يا اخي المكان زفت ما اعود.,الجو والمكان,متوسطة,synthetic
والله تكييف ضعيف,الجو والمكان,متوسطة,synthetic
والله تجربه سيئه بسبب الديكور والاجواء.,الجو والمكان,متوسطة,synthetic
اسعارهم عاليه وتصميم المكان متهالكه ما يستاهلون,الجو والمكان,متوسطة,synthetic
والله تكييف معطل في يوم حار جدا.,الجو والمكان,متوسطة,synthetic
تخيل تصميم سيء ما يلائم نوع الطعام,الجو والمكان,متوسطة,synthetic
الانارة خايسه والالوان غير مريحه المكان غير مقبوله...,الجو والمكان,متوسطة,synthetic
تدفع كثير لكن المكان خانقه...,الجو والمكان,متوسطة,synthetic
قسما موقف سيارات صفر,الجو والمكان,متوسطة,synthetic
تخيل موقف سيارات صفر,الجو والمكان,متوسطة,synthetic
يا اخي موسيقى عاليه,الجو والمكان,متوسطة,synthetic
للاسف للاسف المكان كئيب الديكور قديم والاضاءه ضعيفه,الجو والمكان,متوسطة,synthetic
الاسعار تطلب ديكور افضل المساحه مظلمه,الجو والمكان,متوسطة,synthetic
صراحه الديكور قديم جدا,الجو والمكان,متوسطة,synthetic
الاجواء تشعرني بالضيق بسبب ان الزوايا مكتظه,الجو والمكان,متوسطة,synthetic
تخيل الارضيات متسخه وما فيه احد ينظف ،,الجو والمكان,متوسطة,synthetic
للاسف ضجيج وما فيه قسم عائلات تجربه فاشله!!!,الجو والمكان,متوسطة,synthetic
الجلسات الخارجيه مكشوفه على الشارع مزعج ،,الجو والمكان,متوسطة,synthetic
قسما المطعم بارد جدا التكييف على اخره,الجو والمكان,متوسطة,synthetic
الصراحه المطعم سيء الجو تشعرني بالغثيان والديكور قديم.,الجو والمكان,متوسطة,synthetic
الالوان كانت مظلمه طوال الوقت لا توجد راحه ابدا,الجو والمكان,متوسطة,synthetic
الديكور قديم والحراره مظلمه الجو تخلي الجلسه مش مريحه.,الجو والمكان,متوسطة,synthetic
بدخول المطعم تشعر بالضيق الانارة خانقه وريحه خانقه,الجو والمكان,متوسطة,synthetic
تجربه سيئه من ناحيه الديكور الارضيات مظلمه تخنقني,الجو والمكان,متوسطة,synthetic
المكان فيه مشاكل كثيره الطاولات ضعيفه والارضيات غير نظيفه,الجو والمكان,متوسطة,synthetic
يا جماعه الديكور عادي جدا لا يميزه شي.,الجو والمكان,متوسطة,synthetic
الديكورات كانت ضعيفه الانارة طوال الوقت لا توجد راحه ابدا,الجو والمكان,متوسطة,synthetic
المكان غير لائق الشرفه متهالكه والدرج مكتظه,الجو والمكان,متوسطة,synthetic
يا اخي المطعم مزدحم,الجو والمكان,متوسطة,synthetic
الانارة غير نظيفه والانارة ضيقه المكان تشعرني بالضيق,الجو والمكان,متوسطة,synthetic
الجو العام للمطعم سيء الديكور مكتظه والصاله ضيقه,الجو والمكان,متوسطة,synthetic
صراحه والله ديكور قديم وما يستاهل,الجو والمكان,متوسطة,synthetic
يا اخي قسم العائلات صغير مرره وكراسي قليله,الجو والمكان,متوسطة,synthetic
الانارة ضعيفه والالوان مزعجه المكان تذكرني ما اعود ،,الجو والمكان,متوسطة,synthetic
شوفوا شوفوا يا جماعه الجو في هذا المطعم سيء جدا,الجو والمكان,متوسطة,synthetic
المكان فيه صوت تليفزيون عالي ما يخليك تستمتع,الجو والمكان,متوسطة,synthetic
الاسعار تطلب ديكور افضل التكييف مكتظه,الجو والمكان,متوسطة,synthetic
والله اضاءه ضعيفه.,الجو والمكان,متوسطة,synthetic
يا اخي المطعم باسمه فقط الديكور قديم والاجواء سيئه!!!,الجو والمكان,متوسطة,synthetic
المكان كله مشاكل الصاله زفت السقف بارده والزحمه ما تتحمل ،,الجو والمكان,متوسطة,synthetic
ديكور قديم!!!,الجو والمكان,متوسطة,synthetic
بدخول المطعم تشعر بالضيق الكنبات سيئه التهويه وريحه خانقه,الجو والمكان,متوسطة,synthetic
والله اضاءه كافيه لكن الالوان كئيبه,الجو والمكان,متوسطة,synthetic
للاسف الحراره كانت غير مريحه طوال الوقت لا توجد راحه ابدا.,الجو والمكان,متوسطة,synthetic
المطعم يحتاج تطوير الارضيات بايخه والاجواء محبطه,الجو والمكان,متوسطة,synthetic
صراحه المكان غير لائق الزوايا بايخه والشرفه مظلمه.,الجو والمكان,متوسطة,synthetic
المطعم يحتاج تطوير الانارة صغيره والاجواء لا تناسب نوع المطعم,الجو والمكان,متوسطة,synthetic
الشرفه في المطعم خايسه جدا ولا تليق بمطعم بهذا الاسم,الجو والمكان,متوسطة,synthetic
الموسيقى كانت قديمه طوال الوقت لا توجد راحه ابدا,الجو والمكان,متوسطة,synthetic
تدفع كثير لكن المكان مكتظه!!!,الجو والمكان,متوسطة,synthetic
تدفع كثير لكن المكان صغيره,الجو والمكان,متوسطة,synthetic
اسعارهم عاليه والجلسات الخارجيه صغيره ما يستاهلون,الجو والمكان,متوسطة,synthetic
للاسف الحراره داخل المطعم ما تتحمل,الجو والمكان,متوسطة,synthetic
تخيل الحمامات نظافتها سيئه جدا.,الجو والمكان,متوسطة,synthetic
تدفع كثير لكن المكان ضعيفه.,الجو والمكان,متوسطة,synthetic
شوفوا ضجيج طوال الوقت ما تقدر تجلس,الجو والمكان,متوسطة,synthetic
المكان فيه مشاكل كثيره الحمامات مظلمه والديكور بايخه,الجو والمكان,متوسطة,synthetic
الجلسه مهتزه مما جعل الجلسه غير ممتعه ابدا.,الجو والمكان,متوسطة,synthetic
موسيقى عاليه كانت الكارثه الكبرى!!!,الجو والمكان,متوسطة,synthetic
شوفوا ما انصح بالمكان الجو غير مريح ابدا,الجو والمكان,متوسطة,synthetic
يا جماعه كنبات قديمه ومتسخه طاولات مهتزه,الجو والمكان,متوسطة,synthetic
بصراحه الديكور interior سيء مرره ما يستاهل,الجو والمكان,متوسطة,synthetic
تدفع كثير لكن المكان قديمه,الجو والمكان,متوسطة,synthetic
شوفوا للاسف المكان كئيب الديكور قديم والاضاءه ضعيفه...,الجو والمكان,متوسطة,synthetic
يا اخي الجلسات الخارجيه مكشوفه على الشارع مزعج...,الجو والمكان,متوسطة,synthetic
اسعارهم عاليه والديكورات متهالكه ما يستاهلون,الجو والمكان,متوسطة,synthetic
الاضاءه سيئه التهويه مما جعل الجلسه غير ممتعه ابدا!!!,الجو والمكان,متوسطة,synthetic
الاجواء لا تليق بمطعم بهذا الاسم بسبب ان الدرج مهتزه,الجو والمكان,متوسطة,synthetic
الديكور قديم وتصميم المكان بايخه الجو تخلي الزبون يستعجل ويطلع ،,الجو والمكان,متوسطة,synthetic
المطعم يحتاج تطوير التكييف مهتزه والاجواء لا تليق بمطعم بهذا الاسم...,الجو والمكان,متوسطة,synthetic
عند الدخول لاحظت ان الموسيقى زفت والجلسه كذلك,الجو والمكان,متوسطة,synthetic
الارضيات مظلمه مما جعل الجلسه غير ممتعه ابدا,الجو والمكان,متوسطة,synthetic
زحمه عند المدخل وما فيه قسم عائلات تجربه فاشله.,الجو والمكان,متوسطة,synthetic
يا اخي تصميم سيء ما يلائم نوع الطعام.,الجو والمكان,متوسطة,synthetic
بدخول المطعم تشعر بالضيق الجلسه غير نظيفه وريحه خانقه!!!,الجو والمكان,متوسطة,synthetic
والله تجربه سيئه بسبب الديكور والاجواء,الجو والمكان,متوسطة,synthetic
الموسيقى بايخه والكراسي خانقه المكان لا تليق بمطعم بهذا الاسم,الجو والمكان,متوسطة,synthetic
المكان فيه مشاكل كثيره الكراسي صغيره والارضيات ضعيفه.,الجو والمكان,متوسطة,synthetic
تصميم المكان في المطعم زفت جدا وتخلي الزبون يستعجل ويطلع.,الجو والمكان,متوسطة,synthetic
الطاولات لزجه ما مسحوها...,الجو والمكان,متوسطة,synthetic
المكان غير لائق الازدحام مزدحمه والطاولات حاره,الجو والمكان,متوسطة,synthetic
تجربه احباط الديكور سيء والمكان مزدحم...,الجو والمكان,متوسطة,synthetic
الاجواء تخلي الزبون يستعجل ويطلع بسبب ان الديكور مكتظه,الجو والمكان,متوسطة,synthetic
للاسف اضاءه ضعيفه,الجو والمكان,متوسطة,synthetic
صراحه تصميم سيء ما يلائم نوع الطعام.,الجو والمكان,متوسطة,synthetic
المكان فيه مشاكل كثيره الانارة متسخه وتصميم المكان كئيبه,الجو والمكان,متوسطة,synthetic
عند الدخول لاحظت ان موقف السيارات بارده والشرفه كذلك.,الجو والمكان,متوسطة,synthetic
المطعم مزدحم.,الجو والمكان,متوسطة,synthetic
شوفوا تكييف معطل في يوم حار جدا,الجو والمكان,متوسطة,synthetic
يا اخي الطاولات لزجه ما مسحوها...,الجو والمكان,متوسطة,synthetic
قسما اضاءه ضعيفه,الجو والمكان,متوسطة,synthetic
الصراحه المطعم باسمه فقط الديكور قديم والاجواء سيئه,الجو والمكان,متوسطة,synthetic
بدخول المطعم تشعر بالضيق الموسيقى بارده وريحه خانقه,الجو والمكان,متوسطة,synthetic
الاجواء تذكرني ما اعود بسبب ان السقف غير مناسبه,الجو والمكان,متوسطة,synthetic
صراحه الديكور قديم والتهويه غير مناسبه الجو غير لائقه بالسعر,الجو والمكان,متوسطة,synthetic
المكان كله مشاكل الطاولات ضيقه الدرج صغيره وريحه دخان!!!,الجو والمكان,متوسطة,synthetic
الحمامات خانقه مما جعل الجلسه غير ممتعه ابدا,الجو والمكان,متوسطة,synthetic
الاجواء لا توحي بالراحه بسبب ان الارضيات غير مناسبه,الجو والمكان,متوسطة,synthetic
بدخول المطعم تشعر بالضيق تصميم المكان بارده وريحه خانقه,الجو والمكان,متوسطة,synthetic
المكان غير لائق التكييف ضعيفه والانارة غير مريحه.,الجو والمكان,متوسطة,synthetic
صراحه الجو العام للمطعم سيء الحراره ضيقه والصاله ضيقه.,الجو والمكان,متوسطة,synthetic
الجو العام للمطعم سيء المقاعد حاره والصاله ضيقه,الجو والمكان,متوسطة,synthetic
الاسعار تطلب ديكور افضل التهويه سيئه التهويه,الجو والمكان,متوسطة,synthetic
الاجواء تتعب الزبون بسبب ان المدخل مكتظه.,الجو والمكان,متوسطة,synthetic
محادثات بصوت عالي وحر شديد تجربه فاشله,الجو والمكان,متوسطة,synthetic
اقسم بالله الزحمه عند الدخول ما تتحمل ولا فيه قسم عائلات,الجو والمكان,متوسطة,synthetic
عند الدخول لاحظت ان السقف سيئه والحديقه كذلك,الجو والمكان,متوسطة,synthetic
الديكور قديم الانارة بارده وضجيج,الجو والمكان,متوسطة,synthetic
الاسعار تطلب ديكور افضل الفناء قديمه,الجو والمكان,متوسطة,synthetic
الديكور قديم الازدحام حاره وموسيقى مزعجه,الجو والمكان,متوسطة,synthetic
يا اخي الديكور تقليدي مكرر في كل المطاعم,الجو والمكان,متوسطة,synthetic
يا اخي المكان زفت ما اعود ،,الجو والمكان,متوسطة,synthetic
بصراحه بصراحه المكان مو على المستوى المتوقع,الجو والمكان,متوسطة,synthetic
المكان فيه موسيقى عاليه ما يخليك تستمتع!!!,الجو والمكان,متوسطة,synthetic
يا جماعه موسيقى عاليه,الجو والمكان,متوسطة,synthetic
اسعارهم عاليه والالوان غير نظيفه ما يستاهلون,الجو والمكان,متوسطة,synthetic
قسما تكييف معطل في يوم حار جدا.,الجو والمكان,متوسطة,synthetic
التكييف في المطعم متهالكه جدا وتذكرني ما اعود,الجو والمكان,متوسطة,synthetic
الجلسه كانت مزدحمه طوال الوقت لا توجد راحه ابدا,الجو والمكان,متوسطة,synthetic
والله ديكور قديم وما يستاهل...,الجو والمكان,متوسطة,synthetic
الديكور قديم والتراس مكتظه الجو تفسد التجربه كامله!!!,الجو والمكان,متوسطة,synthetic
الجو العام للمطعم سيء الزوايا متسخه والصاله ضيقه.,الجو والمكان,متوسطة,synthetic
المكان غير لائق المدخل بايخه والحديقه بايخه,الجو والمكان,متوسطة,synthetic
الاجواء تشعرني بالضيق بسبب ان الفناء زفت,الجو والمكان,متوسطة,synthetic
تدفع كثير لكن المكان مزدحمه.,الجو والمكان,متوسطة,synthetic
عند الدخول لاحظت ان المساحه ضيقه والالوان كذلك.,الجو والمكان,متوسطة,synthetic
تخيل كراسي مو مريحه...,الجو والمكان,متوسطة,synthetic
تخيل موسيقى مزعجه وطاولات صغيره ومتلاصقه تجربه فاشله,الجو والمكان,متوسطة,synthetic
الطاوله مظلمه والباب سيئه التهويه المكان تخلي الزبون يستعجل ويطلع,الجو والمكان,متوسطة,synthetic
اقسم بالله المكان كله مشاكل الكنبات ضيقه المقاعد مزدحمه واسعار عاليه على هذا الديكور.,الجو والمكان,متوسطة,synthetic
قسما الفناء غير نظيفه مما جعل الجلسه غير ممتعه ابدا,الجو والمكان,متوسطة,synthetic
صراحه الدخان في المطعم يخنق ما فيه شفط هواء,الجو والمكان,متوسطة,synthetic
شوفوا تجربه سيئه من ناحيه الديكور الاضاءه متهالكه لا تناسب نوع المطعم,الجو والمكان,متوسطة,synthetic
الاجواء محبطه بسبب ان الطاولات سيئه التهويه,الجو والمكان,متوسطة,synthetic
المكان فيه مشاكل كثيره الموسيقى مكتظه والتهويه سيئه!!!,الجو والمكان,متوسطة,synthetic
المكان كله مشاكل الطاولات متهالكه الموسيقى مكتظه وحر شديد,الجو والمكان,متوسطة,synthetic
الاجواء محبطه بسبب ان التكييف حاره,الجو والمكان,متوسطة,synthetic
اقسم بالله الصراحه ديكور المطعم قديم يحتاج تجديد!!!,الجو والمكان,متوسطة,synthetic
يا جماعه اسعارهم عاليه والسقف مزعجه ما يستاهلون,الجو والمكان,متوسطة,synthetic
الديكور قديم الديكورات مزعجه ومحادثات بصوت عالي,الجو والمكان,متوسطة,synthetic
للاسف المكان كئيب الديكور قديم والاضاءه ضعيفه...,الجو والمكان,متوسطة,synthetic
الصراحه حر داخل المطعم,الجو والمكان,متوسطة,synthetic
تجربه سيئه من ناحيه الديكور التهويه مزعجه تخلي الجلسه مش مريحه!!!,الجو والمكان,متوسطة,synthetic
اقسم بالله المكان كله مشاكل الديكور متسخه الباب خايسه وما فيه موقف سيارات...,الجو والمكان,متوسطة,synthetic
اقسم بالله ما انصح بالمكان الجو غير مريح ابدا,الجو والمكان,متوسطة,synthetic
الانارة مظلمه مما جعل الجلسه غير ممتعه ابدا,الجو والمكان,متوسطة,synthetic
يا اخي اضاءه ضعيفه ،,الجو والمكان,متوسطة,synthetic
المكان كله مشاكل الفناء سيئه التهويه الشرفه مزعجه واسعار عاليه على هذا الديكور,الجو والمكان,متوسطة,synthetic
المكان فيه مشاكل كثيره الديكور صغيره والازدحام ضعيفه,الجو والمكان,متوسطة,synthetic
الحديقه قديمه مما جعل الجلسه غير ممتعه ابدا ،,الجو والمكان,متوسطة,synthetic
صوت طناجر من المطبخ وطاولات صغيره ومتلاصقه تجربه فاشله,الجو والمكان,متوسطة,synthetic
تدفع كثير لكن المكان غير مناسبه,الجو والمكان,متوسطة,synthetic
الديكور قديم والديكور غير نظيفه الجو لا تستحق الزياره...,الجو والمكان,متوسطة,synthetic
الشرفه خايسه والحديقه حاره المكان تفسد التجربه كامله ،,الجو والمكان,متوسطة,synthetic
الجلسات الخارجيه مكشوفه على الشارع مزعج.,الجو والمكان,متوسطة,synthetic
الاسعار تطلب ديكور افضل الجلسات الخارجيه قديمه...,الجو والمكان,متوسطة,synthetic
الزحمه ما تتحمل داخل المطعم لا تطاق ،,الجو والمكان,متوسطة,synthetic
المكان فيه مشاكل كثيره التهويه ضعيفه الانارة والزوايا مظلمه,الجو والمكان,متوسطة,synthetic
يا اخي الاجواء تذكرني ما اعود بسبب ان الموسيقى ضعيفه,الجو والمكان,متوسطة,synthetic
والله الديكور عادي جدا لا يميزه شي,الجو والمكان,متوسطة,synthetic
اسعارهم عاليه والطاولات متسخه ما يستاهلون,الجو والمكان,متوسطة,synthetic
تخيل تجربه احباط الديكور سيء والمكان مزدحم,الجو والمكان,متوسطة,synthetic
يا اخي المكان شكله مو نظيف من بره وداخل,الجو والمكان,متوسطة,synthetic
الديكور قديم جدا!!!,الجو والمكان,متوسطة,synthetic
AC ضعيف والمكان حار ،,الجو والمكان,متوسطة,synthetic
المكان غير لائق الباب غير مناسبه والحديقه خايسه,الجو والمكان,متوسطة,synthetic
اسعارهم عاليه والموسيقى خايسه ما يستاهلون,الجو والمكان,متوسطة,synthetic
اقسم بالله الديكور قديم جدا,الجو والمكان,متوسطة,synthetic
المكان فيه مشاكل كثيره الحديقه مزعجه وموقف السيارات كئيبه,الجو والمكان,متوسطة,synthetic
الديكور عادي جدا لا يميزه شي!!!,الجو والمكان,متوسطة,synthetic
كنبات قديمه ومتسخه طاولات مهتزه!!!,الجو والمكان,متوسطة,synthetic
المطعم سيء الجو لا تستحق الزياره والديكور قديم,الجو والمكان,متوسطة,synthetic
عند الدخول لاحظت ان التهويه صغيره والصاله كذلك.,الجو والمكان,متوسطة,synthetic
يا جماعه المطعم بارد جدا التكييف على اخره,الجو والمكان,متوسطة,synthetic
الديكور قديم وتصميم المكان مزعجه الجو تخلي الجلسه مش مريحه,الجو والمكان,متوسطة,synthetic
شوفوا المكان فيه مشاكل كثيره الحمامات مزعجه والواجهه مزعجه,الجو والمكان,متوسطة,synthetic
التهويه في المطعم قديمه جدا وتشعرني بالغثيان,الجو والمكان,متوسطة,synthetic
تخيل الجلسات الخارجيه مكشوفه على الشارع مزعج,الجو والمكان,متوسطة,synthetic
صوت طناجر من المطبخ طوال الوقت ما تقدر تجلس.,الجو والمكان,متوسطة,synthetic
الصراحه موسيقى عاليه,الجو والمكان,متوسطة,synthetic
والله ريحه الزيت في المطعم خانقه ما اقدر اتنفس...,الجو والمكان,متوسطة,synthetic
للاسف ما فيه موقف للسيارات اضطر اوقف بعيد,الجو والمكان,متوسطة,synthetic
يا اخي والله ديكور قديم وما يستاهل,الجو والمكان,متوسطة,synthetic
الاجواء تخلي الجلسه مش مريحه بسبب ان التراس غير نظيفه.,الجو والمكان,متوسطة,synthetic
والله ابحثوا عن مكان غيره الديكور سيء ،,الجو والمكان,متوسطة,synthetic
المكان فيه مشاكل كثيره التهويه بارده والازدحام متسخه,الجو والمكان,متوسطة,synthetic
بصراحه حر داخل المطعم,الجو والمكان,متوسطة,synthetic
زحمه عند المدخل وريحه دخان تجربه فاشله.,الجو والمكان,متوسطة,synthetic
اسعارهم عاليه والسقف متهالكه ما يستاهلون,الجو والمكان,متوسطة,synthetic
الالوان في المطعم غير نظيفه جدا ولا تناسب نوع المطعم,الجو والمكان,متوسطة,synthetic
تخيل شوفوا يا جماعه الجو في هذا المطعم سيء جدا,الجو والمكان,متوسطة,synthetic
يا جماعه اسعارهم عاليه والباب غير نظيفه ما يستاهلون.,الجو والمكان,متوسطة,synthetic
المكان كله مشاكل الحديقه بايخه الحديقه غير نظيفه وريحه طبخ خانقه,الجو والمكان,متوسطة,synthetic
للاسف شوفوا يا جماعه الجو في هذا المطعم سيء جدا.,الجو والمكان,متوسطة,synthetic
الصراحه تجربه سيئه من ناحيه الديكور السقف متهالكه تشعرني بالغثيان,الجو والمكان,متوسطة,synthetic
الديكور قديم الديكورات مزدحمه وزحمه عند المدخل,الجو والمكان,متوسطة,synthetic
اسعارهم عاليه والجلسات الخارجيه مهتزه ما يستاهلون!!!,الجو والمكان,متوسطة,synthetic
بدخول المطعم تشعر بالضيق الفناء مظلمه وريحه خانقه...,الجو والمكان,متوسطة,synthetic
المطعم يحتاج تطوير الانارة قديمه والاجواء لا تناسب نوع المطعم.,الجو والمكان,متوسطة,synthetic
الاسعار تطلب ديكور افضل الجلسات الخارجيه مزعجه ،,الجو والمكان,متوسطة,synthetic
المكان فيه مشاكل كثيره الجلسات الخارجيه مزعجه والانارة غير مريحه,الجو والمكان,متوسطة,synthetic
بصراحه بدخول المطعم تشعر بالضيق الفناء ضعيفه وريحه خانقه.,الجو والمكان,متوسطة,synthetic
المكان فيه مشاكل كثيره الارضيات مهتزه وتصميم المكان بارده,الجو والمكان,متوسطة,synthetic
اسعارهم عاليه وموقف السيارات حاره ما يستاهلون,الجو والمكان,متوسطة,synthetic
الجو العام للمطعم سيء الديكورات غير مريحه والصاله ضيقه...,الجو والمكان,متوسطة,synthetic
الطاوله في المطعم خايسه جدا وتفسد التجربه كامله,الجو والمكان,متوسطة,synthetic
تخيل الديكور قديم الشرفه مزعجه ومحادثات بصوت عالي,الجو والمكان,متوسطة,synthetic
المكان غير لائق السقف سيئه التهويه والاضاءه غير نظيفه,الجو والمكان,متوسطة,synthetic
بدخول المطعم تشعر بالضيق تصميم المكان صغيره وريحه خانقه,الجو والمكان,متوسطة,synthetic
الكنبات كانت سيئه التهويه طوال الوقت لا توجد راحه ابدا.,الجو والمكان,متوسطة,synthetic
الديكور متسخه والزوايا خانقه المكان لا تستحق الزياره...,الجو والمكان,متوسطة,synthetic
المكان كله مشاكل الاضاءه ضعيفه الانارة الديكور ضعيفه الانارة وما فيه قسم عائلات,الجو والمكان,متوسطة,synthetic
تدفع كثير لكن المكان ضعيفه!!!,الجو والمكان,متوسطة,synthetic
اسعارهم عاليه وتصميم المكان غير نظيفه ما يستاهلون,الجو والمكان,متوسطة,synthetic
قسما المطعم مزدحم.,الجو والمكان,متوسطة,synthetic
اقسم بالله المطعم باسمه فقط الديكور قديم والاجواء سيئه,الجو والمكان,متوسطة,synthetic
الجو العام للمطعم سيء الكراسي غير نظيفه والصاله ضيقه.,الجو والمكان,متوسطة,synthetic
والله الجلسه مو مريحه,الجو والمكان,متوسطة,synthetic
الاضاءه في المطعم قديمه جدا ولا تستحق الزياره,الجو والمكان,متوسطة,synthetic
صوت طناجر من المطبخ طوال الوقت ما تقدر تجلس,الجو والمكان,متوسطة,synthetic
الديكور قديم والسقف مزعجه الجو تذكرني ما اعود!!!,الجو والمكان,متوسطة,synthetic
عند الدخول لاحظت ان الحمامات قديمه والازدحام كذلك.,الجو والمكان,متوسطة,synthetic
اقسم بالله التكييف ضعيف ما يبرد المكان حر مرره.,الجو والمكان,متوسطة,synthetic
المكان فيه مشاكل كثيره السقف قديمه والفناء قديمه,الجو والمكان,متوسطة,synthetic
التهويه كانت خانقه طوال الوقت لا توجد راحه ابدا ،,الجو والمكان,متوسطة,synthetic
للاسف الديكور قديم جدا ،,الجو والمكان,متوسطة,synthetic
موسيقى عاليه ،,الجو والمكان,متوسطة,synthetic
الاسعار تطلب ديكور افضل الحراره ضيقه.,الجو والمكان,متوسطة,synthetic
الاجواء لا تناسب نوع المطعم بسبب ان الجلسات الخارجيه سيئه التهويه ،,الجو والمكان,متوسطة,synthetic
والله برد شديد داخل المطعم لا تطاق,الجو والمكان,متوسطة,synthetic
الديكور قديم والسقف متسخه الجو تخلي الجلسه مش مريحه,الجو والمكان,متوسطة,synthetic
يا جماعه والله ديكور قديم وما يستاهل,الجو والمكان,متوسطة,synthetic
الديكور قديم الصاله خايسه وموسيقى عاليه,الجو والمكان,متوسطة,synthetic
اقسم بالله الاسعار تطلب ديكور افضل الاضاءه غير مناسبه,الجو والمكان,متوسطة,synthetic
والله الدخان في المطعم يخنق ما فيه شفط هواء,الجو والمكان,متوسطة,synthetic
يا جماعه الديكور والاجواء يخلونك تطلع بسرعه,الجو والمكان,متوسطة,synthetic
والله المكان ضيق.,الجو والمكان,متوسطة,synthetic
تدفع كثير لكن المكان سيئه!!!,الجو والمكان,متوسطة,synthetic
اقسم بالله المطعم يفتقر للخصوصيه ما فيه فواصل ،,الجو والمكان,متوسطة,synthetic
تكييف ضعيف...,الجو والمكان,متوسطة,synthetic
الحديقه خانقه مما جعل الجلسه غير ممتعه ابدا.,الجو والمكان,متوسطة,synthetic
صراحه ريحه دخان داخل المطعم لا تطاق!!!,الجو والمكان,متوسطة,synthetic
تجربه سيئه من ناحيه الديكور المقاعد غير نظيفه غير لائقه بالسعر,الجو والمكان,متوسطة,synthetic
الاجواء تشعرني بالغثيان بسبب ان الديكورات ضعيفه,الجو والمكان,متوسطة,synthetic
المكان غير لائق السقف ضيقه والتكييف متسخه,الجو والمكان,متوسطة,synthetic
ما فيه قسم عائلات داخل المطعم لا تطاق,الجو والمكان,متوسطة,synthetic
قسما حر داخل المطعم ،,الجو والمكان,متوسطة,synthetic
تخيل والله ديكور قديم وما يستاهل,الجو والمكان,متوسطة,synthetic
صراحه تكييف ضعيف,الجو والمكان,متوسطة,synthetic
للاسف المطعم يفتقر للخصوصيه ما فيه فواصل.,الجو والمكان,متوسطة,synthetic
الاسعار تطلب ديكور افضل المقاعد مزدحمه.,الجو والمكان,متوسطة,synthetic
كنبات قديمه ومتسخه طاولات مهتزه...,الجو والمكان,متوسطة,synthetic
المكان فيه صوت طناجر من المطبخ ما يخليك تستمتع.,الجو والمكان,متوسطة,synthetic
الصراحه ما فيه موقف للسيارات اضطر اوقف بعيد,الجو والمكان,متوسطة,synthetic
الجلسه مو مريحه...,الجو والمكان,متوسطة,synthetic
والله موسيقى عاليه,الجو والمكان,متوسطة,synthetic
السقف كانت بايخه طوال الوقت لا توجد راحه ابدا,الجو والمكان,متوسطة,synthetic
المكان فيه مشاكل كثيره الحراره قديمه والتهويه ضعيفه الانارة!!!,الجو والمكان,متوسطة,synthetic
الزوايا خايسه مما جعل الجلسه غير ممتعه ابدا,الجو والمكان,متوسطة,synthetic
الاجواء تخنقني بسبب ان الالوان مظلمه,الجو والمكان,متوسطة,synthetic
الزحمه عند الدخول ما تتحمل ولا فيه قسم عائلات ،,الجو والمكان,متوسطة,synthetic
المكان فيه محادثات بصوت عالي ما يخليك تستمتع,الجو والمكان,متوسطة,synthetic
بدخول المطعم تشعر بالضيق الانارة غير مريحه وريحه خانقه,الجو والمكان,متوسطة,synthetic
تخيل ضجيج طوال الوقت ما تقدر تجلس ،,الجو والمكان,متوسطة,synthetic
شوفوا يا جماعه الجو في هذا المطعم سيء جدا!!!,الجو والمكان,متوسطة,synthetic
صراحه ما فيه موقف للسيارات اضطر اوقف بعيد...,الجو والمكان,متوسطة,synthetic
تدفع كثير لكن المكان سيئه التهويه,الجو والمكان,متوسطة,synthetic
قسما ريحه الزيت في المطعم خانقه ما اقدر اتنفس.,الجو والمكان,متوسطة,synthetic
ديكور قديم...,الجو والمكان,متوسطة,synthetic
صوت طناجر من المطبخ كانت الكارثه الكبرى...,الجو والمكان,متوسطة,synthetic
بصراحه التهويه مزدحمه والمقاعد متهالكه المكان تتعب الزبون,الجو والمكان,متوسطة,synthetic
الاسعار تطلب ديكور افضل التهويه صغيره,الجو والمكان,متوسطة,synthetic
الديكور قديم الدرج ضعيفه الانارة ومحادثات بصوت عالي,الجو والمكان,متوسطة,synthetic
السقف مزدحمه والحراره غير مريحه المكان تخلي الزبون يستعجل ويطلع,الجو والمكان,متوسطة,synthetic
تخيل الارضيات متسخه وما فيه احد ينظف,الجو والمكان,متوسطة,synthetic
صراحه الباب بايخه مما جعل الجلسه غير ممتعه ابدا,الجو والمكان,متوسطة,synthetic
الصراحه المطعم decor قديم ويحتاج تجديد كامل,الجو والمكان,متوسطة,synthetic
اقسم بالله ما فيه قسم عائلات داخل المطعم لا تطاق,الجو والمكان,متوسطة,synthetic
الاجواء تذكرني ما اعود بسبب ان الموسيقى كئيبه,الجو والمكان,متوسطة,synthetic
الجو العام للمطعم سيء التكييف بارده والصاله ضيقه,الجو والمكان,متوسطة,synthetic
والله عند الدخول لاحظت ان التهويه قديمه والفناء كذلك,الجو والمكان,متوسطة,synthetic
المكان زفت ،,الجو والمكان,متوسطة,synthetic
الانارة في المطعم مزدحمه جدا وتشعرني بالضيق.,الجو والمكان,متوسطة,synthetic
للاسف المطعم باسمه فقط الديكور قديم والاجواء سيئه,الجو والمكان,متوسطة,synthetic
تخيل المطعم سيء الجو لا تليق بمطعم بهذا الاسم والديكور قديم,الجو والمكان,متوسطة,synthetic
الجو العام للمطعم سيء الانارة ضيقه والصاله ضيقه...,الجو والمكان,متوسطة,synthetic
المكان كله مشاكل الجلسات الخارجيه غير مناسبه الحمامات مزدحمه وبرد شديد.,الجو والمكان,متوسطة,synthetic
التكييف ضعيف ما يبرد المكان حر مرره.,الجو والمكان,متوسطة,synthetic
يا جماعه اضاءه كافيه لكن الالوان كئيبه,الجو والمكان,متوسطة,synthetic
الديكور قديم المقاعد ضيقه وزحمه عند المدخل,الجو والمكان,متوسطة,synthetic
تخيل الاسعار تطلب ديكور افضل المقاعد ضيقه,الجو والمكان,متوسطة,synthetic
صراحه الاسعار تطلب ديكور افضل الارضيات بارده.,الجو والمكان,متوسطة,synthetic
المكان غير لائق المدخل حاره والازدحام متسخه,الجو والمكان,متوسطة,synthetic
تخيل الحمامات نظافتها سيئه جدا,الجو والمكان,متوسطة,synthetic
الجو العام للمطعم سيء الطاولات كئيبه والصاله ضيقه,الجو والمكان,متوسطة,synthetic
الديكور تقليدي مكرر في كل المطاعم!!!,الجو والمكان,متوسطة,synthetic
والله المكان غير لائق الطاوله مزعجه وتصميم المكان مهتزه,الجو والمكان,متوسطة,synthetic
شوفوا ريحه الزيت في المطعم خانقه ما اقدر اتنفس,الجو والمكان,متوسطة,synthetic
الكراسي ضيقه مما جعل الجلسه غير ممتعه ابدا,الجو والمكان,متوسطة,synthetic
عند الدخول لاحظت ان الديكور متهالكه والمدخل كذلك,الجو والمكان,متوسطة,synthetic
المكان فيه مشاكل كثيره المدخل مهتزه والشرفه قديمه!!!,الجو والمكان,متوسطة,synthetic
الاسعار تطلب ديكور افضل تصميم المكان غير مناسبه!!!,الجو والمكان,متوسطة,synthetic
الديكور قديم المساحه سيئه وصوت تليفزيون عالي,الجو والمكان,متوسطة,synthetic
بصراحه الديكور قديم الفناء صغيره وصوت اطفال ،,الجو والمكان,متوسطة,synthetic
قسما تصميم سيء ما يلائم نوع الطعام.,الجو والمكان,متوسطة,synthetic
تخيل المكان ضيق!!!,الجو والمكان,متوسطة,synthetic
المكان غير لائق المساحه زفت والدرج قديمه,الجو والمكان,متوسطة,synthetic
يا اخي المكان فيه ضجيج ما يخليك تستمتع,الجو والمكان,متوسطة,synthetic
صراحه ما فيه موقف للسيارات اضطر اوقف بعيد,الجو والمكان,متوسطة,synthetic
تجربه احباط الديكور سيء والمكان مزدحم!!!,الجو والمكان,متوسطة,synthetic
الجو العام للمطعم سيء تصميم المكان حاره والصاله ضيقه,الجو والمكان,متوسطة,synthetic
اقسم بالله الديكور قديم جدا.,الجو والمكان,متوسطة,synthetic
قسما تكييف معطل في يوم حار جدا,الجو والمكان,متوسطة,synthetic
بصراحه ما انصح بالمكان الجو غير مريح ابدا,الجو والمكان,متوسطة,synthetic
اقسم بالله الديكور قديم الازدحام كئيبه وموسيقى مزعجه ،,الجو والمكان,متوسطة,synthetic
الاجواء غير لائقه بالسعر بسبب ان الباب مهتزه!!!,الجو والمكان,متوسطة,synthetic
عند الدخول لاحظت ان الديكور ضعيفه والواجهه كذلك.,الجو والمكان,متوسطة,synthetic
والله المكان فيه صوت اطفال ما يخليك تستمتع...,الجو والمكان,متوسطة,synthetic
الاجواء لا تستحق الزياره بسبب ان الديكور ضعيفه الانارة,الجو والمكان,متوسطة,synthetic
المكان فيه مشاكل كثيره الانارة قديمه والكنبات متهالكه.,الجو والمكان,متوسطة,synthetic
تجربه سيئه من ناحيه الديكور المساحه خانقه تخلي الزبون يستعجل ويطلع ،,الجو والمكان,متوسطة,synthetic
حر داخل المطعم!!!,الجو والمكان,متوسطة,synthetic
الاجواء تخلي الزبون يستعجل ويطلع بسبب ان الموسيقى غير مناسبه.,الجو والمكان,متوسطة,synthetic
قسما تكييف ضعيف,الجو والمكان,متوسطة,synthetic
قسما الاسعار تطلب ديكور افضل السقف مكتظه,الجو والمكان,متوسطة,synthetic
تخيل المكان فيه مشاكل كثيره السقف مظلمه والباب كئيبه,الجو والمكان,متوسطة,synthetic
المكان كله مشاكل الالوان متهالكه الديكورات خانقه وريحه طبخ خانقه,الجو والمكان,متوسطة,synthetic
يا اخي المطعم بارد جدا التكييف على اخره,الجو والمكان,متوسطة,synthetic
اسعارهم عاليه والجلسات الخارجيه خانقه ما يستاهلون,الجو والمكان,متوسطة,synthetic
المطعم يحتاج تطوير الزوايا خانقه والاجواء تتعب الزبون,الجو والمكان,متوسطة,synthetic
المطعم بارد جدا التكييف على اخره!!!,الجو والمكان,متوسطة,synthetic
المكان كله مشاكل التهويه ضيقه الارضيات متسخه وريحه زيت قلي!!!,الجو والمكان,متوسطة,synthetic
يا اخي الاجواء تحتاج تجديد بسبب ان الازدحام حاره,الجو والمكان,متوسطة,synthetic
الاجواء محبطه بسبب ان الحمامات غير مناسبه,الجو والمكان,متوسطة,synthetic
اقسم بالله ديكور قديم...,الجو والمكان,متوسطة,synthetic
بدخول المطعم تشعر بالضيق الجلسات الخارجيه متهالكه وريحه خانقه,الجو والمكان,متوسطة,synthetic
قسما اضاءه كافيه لكن الالوان كئيبه.,الجو والمكان,متوسطة,synthetic
المكان غير لائق الانارة غير مناسبه وموقف السيارات سيئه التهويه,الجو والمكان,متوسطة,synthetic
تدفع كثير لكن المكان صغيره...,الجو والمكان,متوسطة,synthetic
المكان كله مشاكل الانارة بايخه التهويه كئيبه واسعار عاليه على هذا الديكور.,الجو والمكان,متوسطة,synthetic
بدخول المطعم تشعر بالضيق الديكور متهالكه وريحه خانقه,الجو والمكان,متوسطة,synthetic
المكان كله مشاكل المقاعد مزعجه الارضيات مكتظه وريحه دخان,الجو والمكان,متوسطة,synthetic
الواجهه حاره والطاوله حاره المكان تتعب الزبون,الجو والمكان,متوسطة,synthetic
للاسف شوفوا يا جماعه الجو في هذا المطعم سيء جدا,الجو والمكان,متوسطة,synthetic
المكان فيه مشاكل كثيره المدخل خانقه والمدخل ضعيفه,الجو والمكان,متوسطة,synthetic
صراحه المكان غير لائق الجلسه ضعيفه الانارة والكنبات مهتزه.,الجو والمكان,متوسطة,synthetic
تدفع كثير لكن المكان مظلمه.,الجو والمكان,متوسطة,synthetic
عند الدخول لاحظت ان الدرج مظلمه والواجهه كذلك,الجو والمكان,متوسطة,synthetic
بدخول المطعم تشعر بالضيق الحمامات غير مناسبه وريحه خانقه,الجو والمكان,متوسطة,synthetic
بدخول المطعم تشعر بالضيق موقف السيارات ضيقه وريحه خانقه.,الجو والمكان,متوسطة,synthetic
الطاوله كانت سيئه التهويه طوال الوقت لا توجد راحه ابدا.,الجو والمكان,متوسطة,synthetic
الاجواء لا توحي بالراحه بسبب ان الاضاءه غير مريحه,الجو والمكان,متوسطة,synthetic
بدخول المطعم تشعر بالضيق الدرج حاره وريحه خانقه,الجو والمكان,متوسطة,synthetic
اقسم بالله المكان كله مشاكل المدخل صغيره الديكورات مظلمه وطاولات صغيره ومتلاصقه,الجو والمكان,متوسطة,synthetic
المطعم سيء الجو تتعب الزبون والديكور قديم,الجو والمكان,متوسطة,synthetic
شوفوا المطعم يحتاج تطوير التكييف سيئه والاجواء تشعرني بالضيق,الجو والمكان,متوسطة,synthetic
اسعارهم عاليه والجلسات الخارجيه غير مريحه ما يستاهلون,الجو والمكان,متوسطة,synthetic
الديكور قديم والباب سيئه الجو تحتاج تجديد.,الجو والمكان,متوسطة,synthetic
التكييف ضيقه مما جعل الجلسه غير ممتعه ابدا.,الجو والمكان,متوسطة,synthetic
اسعارهم عاليه والصاله مزعجه ما يستاهلون,الجو والمكان,متوسطة,synthetic
الديكور قديم الزوايا سيئه التهويه وموسيقى عاليه,الجو والمكان,متوسطة,synthetic
يا اخي الحمامات نظافتها سيئه جدا ،,الجو والمكان,متوسطة,synthetic
الديكور قديم الطاوله ضعيفه وضجيج...,الجو والمكان,متوسطة,synthetic
الديكور قديم المدخل سيئه التهويه وصوت طناجر من المطبخ...,الجو والمكان,متوسطة,synthetic
اقسم بالله الديكور interior سيء مرره ما يستاهل,الجو والمكان,متوسطة,synthetic
الصراحه ديكور المطعم قديم يحتاج تجديد...,الجو والمكان,متوسطة,synthetic
والله الديكور قديم والطاولات مظلمه الجو لا تستحق الزياره,الجو والمكان,متوسطة,synthetic
اسعارهم عاليه وموقف السيارات ضعيفه الانارة ما يستاهلون,الجو والمكان,متوسطة,synthetic
المكان غير لائق الحديقه سيئه التهويه والارضيات سيئه...,الجو والمكان,متوسطة,synthetic
شوفوا ما فيه موقف للسيارات اضطر اوقف بعيد,الجو والمكان,متوسطة,synthetic
المطعم يحتاج تطوير موقف السيارات سيئه التهويه والاجواء غير مقبوله,الجو والمكان,متوسطة,synthetic
قسما المطعم غالي والديكور رخيص!!!,الجو والمكان,متوسطة,synthetic
موسيقى مزعجه طوال الوقت ما تقدر تجلس,الجو والمكان,متوسطة,synthetic
عند الدخول لاحظت ان الديكورات خايسه والحمامات كذلك,الجو والمكان,متوسطة,synthetic
المكان غير لائق الدرج صغيره والتهويه صغيره,الجو والمكان,متوسطة,synthetic
يا اخي المكان ضيق,الجو والمكان,متوسطة,synthetic
للاسف المطعم decor قديم ويحتاج تجديد كامل.,الجو والمكان,متوسطة,synthetic
الاجواء تخلي الزبون يستعجل ويطلع بسبب ان الواجهه مكتظه.,الجو والمكان,متوسطة,synthetic
الاجواء تتعب الزبون بسبب ان موقف السيارات متهالكه ،,الجو والمكان,متوسطة,synthetic
الاجواء تخنقني بسبب ان الكراسي ضيقه,الجو والمكان,متوسطة,synthetic
المطعم يحتاج تطوير الباب خانقه والاجواء تشعرني بالغثيان,الجو والمكان,متوسطة,synthetic
الديكور قديم التهويه ضعيفه الانارة ومحادثات بصوت عالي ،,الجو والمكان,متوسطة,synthetic
المطعم يحتاج تطوير الطاولات مكتظه والاجواء تحتاج تجديد,الجو والمكان,متوسطة,synthetic
تجربه سيئه من ناحيه الديكور موقف السيارات سيئه التهويه غير لائقه بالسعر,الجو والمكان,متوسطة,synthetic
محادثات بصوت عالي وكراسي ما تتحرك تجربه فاشله...,الجو والمكان,متوسطة,synthetic
المكان كله مشاكل الطاوله مزعجه الحمامات مزدحمه وحر شديد,الجو والمكان,متوسطة,synthetic
المطعم decor قديم ويحتاج تجديد كامل!!!,الجو والمكان,متوسطة,synthetic
بدخول المطعم تشعر بالضيق الشرفه قديمه وريحه خانقه,الجو والمكان,متوسطة,synthetic
تجربه سيئه من ناحيه الديكور الديكورات مزعجه تتعب الزبون,الجو والمكان,متوسطة,synthetic
عند الدخول لاحظت ان التكييف ضعيفه الانارة والتراس كذلك,الجو والمكان,متوسطة,synthetic
للاسف للاسف المكان كئيب الديكور قديم والاضاءه ضعيفه.,الجو والمكان,متوسطة,synthetic
صوت طناجر من المطبخ كانت الكارثه الكبرى ،,الجو والمكان,متوسطة,synthetic
بصراحه الجلسه مو مريحه,الجو والمكان,متوسطة,synthetic
عند الدخول لاحظت ان الجلسه بارده والطاولات كذلك,الجو والمكان,متوسطة,synthetic
الجلسات الخارجيه مكشوفه على الشارع مزعج!!!,الجو والمكان,متوسطة,synthetic
يا جماعه الجلسات الخارجيه خانقه وتصميم المكان مزدحمه المكان تشعرني بالضيق,الجو والمكان,متوسطة,synthetic
المكان كله مشاكل الفناء ضيقه التكييف زفت وبرد شديد.,الجو والمكان,متوسطة,synthetic
الاسعار تطلب ديكور افضل الحراره غير نظيفه.,الجو والمكان,متوسطة,synthetic
الجو العام للمطعم سيء المقاعد بايخه والصاله ضيقه,الجو والمكان,متوسطة,synthetic
والله المكان شكله مو نظيف من بره وداخل,الجو والمكان,متوسطة,synthetic
تخيل ريحه دخان,الجو والمكان,متوسطة,synthetic
المكان غير لائق الفناء سيئه والتهويه قديمه,الجو والمكان,متوسطة,synthetic
الجو العام للمطعم سيء الواجهه مظلمه والصاله ضيقه,الجو والمكان,متوسطة,synthetic
الاسعار تطلب ديكور افضل الشرفه خايسه,الجو والمكان,متوسطة,synthetic
صوت طناجر من المطبخ وريحه دخان تجربه فاشله ،,الجو والمكان,متوسطة,synthetic
يا جماعه WiFi ضعيف والديكور سيء,الجو والمكان,متوسطة,synthetic
يا جماعه محادثات بصوت عالي كانت الكارثه الكبرى,الجو والمكان,متوسطة,synthetic
المكان غير لائق الجلسات الخارجيه ضعيفه الانارة والاضاءه زفت,الجو والمكان,متوسطة,synthetic
صوت طناجر من المطبخ وكراسي ما تتحرك تجربه فاشله ،,الجو والمكان,متوسطة,synthetic
الاسعار تطلب ديكور افضل المدخل ضعيفه الانارة,الجو والمكان,متوسطة,synthetic
الطاولات كانت خايسه طوال الوقت لا توجد راحه ابدا,الجو والمكان,متوسطة,synthetic
الزوايا سيئه التهويه مما جعل الجلسه غير ممتعه ابدا,الجو والمكان,متوسطة,synthetic
تدفع كثير لكن المكان غير مريحه,الجو والمكان,متوسطة,synthetic
الجو العام للمطعم سيء الحمامات مظلمه والصاله ضيقه,الجو والمكان,متوسطة,synthetic
الازدحام كانت خانقه طوال الوقت لا توجد راحه ابدا ،,الجو والمكان,متوسطة,synthetic
تخيل اسعارهم عاليه والتكييف مهتزه ما يستاهلون,الجو والمكان,متوسطة,synthetic
المكان غير لائق الدرج مهتزه والدرج متهالكه.,الجو والمكان,متوسطة,synthetic
الشرفه مهتزه والموسيقى خانقه المكان لا تستحق الزياره ،,الجو والمكان,متوسطة,synthetic
صراحه عند الدخول لاحظت ان الشرفه غير نظيفه والديكور كذلك,الجو والمكان,متوسطة,synthetic
الجو العام للمطعم سيء الباب ضيقه والصاله ضيقه.,الجو والمكان,متوسطة,synthetic
والله كنبات قديمه ومتسخه طاولات مهتزه,الجو والمكان,متوسطة,synthetic
تجربه سيئه من ناحيه الديكور الالوان مزعجه تذكرني ما اعود,الجو والمكان,متوسطة,synthetic
المكان كله مشاكل الطاولات غير نظيفه الدرج خايسه وما فيه قسم عائلات,الجو والمكان,متوسطة,synthetic
محادثات بصوت عالي وبرد شديد تجربه فاشله,الجو والمكان,متوسطة,synthetic
المكان كله مشاكل الارضيات سيئه التهويه السقف مزدحمه والزحمه ما تتحمل,الجو والمكان,متوسطة,synthetic
قسما زحمه عند المدخل وريحه زيت قلي تجربه فاشله ،,الجو والمكان,متوسطة,synthetic
بصراحه قسم العائلات صغير مرره وكراسي قليله...,الجو والمكان,متوسطة,synthetic
تجربه سيئه من ناحيه الديكور الواجهه ضيقه لا تليق بمطعم بهذا الاسم.,الجو والمكان,متوسطة,synthetic
زحمه عند المدخل كانت الكارثه الكبرى,الجو والمكان,متوسطة,synthetic
الطاولات كئيبه والطاولات غير نظيفه المكان غير مقبوله,الجو والمكان,متوسطة,synthetic
الاجواء تخنقني بسبب ان الطاولات متهالكه,الجو والمكان,متوسطة,synthetic
الاسعار تطلب ديكور افضل الحديقه زفت,الجو والمكان,متوسطة,synthetic
يا جماعه تصميم سيء ما يلائم نوع الطعام ،,الجو والمكان,متوسطة,synthetic
المكان فيه مشاكل كثيره الصاله كئيبه والديكورات بارده...,الجو والمكان,متوسطة,synthetic
الديكور قديم الازدحام مزعجه وموسيقى مزعجه,الجو والمكان,متوسطة,synthetic
بصراحه المطعم يفتقر للخصوصيه ما فيه فواصل,الجو والمكان,متوسطة,synthetic
تجربه سيئه من ناحيه الديكور الارضيات زفت محبطه.,الجو والمكان,متوسطة,synthetic
المكان فيه مشاكل كثيره السقف بايخه والازدحام بايخه,الجو والمكان,متوسطة,synthetic
شوفوا الجو العام للمطعم سيء الزوايا غير نظيفه والصاله ضيقه.,الجو والمكان,متوسطة,synthetic
الاسعار تطلب ديكور افضل الصاله سيئه التهويه,الجو والمكان,متوسطة,synthetic
الديكور قديم الواجهه ضعيفه الانارة وضجيج...,الجو والمكان,متوسطة,synthetic
المكان كله مشاكل المقاعد سيئه الطاوله سيئه وبرد شديد,الجو والمكان,متوسطة,synthetic
يا جماعه الديكور قديم المساحه مزدحمه وموسيقى مزعجه,الجو والمكان,متوسطة,synthetic
الجو العام للمطعم سيء الجلسات الخارجيه مزعجه والصاله ضيقه,الجو والمكان,متوسطة,synthetic
زحمه عند المدخل وكراسي ما تتحرك تجربه فاشله,الجو والمكان,متوسطة,synthetic
الباب كانت غير مريحه طوال الوقت لا توجد راحه ابدا.,الجو والمكان,متوسطة,synthetic
صوت تليفزيون عالي كانت الكارثه الكبرى.,الجو والمكان,متوسطة,synthetic
موقف سيارات صفر...,الجو والمكان,متوسطة,synthetic
صراحه AC ضعيف والمكان حار.,الجو والمكان,متوسطة,synthetic
عند الدخول لاحظت ان التهويه صغيره وموقف السيارات كذلك,الجو والمكان,متوسطة,synthetic
يا جماعه WiFi ضعيف والديكور سيء.,الجو والمكان,متوسطة,synthetic
المطعم يحتاج تطوير الجلسه مهتزه والاجواء تحتاج تجديد,الجو والمكان,متوسطة,synthetic
بدخول المطعم تشعر بالضيق تصميم المكان قديمه وريحه خانقه,الجو والمكان,متوسطة,synthetic
المكان كله مشاكل موقف السيارات قديمه المساحه مزدحمه وبرد شديد.,الجو والمكان,متوسطة,synthetic
للاسف المطعم بارد جدا التكييف على اخره.,الجو والمكان,متوسطة,synthetic
المكان كله مشاكل الطاولات سيئه الديكورات ضعيفه الانارة والزحمه ما تتحمل...,الجو والمكان,متوسطة,synthetic
المكان فيه ضجيج ما يخليك تستمتع.,الجو والمكان,متوسطة,synthetic
المكان فيه مشاكل كثيره موقف السيارات بارده والحديقه سيئه التهويه,الجو والمكان,متوسطة,synthetic
تصميم المكان في المطعم سيئه جدا وتشعرني بالضيق.,الجو والمكان,متوسطة,synthetic
المكان غير لائق المدخل مهتزه والديكورات قديمه ،,الجو والمكان,متوسطة,synthetic
الصراحه ديكور قديم,الجو والمكان,متوسطة,synthetic
شوفوا تصميم المكان في المطعم بايخه جدا وتذكرني ما اعود.,الجو والمكان,متوسطة,synthetic
الديكور قديم والموسيقى زفت الجو تشعرني بالغثيان,الجو والمكان,متوسطة,synthetic
المكان غير لائق الزوايا مزعجه والاضاءه سيئه التهويه,الجو والمكان,متوسطة,synthetic
صوت اطفال طوال الوقت ما تقدر تجلس.,الجو والمكان,متوسطة,synthetic
اقسم بالله الجلسات الخارجيه مكشوفه على الشارع مزعج,الجو والمكان,متوسطة,synthetic
الجلسات الخارجيه مكشوفه على الشارع مزعج...,الجو والمكان,متوسطة,synthetic
اقسم بالله للاسف المكان كئيب الديكور قديم والاضاءه ضعيفه.,الجو والمكان,متوسطة,synthetic
موسيقى مزعجه وما فيه موقف سيارات تجربه فاشله,الجو والمكان,متوسطة,synthetic
المكان فيه زحمه عند المدخل ما يخليك تستمتع.,الجو والمكان,متوسطة,synthetic
ما انصح بالمكان الجو غير مريح ابدا ،,الجو والمكان,متوسطة,synthetic
عند الدخول لاحظت ان الطاولات حاره وتصميم المكان كذلك,الجو والمكان,متوسطة,synthetic
المكان فيه صوت اطفال ما يخليك تستمتع.,الجو والمكان,متوسطة,synthetic
المطعم سيء الجو لا تستحق الزياره والديكور قديم.,الجو والمكان,متوسطة,synthetic
التراس ضعيفه الانارة مما جعل الجلسه غير ممتعه ابدا...,الجو والمكان,متوسطة,synthetic
للاسف ديكور قديم.,الجو والمكان,متوسطة,synthetic
الديكور قديم الصاله خايسه وصوت طناجر من المطبخ,الجو والمكان,متوسطة,synthetic
عند الدخول لاحظت ان الازدحام بايخه والطاولات كذلك,الجو والمكان,متوسطة,synthetic
تجربه سيئه بسبب الديكور والاجواء...,الجو والمكان,متوسطة,synthetic
تدفع كثير لكن المكان غير مريحه.,الجو والمكان,متوسطة,synthetic
عند الدخول لاحظت ان الشرفه سيئه والباب كذلك...,الجو والمكان,متوسطة,synthetic
ضجيج وما فيه موقف سيارات تجربه فاشله,الجو والمكان,متوسطة,synthetic
الجو العام للمطعم سيء الحراره غير مريحه والصاله ضيقه,الجو والمكان,متوسطة,synthetic
الديكور قديم المقاعد ضعيفه الانارة وصوت تليفزيون عالي,الجو والمكان,متوسطة,synthetic
الديكور قديم الالوان سيئه وصوت طناجر من المطبخ.,الجو والمكان,متوسطة,synthetic
بصراحه المطعم غالي والديكور رخيص ،,الجو والمكان,متوسطة,synthetic
بصراحه بدخول المطعم تشعر بالضيق الديكور قديمه وريحه خانقه,الجو والمكان,متوسطة,synthetic
المكان فيه مشاكل كثيره التكييف قديمه والسقف ضعيفه,الجو والمكان,متوسطة,synthetic
شوفوا ما فيه قسم عائلات داخل المطعم لا تطاق,الجو والمكان,متوسطة,synthetic
الاجواء تتعب الزبون بسبب ان تصميم المكان متهالكه,الجو والمكان,متوسطة,synthetic
الجو العام للمطعم سيء الطاولات متهالكه والصاله ضيقه,الجو والمكان,متوسطة,synthetic
الديكورات خايسه والسقف سيئه المكان لا تستحق الزياره,الجو والمكان,متوسطة,synthetic
المكان غير لائق الانارة صغيره والتراس غير مريحه,الجو والمكان,متوسطة,synthetic
يا جماعه اسعارهم عاليه والتكييف كئيبه ما يستاهلون,الجو والمكان,متوسطة,synthetic
والله المطعم غالي والديكور رخيص,الجو والمكان,متوسطة,synthetic
شوفوا ابحثوا عن مكان غيره الديكور سيء,الجو والمكان,متوسطة,synthetic
تخيل الجو العام للمطعم سيء المدخل غير مناسبه والصاله ضيقه,الجو والمكان,متوسطة,synthetic
الصراحه المطعم غالي والديكور رخيص,الجو والمكان,متوسطة,synthetic
الديكور interior سيء مرره ما يستاهل...,الجو والمكان,متوسطة,synthetic
بصراحه شوفوا يا جماعه الجو في هذا المطعم سيء جدا,الجو والمكان,متوسطة,synthetic
قسما الدخان في المطعم يخنق ما فيه شفط هواء,الجو والمكان,متوسطة,synthetic
الديكور في المطعم مزدحمه جدا وتشعرني بالغثيان.,الجو والمكان,متوسطة,synthetic
قسما تجربه سيئه بسبب الديكور والاجواء,الجو والمكان,متوسطة,synthetic
تجربه سيئه من ناحيه الديكور الموسيقى مزعجه غير مقبوله,الجو والمكان,متوسطة,synthetic
تخيل المطعم بارد جدا التكييف على اخره,الجو والمكان,متوسطة,synthetic
اسعارهم عاليه والسقف ضعيفه الانارة ما يستاهلون...,الجو والمكان,متوسطة,synthetic
اقسم بالله ما انصح بالمكان الجو غير مريح ابدا...,الجو والمكان,متوسطة,synthetic
قسما تجربه سيئه من ناحيه الديكور الالوان خايسه غير مقبوله,الجو والمكان,متوسطة,synthetic
بدخول المطعم تشعر بالضيق المساحه مهتزه وريحه خانقه...,الجو والمكان,متوسطة,synthetic
صراحه ديكور قديم.,الجو والمكان,متوسطة,synthetic
المساحه في المطعم سيئه التهويه جدا وتشعرني بالغثيان,الجو والمكان,متوسطة,synthetic
الصراحه المطعم بارد جدا التكييف على اخره,الجو والمكان,متوسطة,synthetic
الصاله في المطعم سيئه جدا ولا توحي بالراحه,الجو والمكان,متوسطة,synthetic
الاسعار تطلب ديكور افضل الزوايا غير مناسبه,الجو والمكان,متوسطة,synthetic
الجلسات الخارجيه في المطعم بارده جدا وتشعرني بالغثيان,الجو والمكان,متوسطة,synthetic
اسعارهم عاليه والكنبات سيئه التهويه ما يستاهلون.,الجو والمكان,متوسطة,synthetic
تخيل الطاولات لزجه ما مسحوها,الجو والمكان,متوسطة,synthetic
شوفوا الجو مو حلو,الجو والمكان,متوسطة,synthetic
عند الدخول لاحظت ان الحمامات ضعيفه الانارة والمقاعد كذلك.,الجو والمكان,متوسطة,synthetic
المطعم يحتاج تطوير الدرج صغيره والاجواء تفسد التجربه كامله.,الجو والمكان,متوسطة,synthetic
تجربه سيئه من ناحيه الديكور الشرفه خايسه تذكرني ما اعود,الجو والمكان,متوسطة,synthetic
المطعم سيء الجو تحتاج تجديد والديكور قديم,الجو والمكان,متوسطة,synthetic
تخيل تكييف معطل في يوم حار جدا,الجو والمكان,متوسطة,synthetic
زحمه عند المدخل والزحمه ما تتحمل تجربه فاشله,الجو والمكان,متوسطة,synthetic
والله بصراحه المكان مو على المستوى المتوقع,الجو والمكان,متوسطة,synthetic
الالوان سيئه مما جعل الجلسه غير ممتعه ابدا,الجو والمكان,متوسطة,synthetic
بصراحه المكان غير لائق ما اعود.,الجو والمكان,متوسطة,synthetic
والله ابحثوا عن مكان غيره الديكور سيء.,الجو والمكان,متوسطة,synthetic
المطعم يحتاج تطوير تصميم المكان زفت والاجواء تخنقني,الجو والمكان,متوسطة,synthetic
الديكور قديم الطاولات حاره وموسيقى مزعجه,الجو والمكان,متوسطة,synthetic
المطعم سيء الجو لا تليق بمطعم بهذا الاسم والديكور قديم.,الجو والمكان,متوسطة,synthetic
الفناء كانت متسخه طوال الوقت لا توجد راحه ابدا,الجو والمكان,متوسطة,synthetic
الحديقه بايخه والارضيات قديمه المكان تشعرني بالغثيان ،,الجو والمكان,متوسطة,synthetic
اسعارهم عاليه والتراس خايسه ما يستاهلون,الجو والمكان,متوسطة,synthetic
الديكور تقليدي مكرر في كل المطاعم ،,الجو والمكان,متوسطة,synthetic
المدخل في المطعم مهتزه جدا وتخلي الزبون يستعجل ويطلع,الجو والمكان,متوسطة,synthetic
تخيل الحراره داخل المطعم ما تتحمل,الجو والمكان,متوسطة,synthetic
الاجواء تشعرني بالضيق بسبب ان الانارة كئيبه,الجو والمكان,متوسطة,synthetic
الجلسات الخارجيه في المطعم سيئه جدا وتخلي الجلسه مش مريحه,الجو والمكان,متوسطة,synthetic
المطعم يحتاج تطوير الكراسي صغيره والاجواء تشعرني بالضيق ،,الجو والمكان,متوسطة,synthetic
صوت طناجر من المطبخ كانت الكارثه الكبرى.,الجو والمكان,متوسطة,synthetic
محادثات بصوت عالي طوال الوقت ما تقدر تجلس.,الجو والمكان,متوسطة,synthetic
تخيل AC ضعيف والمكان حار,الجو والمكان,متوسطة,synthetic
الديكور قديم الانارة ضعيفه الانارة وصوت اطفال,الجو والمكان,متوسطة,synthetic
يا اخي الديكور والاجواء يخلونك تطلع بسرعه.,الجو والمكان,متوسطة,synthetic
موقف السيارات حاره مما جعل الجلسه غير ممتعه ابدا...,الجو والمكان,متوسطة,synthetic
المطعم سيء الجو تخلي الزبون يستعجل ويطلع والديكور قديم,الجو والمكان,متوسطة,synthetic
الالوان بارده والفناء مهتزه المكان لا تناسب نوع المطعم!!!,الجو والمكان,متوسطة,synthetic
تجربه سيئه من ناحيه الديكور الزوايا زفت تحتاج تجديد,الجو والمكان,متوسطة,synthetic
يا جماعه اضاءه ضعيفه,الجو والمكان,متوسطة,synthetic
الديكور قديم الكراسي مزدحمه وضجيج,الجو والمكان,متوسطة,synthetic
يا اخي الجو العام للمطعم سيء الارضيات مزدحمه والصاله ضيقه,الجو والمكان,متوسطة,synthetic
المكان كله مشاكل الالوان متهالكه الصاله صغيره وريحه طبخ خانقه...,الجو والمكان,متوسطة,synthetic
الديكور قديم الحراره سيئه ومحادثات بصوت عالي,الجو والمكان,متوسطة,synthetic
يا جماعه عند الدخول لاحظت ان الازدحام غير نظيفه والكنبات كذلك,الجو والمكان,متوسطة,synthetic
المكان كله مشاكل الحديقه حاره الارضيات ضعيفه الانارة وكراسي ما تتحرك.,الجو والمكان,متوسطة,synthetic
المطعم سيء الجو غير لائقه بالسعر والديكور قديم,الجو والمكان,متوسطة,synthetic
تدفع كثير لكن المكان كئيبه.,الجو والمكان,متوسطة,synthetic
قسما الجو العام للمطعم سيء الجلسه كئيبه والصاله ضيقه,الجو والمكان,متوسطة,synthetic
الديكور قديم الباب مزعجه وصوت اطفال,الجو والمكان,متوسطة,synthetic
اقسم بالله اضاءه ضعيفه,الجو والمكان,متوسطة,synthetic
يا جماعه الحراره داخل المطعم ما تتحمل,الجو والمكان,متوسطة,synthetic
اقسم بالله الزحمه عند الدخول ما تتحمل ولا فيه قسم عائلات.,الجو والمكان,متوسطة,synthetic
الكراسي في المطعم غير نظيفه جدا ولا تستحق الزياره,الجو والمكان,متوسطة,synthetic
قسما الجو مو حلو.,الجو والمكان,متوسطة,synthetic
قسم العائلات صغير مرره وكراسي قليله!!!,الجو والمكان,متوسطة,synthetic
المكان فيه مشاكل كثيره المقاعد متهالكه والسقف مكتظه,الجو والمكان,متوسطة,synthetic
الاجواء لا تليق بمطعم بهذا الاسم بسبب ان الحمامات سيئه التهويه,الجو والمكان,متوسطة,synthetic
المطعم يحتاج تطوير الصاله قديمه والاجواء لا تليق بمطعم بهذا الاسم,الجو والمكان,متوسطة,synthetic
للاسف المكان كئيب الديكور قديم والاضاءه ضعيفه ،,الجو والمكان,متوسطة,synthetic
اقسم بالله قسم العائلات صغير مرره وكراسي قليله,الجو والمكان,متوسطة,synthetic
والله المكان فيه مشاكل كثيره المساحه متهالكه والكراسي متهالكه,الجو والمكان,متوسطة,synthetic
للاسف التكييف ضعيف ما يبرد المكان حر مرره,الجو والمكان,متوسطة,synthetic
المكان غير لائق موقف السيارات زفت والتراس ضعيفه الانارة,الجو والمكان,متوسطة,synthetic
المكان فيه محادثات بصوت عالي ما يخليك تستمتع...,الجو والمكان,متوسطة,synthetic
والله الاجواء تحتاج تجديد بسبب ان الازدحام كئيبه,الجو والمكان,متوسطة,synthetic
الجو العام للمطعم سيء التهويه ضيقه والصاله ضيقه,الجو والمكان,متوسطة,synthetic
والله المطعم باسمه فقط الديكور قديم والاجواء سيئه.,الجو والمكان,متوسطة,synthetic
اقسم بالله تكييف ضعيف!!!,الجو والمكان,متوسطة,synthetic
بصراحه المطعم باسمه فقط الديكور قديم والاجواء سيئه ،,الجو والمكان,متوسطة,synthetic
صراحه الارضيات متسخه وما فيه احد ينظف,الجو والمكان,متوسطة,synthetic
اسعارهم عاليه والزوايا ضيقه ما يستاهلون,الجو والمكان,متوسطة,synthetic
تخيل يا اخي المكان زفت ما اعود,الجو والمكان,متوسطة,synthetic
موسيقى مزعجه وما فيه قسم عائلات تجربه فاشله,الجو والمكان,متوسطة,synthetic
والله تدفع كثير لكن المكان حاره,الجو والمكان,متوسطة,synthetic
الصراحه تكييف ضعيف,الجو والمكان,متوسطة,synthetic
تخيل الديكور قديم جدا,الجو والمكان,متوسطة,synthetic
الاجواء تفسد التجربه كامله بسبب ان الكراسي متهالكه,الجو والمكان,متوسطة,synthetic
صراحه تجربه احباط الديكور سيء والمكان مزدحم,الجو والمكان,متوسطة,synthetic
تجربه سيئه من ناحيه الديكور الصاله سيئه تفسد التجربه كامله,الجو والمكان,متوسطة,synthetic
للاسف الدخان في المطعم يخنق ما فيه شفط هواء,الجو والمكان,متوسطة,synthetic
اقسم بالله ابحثوا عن مكان غيره الديكور سيء.,الجو والمكان,متوسطة,synthetic
الديكور قديم والدرج بايخه الجو لا تناسب نوع المطعم,الجو والمكان,متوسطة,synthetic
اسعارهم عاليه والانارة ضعيفه الانارة ما يستاهلون!!!,الجو والمكان,متوسطة,synthetic
الديكور قديم والازدحام متسخه الجو تذكرني ما اعود,الجو والمكان,متوسطة,synthetic
بدخول المطعم تشعر بالضيق التكييف مزعجه وريحه خانقه...,الجو والمكان,متوسطة,synthetic
تدفع كثير لكن المكان ضعيفه الانارة.,الجو والمكان,متوسطة,synthetic
الاجواء تخنقني بسبب ان الارضيات ضعيفه,الجو والمكان,متوسطة,synthetic
يا جماعه برد شديد داخل المطعم لا تطاق,الجو والمكان,متوسطة,synthetic
بدخول المطعم تشعر بالضيق الواجهه متسخه وريحه خانقه,الجو والمكان,متوسطة,synthetic
الدرج في المطعم خايسه جدا ولا تناسب نوع المطعم,الجو والمكان,متوسطة,synthetic
الجو العام للمطعم سيء المدخل حاره والصاله ضيقه,الجو والمكان,متوسطة,synthetic
يا جماعه موقف سيارات صفر,الجو والمكان,متوسطة,synthetic
الازدحام خايسه مما جعل الجلسه غير ممتعه ابدا,الجو والمكان,متوسطة,synthetic
الديكور قديم الصاله غير نظيفه ومحادثات بصوت عالي,الجو والمكان,متوسطة,synthetic
اسعارهم عاليه والحمامات غير نظيفه ما يستاهلون,الجو والمكان,متوسطة,synthetic
صوت اطفال وريحه طبخ خانقه تجربه فاشله...,الجو والمكان,متوسطة,synthetic
المطعم يحتاج تطوير السقف متهالكه والاجواء تخلي الزبون يستعجل ويطلع...,الجو والمكان,متوسطة,synthetic
موسيقى عاليه!!!,الجو والمكان,متوسطة,synthetic
اقسم بالله حر داخل المطعم!!!,الجو والمكان,متوسطة,synthetic
قسما تصميم سيء ما يلائم نوع الطعام...,الجو والمكان,متوسطة,synthetic
المكان فيه ضجيج ما يخليك تستمتع!!!,الجو والمكان,متوسطة,synthetic
قسما الزحمه عند الدخول ما تتحمل ولا فيه قسم عائلات,الجو والمكان,متوسطة,synthetic
الديكور قديم والتكييف غير مناسبه الجو تشعرني بالضيق,الجو والمكان,متوسطة,synthetic
تجربه سيئه من ناحيه الديكور الجلسه خانقه تتعب الزبون.,الجو والمكان,متوسطة,synthetic
يا جماعه بصراحه المكان مو على المستوى المتوقع,الجو والمكان,متوسطة,synthetic
الاسعار تطلب ديكور افضل المقاعد غير مريحه,الجو والمكان,متوسطة,synthetic
المكان غير لائق السقف ضعيفه والتهويه قديمه,الجو والمكان,متوسطة,synthetic
المطعم يحتاج تطوير موقف السيارات ضعيفه الانارة والاجواء تشعرني بالضيق.,الجو والمكان,متوسطة,synthetic
الاسعار تطلب ديكور افضل الكنبات صغيره.,الجو والمكان,متوسطة,synthetic
يا اخي الاجواء لا تستحق الزياره بسبب ان المدخل سيئه,الجو والمكان,متوسطة,synthetic
الصراحه المكان شكله مو نظيف من بره وداخل,الجو والمكان,متوسطة,synthetic
صوت طناجر من المطبخ وبرد شديد تجربه فاشله,الجو والمكان,متوسطة,synthetic
موسيقى عاليه...,الجو والمكان,متوسطة,synthetic
الجلسه مو مريحه ،,الجو والمكان,متوسطة,synthetic
عند الدخول لاحظت ان المساحه غير نظيفه والتهويه كذلك,الجو والمكان,متوسطة,synthetic
اقسم بالله الجلسات الخارجيه مكشوفه على الشارع مزعج.,الجو والمكان,متوسطة,synthetic
تصميم المكان في المطعم سيئه جدا وتشعرني بالضيق,الجو والمكان,متوسطة,synthetic
صراحه تكييف ضعيف.,الجو والمكان,متوسطة,synthetic
الصراحه الزحمه عند الدخول ما تتحمل ولا فيه قسم عائلات,الجو والمكان,متوسطة,synthetic
الديكور قديم التكييف مكتظه وموسيقى مزعجه,الجو والمكان,متوسطة,synthetic
المطعم يحتاج تطوير الارضيات مزعجه والاجواء لا توحي بالراحه.,الجو والمكان,متوسطة,synthetic
قسما المطعم سيء الجو غير لائقه بالسعر والديكور قديم,الجو والمكان,متوسطة,synthetic
صراحه ديكور قديم,الجو والمكان,متوسطة,synthetic
المكان كله مشاكل الارضيات متهالكه الصاله ضعيفه وما فيه موقف سيارات,الجو والمكان,متوسطة,synthetic
بصراحه ريحه الزيت في المطعم خانقه ما اقدر اتنفس,الجو والمكان,متوسطة,synthetic
صراحه الصراحه ديكور المطعم قديم يحتاج تجديد,الجو والمكان,متوسطة,synthetic
اقسم بالله اسعارهم عاليه والباب غير مريحه ما يستاهلون,الجو والمكان,متوسطة,synthetic
المكان غير لائق الالوان مكتظه والحمامات متسخه,الجو والمكان,متوسطة,synthetic
الزوايا كانت مكتظه طوال الوقت لا توجد راحه ابدا,الجو والمكان,متوسطة,synthetic
قسما المطعم decor قديم ويحتاج تجديد كامل,الجو والمكان,متوسطة,synthetic
شوفوا تصميم سيء ما يلائم نوع الطعام,الجو والمكان,متوسطة,synthetic
المكان فيه مشاكل كثيره الباب خانقه والاضاءه سيئه,الجو والمكان,متوسطة,synthetic
الجلسه مو مريحه!!!,الجو والمكان,متوسطة,synthetic
الحمامات مزدحمه مما جعل الجلسه غير ممتعه ابدا.,الجو والمكان,متوسطة,synthetic
موسيقى عاليه وبرد شديد تجربه فاشله,الجو والمكان,متوسطة,synthetic
الصراحه بصراحه المكان مو على المستوى المتوقع,الجو والمكان,متوسطة,synthetic
شوفوا والله ديكور قديم وما يستاهل!!!,الجو والمكان,متوسطة,synthetic
المساحه ضعيفه الانارة والطاوله قديمه المكان تشعرني بالغثيان,الجو والمكان,متوسطة,synthetic
المطعم يحتاج تطوير الفناء ضعيفه الانارة والاجواء غير مقبوله...,الجو والمكان,متوسطة,synthetic
ما فيه قسم عائلات داخل المطعم لا تطاق ،,الجو والمكان,متوسطة,synthetic
الاسعار تطلب ديكور افضل تصميم المكان خانقه,الجو والمكان,متوسطة,synthetic
المطعم سيء الجو تخلي الزبون يستعجل ويطلع والديكور قديم.,الجو والمكان,متوسطة,synthetic
المكان فيه مشاكل كثيره التكييف كئيبه والسقف متسخه!!!,الجو والمكان,متوسطة,synthetic
الكنبات في المطعم غير مريحه جدا ولا تناسب نوع المطعم...,الجو والمكان,متوسطة,synthetic
يا جماعه اسعارهم عاليه والطاوله قديمه ما يستاهلون.,الجو والمكان,متوسطة,synthetic
شوفوا الطاولات لزجه ما مسحوها.,الجو والمكان,متوسطة,synthetic
الجو العام للمطعم سيء التهويه مظلمه والصاله ضيقه,الجو والمكان,متوسطة,synthetic
الديكور قديم والحراره ضعيفه الجو تحتاج تجديد.,الجو والمكان,متوسطة,synthetic
الطاولات كانت كئيبه طوال الوقت لا توجد راحه ابدا,الجو والمكان,متوسطة,synthetic
الاسعار تطلب ديكور افضل الالوان ضعيفه,الجو والمكان,متوسطة,synthetic
الديكور قديم والدرج متسخه الجو تخلي الزبون يستعجل ويطلع,الجو والمكان,متوسطة,synthetic
ريحه طبخ خانقه داخل المطعم لا تطاق.,الجو والمكان,متوسطة,synthetic
يا اخي عند الدخول لاحظت ان الباب بايخه والزوايا كذلك,الجو والمكان,متوسطة,synthetic
الشرفه متسخه مما جعل الجلسه غير ممتعه ابدا,الجو والمكان,متوسطة,synthetic
الصاله في المطعم خايسه جدا وتشعرني بالغثيان,الجو والمكان,متوسطة,synthetic
صراحه المطعم يفتقر للخصوصيه ما فيه فواصل,الجو والمكان,متوسطة,synthetic
المكان غير لائق الطاوله مزدحمه والازدحام مظلمه,الجو والمكان,متوسطة,synthetic
المكان غير لائق المدخل مهتزه والزوايا حاره,الجو والمكان,متوسطة,synthetic
الديكور قديم والحمامات مزعجه الجو لا توحي بالراحه,الجو والمكان,متوسطة,synthetic
المطعم سيء الجو لا تناسب نوع المطعم والديكور قديم ،,الجو والمكان,متوسطة,synthetic
اقسم بالله المطعم decor قديم ويحتاج تجديد كامل ،,الجو والمكان,متوسطة,synthetic
الصراحه المكان ضيق.,الجو والمكان,متوسطة,synthetic
صراحه تكييف معطل في يوم حار جدا,الجو والمكان,متوسطة,synthetic
تجربه سيئه من ناحيه الديكور الحراره متسخه تخلي الزبون يستعجل ويطلع.,الجو والمكان,متوسطة,synthetic
الطاوله في المطعم خايسه جدا وتخلي الزبون يستعجل ويطلع,الجو والمكان,متوسطة,synthetic
بصراحه والله ديكور قديم وما يستاهل,الجو والمكان,متوسطة,synthetic
الصاله كانت خانقه طوال الوقت لا توجد راحه ابدا.,الجو والمكان,متوسطة,synthetic
المكان كله مشاكل الصاله خايسه التهويه كئيبه وما فيه قسم عائلات,الجو والمكان,متوسطة,synthetic
الجلسه بارده والحمامات مهتزه المكان لا تستحق الزياره,الجو والمكان,متوسطة,synthetic
بدخول المطعم تشعر بالضيق الارضيات ضعيفه الانارة وريحه خانقه,الجو والمكان,متوسطة,synthetic
الديكور قديم والتراس ضيقه الجو غير لائقه بالسعر,الجو والمكان,متوسطة,synthetic
اسعارهم عاليه والسقف غير مريحه ما يستاهلون.,الجو والمكان,متوسطة,synthetic
الاسعار تطلب ديكور افضل المساحه بايخه.,الجو والمكان,متوسطة,synthetic
الاسعار تطلب ديكور افضل الدرج غير مناسبه.,الجو والمكان,متوسطة,synthetic
المطعم يحتاج تطوير الديكورات غير مناسبه والاجواء تذكرني ما اعود.,الجو والمكان,متوسطة,synthetic
الاسعار تطلب ديكور افضل الجلسه زفت,الجو والمكان,متوسطة,synthetic
تخيل شوفوا يا جماعه الجو في هذا المطعم سيء جدا.,الجو والمكان,متوسطة,synthetic
الاسعار تطلب ديكور افضل الصاله بارده.,الجو والمكان,متوسطة,synthetic
صراحه المقاعد في المطعم مزعجه جدا ولا توحي بالراحه,الجو والمكان,متوسطة,synthetic
بدخول المطعم تشعر بالضيق المساحه غير مريحه وريحه خانقه!!!,الجو والمكان,متوسطة,synthetic
الكراسي كانت بايخه طوال الوقت لا توجد راحه ابدا ،,الجو والمكان,متوسطة,synthetic
صراحه ريحه دخان,الجو والمكان,متوسطة,synthetic
الصراحه المكان فيه مشاكل كثيره الحمامات متهالكه وموقف السيارات متهالكه,الجو والمكان,متوسطة,synthetic
ريحه دخان ،,الجو والمكان,متوسطة,synthetic
قسما الطاولات لزجه ما مسحوها,الجو والمكان,متوسطة,synthetic
المكان كله مشاكل المساحه مظلمه المدخل خايسه وحر شديد,الجو والمكان,متوسطة,synthetic
بصراحه محادثات بصوت عالي كانت الكارثه الكبرى ،,الجو والمكان,متوسطة,synthetic
التهويه كانت حاره طوال الوقت لا توجد راحه ابدا,الجو والمكان,متوسطة,synthetic
الديكور قديم والشرفه خانقه الجو غير مقبوله,الجو والمكان,متوسطة,synthetic
الديكور قديم والصاله متهالكه الجو لا تستحق الزياره,الجو والمكان,متوسطة,synthetic
قسما الحمامات نظافتها سيئه جدا.,الجو والمكان,متوسطة,synthetic
المكان فيه مشاكل كثيره التراس خايسه والجلسات الخارجيه سيئه التهويه,الجو والمكان,متوسطة,synthetic
صراحه المكان دايم مزدحم ما تلقى طاوله فاضيه ،,الجو والمكان,متوسطة,synthetic
المكان غير لائق الطاوله غير مناسبه والمقاعد حاره,الجو والمكان,متوسطة,synthetic
اسعارهم عاليه والطاوله خانقه ما يستاهلون,الجو والمكان,متوسطة,synthetic
موسيقى مزعجه طوال الوقت ما تقدر تجلس.,الجو والمكان,متوسطة,synthetic
الديكور قديم السقف غير مناسبه وصوت اطفال,الجو والمكان,متوسطة,synthetic
شوفوا اسعارهم عاليه والطاولات ضعيفه ما يستاهلون,الجو والمكان,متوسطة,synthetic
المكان غير لائق التهويه مكتظه والفناء صغيره,الجو والمكان,متوسطة,synthetic
الجلسه كانت متسخه طوال الوقت لا توجد راحه ابدا.,الجو والمكان,متوسطة,synthetic
صراحه التكييف ضعيف ما يبرد المكان حر مرره,الجو والمكان,متوسطة,synthetic
المكان فيه مشاكل كثيره الديكورات ضعيفه والمساحه صغيره,الجو والمكان,متوسطة,synthetic
تخيل والله ديكور قديم وما يستاهل...,الجو والمكان,متوسطة,synthetic
الديكور قديم والطاولات ضعيفه الانارة الجو لا تناسب نوع المطعم,الجو والمكان,متوسطة,synthetic
المكان كله مشاكل الانارة غير نظيفه الحديقه سيئه التهويه وريحه زيت قلي,الجو والمكان,متوسطة,synthetic
المكان كله مشاكل الحراره خايسه الحراره سيئه التهويه والزحمه ما تتحمل.,الجو والمكان,متوسطة,synthetic
يا اخي الديكور والاجواء يخلونك تطلع بسرعه,الجو والمكان,متوسطة,synthetic
الاسعار تطلب ديكور افضل الجلسه مكتظه,الجو والمكان,متوسطة,synthetic
الطاولات في المطعم مكتظه جدا وتشعرني بالغثيان.,الجو والمكان,متوسطة,synthetic
الديكور قديم والمدخل زفت الجو تحتاج تجديد.,الجو والمكان,متوسطة,synthetic
المكان فيه موسيقى عاليه ما يخليك تستمتع.,الجو والمكان,متوسطة,synthetic
المطعم يحتاج تطوير الالوان زفت والاجواء تتعب الزبون,الجو والمكان,متوسطة,synthetic
الانارة في المطعم قديمه جدا وتحتاج تجديد,الجو والمكان,متوسطة,synthetic
المطعم يحتاج تطوير تصميم المكان غير نظيفه والاجواء تحتاج تجديد,الجو والمكان,متوسطة,synthetic
الحديقه غير مريحه مما جعل الجلسه غير ممتعه ابدا,الجو والمكان,متوسطة,synthetic
المكان فيه مشاكل كثيره الديكورات بايخه والاضاءه ضعيفه,الجو والمكان,متوسطة,synthetic
يا اخي المطعم بارد جدا التكييف على اخره.,الجو والمكان,متوسطة,synthetic
المكان كله مشاكل المقاعد بارده الحراره بايخه وما فيه موقف سيارات,الجو والمكان,متوسطة,synthetic
تخيل صوت اطفال كانت الكارثه الكبرى,الجو والمكان,متوسطة,synthetic
المكان كله مشاكل السقف مظلمه المدخل سيئه وريحه طبخ خانقه ،,الجو والمكان,متوسطة,synthetic
الارضيات كانت خانقه طوال الوقت لا توجد راحه ابدا ،,الجو والمكان,متوسطة,synthetic
المكان كله مشاكل الفناء مهتزه الديكورات مظلمه وما فيه قسم عائلات,الجو والمكان,متوسطة,synthetic
يا اخي عند الدخول لاحظت ان الديكور مكتظه وموقف السيارات كذلك,الجو والمكان,متوسطة,synthetic
والله الاسعار تطلب ديكور افضل الصاله قديمه,الجو والمكان,متوسطة,synthetic
تصميم المكان كانت غير مريحه طوال الوقت لا توجد راحه ابدا.,الجو والمكان,متوسطة,synthetic
الزوايا غير نظيفه مما جعل الجلسه غير ممتعه ابدا,الجو والمكان,متوسطة,synthetic
الاسعار تطلب ديكور افضل الزوايا متهالكه,الجو والمكان,متوسطة,synthetic
الطاولات كانت مزدحمه طوال الوقت لا توجد راحه ابدا,الجو والمكان,متوسطة,synthetic
ما فيه موقف للسيارات اضطر اوقف بعيد!!!,الجو والمكان,متوسطة,synthetic
اسعارهم عاليه والباب ضيقه ما يستاهلون,الجو والمكان,متوسطة,synthetic
الديكور قديم الكنبات مظلمه وموسيقى عاليه,الجو والمكان,متوسطة,synthetic
للاسف الجلسه مزدحمه مما جعل الجلسه غير ممتعه ابدا,الجو والمكان,متوسطة,synthetic
الديكور قديم والموسيقى غير مريحه الجو لا توحي بالراحه.,الجو والمكان,متوسطة,synthetic
الديكور قديم وتصميم المكان سيئه الجو تخنقني!!!,الجو والمكان,متوسطة,synthetic
المدخل سيئه التهويه والصاله غير مريحه المكان تخلي الزبون يستعجل ويطلع!!!,الجو والمكان,متوسطة,synthetic
السقف سيئه التهويه والطاوله مزعجه المكان تخلي الجلسه مش مريحه,الجو والمكان,متوسطة,synthetic
المطعم يحتاج تطوير الازدحام سيئه والاجواء لا توحي بالراحه,الجو والمكان,متوسطة,synthetic
المكان فيه مشاكل كثيره السقف متهالكه والديكورات مظلمه,الجو والمكان,متوسطة,synthetic
الديكور قديم الارضيات غير مريحه وضجيج,الجو والمكان,متوسطة,synthetic
الجو العام للمطعم سيء الديكور كئيبه والصاله ضيقه ،,الجو والمكان,متوسطة,synthetic
الاجواء تشعرني بالضيق بسبب ان الدرج غير مريحه.,الجو والمكان,متوسطة,synthetic
الصراحه الجلسات الخارجيه مكشوفه على الشارع مزعج,الجو والمكان,متوسطة,synthetic
المطعم يحتاج تطوير المقاعد غير مريحه والاجواء لا تليق بمطعم بهذا الاسم,الجو والمكان,متوسطة,synthetic
المطعم يحتاج تطوير التكييف غير نظيفه والاجواء تتعب الزبون,الجو والمكان,متوسطة,synthetic
الجلسات الخارجيه في المطعم حاره جدا وتشعرني بالضيق,الجو والمكان,متوسطة,synthetic
صراحه الحمامات نظافتها سيئه جدا.,الجو والمكان,متوسطة,synthetic
بصراحه المكان زفت,الجو والمكان,متوسطة,synthetic
بصراحه المكان مو على المستوى المتوقع...,الجو والمكان,متوسطة,synthetic
الاجواء لا توحي بالراحه بسبب ان الزوايا حاره,الجو والمكان,متوسطة,synthetic
للاسف الصراحه ديكور المطعم قديم يحتاج تجديد,الجو والمكان,متوسطة,synthetic
المكان فيه مشاكل كثيره المقاعد مهتزه والتهويه مهتزه,الجو والمكان,متوسطة,synthetic
شوفوا الجلسه مو مريحه,الجو والمكان,متوسطة,synthetic
عند الدخول لاحظت ان الطاولات كئيبه والجلسات الخارجيه كذلك,الجو والمكان,متوسطة,synthetic
الطاولات لزجه ما مسحوها ،,الجو والمكان,متوسطة,synthetic
قسما زحمه عند المدخل طوال الوقت ما تقدر تجلس,الجو والمكان,متوسطة,synthetic
محادثات بصوت عالي كانت الكارثه الكبرى ،,الجو والمكان,متوسطة,synthetic
اسعارهم عاليه والفناء بارده ما يستاهلون.,الجو والمكان,متوسطة,synthetic
الاسعار تطلب ديكور افضل تصميم المكان كئيبه,الجو والمكان,متوسطة,synthetic
الديكور قديم والباب سيئه الجو محبطه,الجو والمكان,متوسطة,synthetic
يا اخي المكان زفت!!!,الجو والمكان,متوسطة,synthetic
الصراحه المكان دايم مزدحم ما تلقى طاوله فاضيه,الجو والمكان,متوسطة,synthetic
يا جماعه الديكور تقليدي مكرر في كل المطاعم,الجو والمكان,متوسطة,synthetic
المكان فيه مشاكل كثيره تصميم المكان غير مناسبه والارضيات ضعيفه,الجو والمكان,متوسطة,synthetic
المكان غير لائق الجلسه مزعجه والشرفه صغيره,الجو والمكان,متوسطة,synthetic
الديكورات في المطعم سيئه التهويه جدا وتشعرني بالغثيان!!!,الجو والمكان,متوسطة,synthetic
اقسم بالله حر داخل المطعم,الجو والمكان,متوسطة,synthetic
تخيل تكييف ضعيف,الجو والمكان,متوسطة,synthetic
قسما كراسي مو مريحه,الجو والمكان,متوسطة,synthetic
طاولات صغيره ومتلاصقه داخل المطعم لا تطاق.,الجو والمكان,متوسطة,synthetic
بصراحه المكان شكله مو نظيف من بره وداخل,الجو والمكان,متوسطة,synthetic
المكان فيه مشاكل كثيره الانارة مهتزه والواجهه خانقه,الجو والمكان,متوسطة,synthetic
يا جماعه الطاولات لزجه ما مسحوها,الجو والمكان,متوسطة,synthetic
زحمه عند المدخل كانت الكارثه الكبرى.,الجو والمكان,متوسطة,synthetic
الالوان كانت خايسه طوال الوقت لا توجد راحه ابدا,الجو والمكان,متوسطة,synthetic
يا اخي تجربه سيئه بسبب الديكور والاجواء,الجو والمكان,متوسطة,synthetic
المطعم يحتاج تطوير الالوان مظلمه والاجواء تخلي الجلسه مش مريحه,الجو والمكان,متوسطة,synthetic
بصراحه المكان دايم مزدحم ما تلقى طاوله فاضيه,الجو والمكان,متوسطة,synthetic
عند الدخول لاحظت ان الواجهه سيئه التهويه والصاله كذلك,الجو والمكان,متوسطة,synthetic
المكان فيه مشاكل كثيره الحراره حاره والشرفه حاره,الجو والمكان,متوسطة,synthetic
للاسف تكييف ضعيف.,الجو والمكان,متوسطة,synthetic
الحراره خايسه مما جعل الجلسه غير ممتعه ابدا,الجو والمكان,متوسطة,synthetic
الجو العام للمطعم سيء الجلسه متهالكه والصاله ضيقه,الجو والمكان,متوسطة,synthetic
زحمه عند المدخل كانت الكارثه الكبرى...,الجو والمكان,متوسطة,synthetic
يا اخي المكان غير لائق الاضاءه ضعيفه والفناء متهالكه,الجو والمكان,متوسطة,synthetic
الديكور والاجواء يخلونك تطلع بسرعه ،,الجو والمكان,متوسطة,synthetic
WiFi ضعيف والديكور سيء!!!,الجو والمكان,متوسطة,synthetic
الديكور قديم المدخل مزعجه وموسيقى مزعجه,الجو والمكان,متوسطة,synthetic
يا اخي الاسعار تطلب ديكور افضل الطاولات سيئه,الجو والمكان,متوسطة,synthetic
اسعارهم عاليه والالوان ضيقه ما يستاهلون.,الجو والمكان,متوسطة,synthetic
الديكور قديم الباب بايخه وصوت طناجر من المطبخ,الجو والمكان,متوسطة,synthetic
المكان فيه مشاكل كثيره الالوان ضيقه والسقف زفت.,الجو والمكان,متوسطة,synthetic
الشرفه في المطعم سيئه جدا وتحتاج تجديد,الجو والمكان,متوسطة,synthetic
بصراحه الديكور قديم جدا.,الجو والمكان,متوسطة,synthetic
المكان غير لائق الدرج مهتزه والصاله متسخه,الجو والمكان,متوسطة,synthetic
الديكور قديم المقاعد كئيبه وزحمه عند المدخل.,الجو والمكان,متوسطة,synthetic
ريحه طبخ خانقه داخل المطعم لا تطاق,الجو والمكان,متوسطة,synthetic
الاسعار تطلب ديكور افضل الارضيات بارده,الجو والمكان,متوسطة,synthetic
شوفوا الجلسات الخارجيه مكشوفه على الشارع مزعج,الجو والمكان,متوسطة,synthetic
بصراحه المقاعد بايخه والزوايا سيئه التهويه المكان تخنقني,الجو والمكان,متوسطة,synthetic
المكان غير لائق الفناء متهالكه والزوايا مظلمه,الجو والمكان,متوسطة,synthetic
كل ما تطلع من المطعم ملابسك ريحتها زفت!!!,الجو والمكان,متوسطة,synthetic
يا جماعه عند الدخول لاحظت ان الحديقه غير نظيفه والاضاءه كذلك,الجو والمكان,متوسطة,synthetic
الجو العام للمطعم سيء الحراره بارده والصاله ضيقه,الجو والمكان,متوسطة,synthetic
عند الدخول لاحظت ان التهويه كئيبه والكراسي كذلك,الجو والمكان,متوسطة,synthetic
المطعم يحتاج تطوير الباب ضعيفه الانارة والاجواء تفسد التجربه كامله,الجو والمكان,متوسطة,synthetic
المكان فيه مشاكل كثيره الجلسات الخارجيه مهتزه والكراسي كئيبه,الجو والمكان,متوسطة,synthetic
اقسم بالله التكييف مهتزه والتراس خايسه المكان تخلي الزبون يستعجل ويطلع.,الجو والمكان,متوسطة,synthetic
شوفوا الحراره داخل المطعم ما تتحمل...,الجو والمكان,متوسطة,synthetic
الحمامات كانت سيئه طوال الوقت لا توجد راحه ابدا,الجو والمكان,متوسطة,synthetic
اسعارهم عاليه والجلسات الخارجيه متهالكه ما يستاهلون...,الجو والمكان,متوسطة,synthetic
الجو العام للمطعم سيء الصاله مظلمه والصاله ضيقه,الجو والمكان,متوسطة,synthetic
الجو العام للمطعم سيء الحمامات ضعيفه والصاله ضيقه,الجو والمكان,متوسطة,synthetic
اقسم بالله ريحه الزيت في المطعم خانقه ما اقدر اتنفس,الجو والمكان,متوسطة,synthetic
الديكور قديم تصميم المكان مزدحمه وزحمه عند المدخل,الجو والمكان,متوسطة,synthetic
الكنبات متسخه مما جعل الجلسه غير ممتعه ابدا,الجو والمكان,متوسطة,synthetic
المكان غير لائق المساحه سيئه التهويه والمساحه مكتظه,الجو والمكان,متوسطة,synthetic
اقسم بالله الازدحام غير مناسبه والتكييف بايخه المكان تتعب الزبون,الجو والمكان,متوسطة,synthetic
الديكور قديم الفناء حاره وضجيج,الجو والمكان,متوسطة,synthetic
قسما الاسعار تطلب ديكور افضل الطاوله مظلمه,الجو والمكان,متوسطة,synthetic
الحراره غير نظيفه والتراس سيئه التهويه المكان تخلي الزبون يستعجل ويطلع ،,الجو والمكان,متوسطة,synthetic
بصراحه تجربه سيئه بسبب الديكور والاجواء,الجو والمكان,متوسطة,synthetic
التراس في المطعم بارده جدا وتذكرني ما اعود,الجو والمكان,متوسطة,synthetic
شوفوا المكان فيه موسيقى عاليه ما يخليك تستمتع,الجو والمكان,متوسطة,synthetic
صراحه حر داخل المطعم,الجو والمكان,متوسطة,synthetic
تخيل اضاءه ضعيفه,الجو والمكان,متوسطة,synthetic
موسيقى عاليه طوال الوقت ما تقدر تجلس!!!,الجو والمكان,متوسطة,synthetic
تجربه سيئه من ناحيه الديكور الصاله كئيبه محبطه,الجو والمكان,متوسطة,synthetic
المكان غير لائق الشرفه مزدحمه والسقف كئيبه,الجو والمكان,متوسطة,synthetic
اقسم بالله الحمامات نظافتها سيئه جدا ،,الجو والمكان,متوسطة,synthetic
تخيل الاجواء تفسد التجربه كامله بسبب ان الارضيات متسخه ،,الجو والمكان,متوسطة,synthetic
المكان دايم مزدحم ما تلقى طاوله فاضيه!!!,الجو والمكان,متوسطة,synthetic
المكان كله مشاكل الحراره غير مريحه الديكورات خايسه وطاولات صغيره ومتلاصقه,الجو والمكان,متوسطة,synthetic
اسعارهم عاليه والكنبات مزدحمه ما يستاهلون.,الجو والمكان,متوسطة,synthetic
الكراسي في المطعم قديمه جدا وتخلي الجلسه مش مريحه,الجو والمكان,متوسطة,synthetic
الاسعار تطلب ديكور افضل الاضاءه بارده,الجو والمكان,متوسطة,synthetic
يا اخي اسعارهم عاليه والفناء ضعيفه الانارة ما يستاهلون,الجو والمكان,متوسطة,synthetic
المكان كله مشاكل السقف زفت الديكور ضعيفه الانارة وبرد شديد.,الجو والمكان,متوسطة,synthetic
تدفع كثير لكن المكان ضيقه,الجو والمكان,متوسطة,synthetic
والله الديكور interior سيء مرره ما يستاهل,الجو والمكان,متوسطة,synthetic
الجلسه زفت والمقاعد زفت المكان تشعرني بالضيق...,الجو والمكان,متوسطة,synthetic
التهويه كانت متسخه طوال الوقت لا توجد راحه ابدا,الجو والمكان,متوسطة,synthetic
الصراحه حر داخل المطعم!!!,الجو والمكان,متوسطة,synthetic
صراحه اسعارهم عاليه والازدحام بارده ما يستاهلون,الجو والمكان,متوسطة,synthetic
شوفوا تدفع كثير لكن المكان بارده,الجو والمكان,متوسطة,synthetic
اسعارهم عاليه والفناء كئيبه ما يستاهلون,الجو والمكان,متوسطة,synthetic
المطعم بارد جدا التكييف على اخره ،,الجو والمكان,متوسطة,synthetic
تجربه سيئه من ناحيه الديكور التراس مكتظه تخلي الزبون يستعجل ويطلع,الجو والمكان,متوسطة,synthetic
والله ما فيه قسم عائلات داخل المطعم لا تطاق,الجو والمكان,متوسطة,synthetic
يا جماعه المكان فيه مشاكل كثيره تصميم المكان مهتزه وموقف السيارات بايخه,الجو والمكان,متوسطة,synthetic
صراحه للاسف المكان كئيب الديكور قديم والاضاءه ضعيفه,الجو والمكان,متوسطة,synthetic
الاضاءه كانت بايخه طوال الوقت لا توجد راحه ابدا,الجو والمكان,متوسطة,synthetic
بصراحه كل ما تطلع من المطعم ملابسك ريحتها زفت,الجو والمكان,متوسطة,synthetic
الديكور interior سيء مرره ما يستاهل!!!,الجو والمكان,متوسطة,synthetic
الكراسي مزدحمه والشرفه خايسه المكان تشعرني بالضيق,الجو والمكان,متوسطة,synthetic
الاسعار تطلب ديكور افضل موقف السيارات متسخه,الجو والمكان,متوسطة,synthetic
الديكور قديم الكراسي مزعجه وصوت اطفال,الجو والمكان,متوسطة,synthetic
محادثات بصوت عالي وريحه طبخ خانقه تجربه فاشله,الجو والمكان,متوسطة,synthetic
عند الدخول لاحظت ان الحراره صغيره والطاوله كذلك,الجو والمكان,متوسطة,synthetic
يا جماعه ما فيه قسم عائلات داخل المطعم لا تطاق,الجو والمكان,متوسطة,synthetic
المطعم سيء الجو لا توحي بالراحه والديكور قديم.,الجو والمكان,متوسطة,synthetic
يا جماعه الاجواء تفسد التجربه كامله بسبب ان الدرج زفت!!!,الجو والمكان,متوسطة,synthetic
قسما المطعم يحتاج تطوير الكراسي مزعجه والاجواء لا تستحق الزياره,الجو والمكان,متوسطة,synthetic
اقسم بالله التكييف ضعيف ما يبرد المكان حر مرره,الجو والمكان,متوسطة,synthetic
المكان كله مشاكل الكنبات خايسه الدرج كئيبه وريحه طبخ خانقه,الجو والمكان,متوسطة,synthetic
تخيل المكان كله مشاكل المدخل ضعيفه الانارة الديكور غير مريحه واسعار عاليه على هذا الديكور,الجو والمكان,متوسطة,synthetic
الاسعار تطلب ديكور افضل الاضاءه غير مريحه,الجو والمكان,متوسطة,synthetic
المكان فيه مشاكل كثيره التراس خانقه والشرفه ضيقه.,الجو والمكان,متوسطة,synthetic
صوت اطفال وبرد شديد تجربه فاشله.,الجو والمكان,متوسطة,synthetic
اقسم بالله كل ما تطلع من المطعم ملابسك ريحتها زفت,الجو والمكان,متوسطة,synthetic
المكان غير لائق الالوان متهالكه والديكورات مزعجه,الجو والمكان,متوسطة,synthetic
المطعم يحتاج تطوير الازدحام مهتزه والاجواء تفسد التجربه كامله ،,الجو والمكان,متوسطة,synthetic
الجو العام للمطعم سيء المدخل متهالكه والصاله ضيقه,الجو والمكان,متوسطة,synthetic
المكان فيه مشاكل كثيره الديكور سيئه التهويه والطاولات متهالكه,الجو والمكان,متوسطة,synthetic
يا اخي تكييف معطل في يوم حار جدا,الجو والمكان,متوسطة,synthetic
الدرج في المطعم سيئه جدا وتخنقني!!!,الجو والمكان,متوسطة,synthetic
يا جماعه موقف السيارات مظلمه والواجهه خانقه المكان تخلي الجلسه مش مريحه,الجو والمكان,متوسطة,synthetic
الواجهه غير مناسبه والتراس سيئه المكان لا تستحق الزياره ،,الجو والمكان,متوسطة,synthetic
ضجيج طوال الوقت ما تقدر تجلس.,الجو والمكان,متوسطة,synthetic
الديكور قديم والواجهه ضعيفه الانارة الجو لا توحي بالراحه,الجو والمكان,متوسطة,synthetic
اقسم بالله كنبات قديمه ومتسخه طاولات مهتزه,الجو والمكان,متوسطة,synthetic
صراحه المطعم صغير وما يكفي العدد,الجو والمكان,متوسطة,synthetic
تخيل ما انصح بالمكان الجو غير مريح ابدا,الجو والمكان,متوسطة,synthetic
المكان كله مشاكل الزوايا مهتزه الصاله ضعيفه الانارة وريحه دخان ،,الجو والمكان,متوسطة,synthetic
المطعم يحتاج تطوير الواجهه زفت والاجواء تحتاج تجديد,الجو والمكان,متوسطة,synthetic
المكان غير لائق الجلسات الخارجيه حاره والانارة ضعيفه.,الجو والمكان,متوسطة,synthetic
بصراحه الازدحام كانت غير مريحه طوال الوقت لا توجد راحه ابدا,الجو والمكان,متوسطة,synthetic
بدخول المطعم تشعر بالضيق الواجهه ضعيفه وريحه خانقه,الجو والمكان,متوسطة,synthetic
يا اخي محادثات بصوت عالي طوال الوقت ما تقدر تجلس,الجو والمكان,متوسطة,synthetic
ريحه الزيت في المطعم خانقه ما اقدر اتنفس...,الجو والمكان,متوسطة,synthetic
الفناء مكتظه والتراس مزعجه المكان لا توحي بالراحه,الجو والمكان,متوسطة,synthetic
المكان فيه مشاكل كثيره الحديقه متسخه والتراس بايخه,الجو والمكان,متوسطة,synthetic
المكان غير لائق الحديقه قديمه والانارة متسخه,الجو والمكان,متوسطة,synthetic
الديكورات في المطعم متهالكه جدا ولا تستحق الزياره.,الجو والمكان,متوسطة,synthetic
الديكور قديم والتهويه ضعيفه الانارة الجو تخنقني.,الجو والمكان,متوسطة,synthetic
قسما ما انصح بالمكان الجو غير مريح ابدا,الجو والمكان,متوسطة,synthetic
بصراحه قسم العائلات صغير مرره وكراسي قليله,الجو والمكان,متوسطة,synthetic
قسما المطعم يفتقر للخصوصيه ما فيه فواصل,الجو والمكان,متوسطة,synthetic
المساحه في المطعم مزعجه جدا وتفسد التجربه كامله.,الجو والمكان,متوسطة,synthetic
المكان كله مشاكل الحراره غير مريحه الكنبات مزدحمه وحر شديد!!!,الجو والمكان,متوسطة,synthetic
المكان كله مشاكل الديكور بارده الطاوله كئيبه وبرد شديد ،,الجو والمكان,متوسطة,synthetic
عند الدخول لاحظت ان الازدحام ضيقه والدرج كذلك!!!,الجو والمكان,متوسطة,synthetic
شوفوا محادثات بصوت عالي وما فيه موقف سيارات تجربه فاشله,الجو والمكان,متوسطة,synthetic
يا جماعه ريحه دخان,الجو والمكان,متوسطة,synthetic
الاجواء لا تستحق الزياره بسبب ان الجلسه مهتزه...,الجو والمكان,متوسطة,synthetic
بصراحه الجلسه مو مريحه!!!,الجو والمكان,متوسطة,synthetic
الواجهه قديمه والازدحام بايخه المكان تخلي الجلسه مش مريحه.,الجو والمكان,متوسطة,synthetic
المكان فيه مشاكل كثيره الحراره ضيقه والكنبات بارده,الجو والمكان,متوسطة,synthetic
محبط,عامة,متوسطة,synthetic
ما توقعت يكون بهذا المستوى,عامة,متوسطة,synthetic
تجربه باهته ما تتذكر,عامة,متوسطة,synthetic
value مو مناسب,عامة,متوسطة,synthetic
تجربه احباط الفرع هذا ما عجبني ابدا,عامة,متوسطة,synthetic
يا اخي ما انصح به,عامة,متوسطة,synthetic
يا جماعه الخير ما تروحون.,عامة,متوسطة,synthetic
بعد كم زياره قررت ما اعود,عامة,متوسطة,synthetic
ما يستاهل,عامة,متوسطة,synthetic
تركت المطعم خلاص لين يحسنون.,عامة,متوسطة,synthetic
ما اعود حتى لو دفعوا لي!!!,عامة,متوسطة,synthetic
محبط.,عامة,متوسطة,synthetic
للاسف,عامة,متوسطة,synthetic
خيبه امل,عامة,متوسطة,synthetic
المكان ما اقنعني لانهم تغيروا للاسوا,عامة,متوسطة,synthetic
السمعه افضل من الواقع تجربه عاديه جدا وما اعود حتى لو دفعوا لي,عامة,متوسطة,synthetic
تجربه سيئه,عامة,متوسطة,synthetic
بصراحه اخر زياره لي للمطعم وما اعود,عامة,متوسطة,synthetic
اول مره تجربه ولا اخر مره!!!,عامة,متوسطة,synthetic
ما عجبني ابدا المحل لاسباب كثيره,عامة,متوسطة,synthetic
ما عجبني شي بصراحه,عامة,متوسطة,synthetic
ما انصح به ،,عامة,متوسطة,synthetic
شوفوا يا جماعه ما يستاهل,عامة,متوسطة,synthetic
المطعم overall سيء,عامة,متوسطة,synthetic
المطعم ولا الاوسط ،,عامة,متوسطة,synthetic
يا جماعه الخير ما تروحون,عامة,متوسطة,synthetic
المكان ما اقنعني لانهم ما يحترمون وقت الزبون,عامة,متوسطة,synthetic
تجربه سيئه كل شي كان متوسط بسبب اللامبالاه,عامة,متوسطة,synthetic
بشكل عام تجربه محبطه مع هذا الفرع لن اكرر التجربه,عامة,متوسطة,synthetic
هذه السلسله بسبب اللامبالاه وتجربتي كانت اقل من المتوقع,عامة,متوسطة,synthetic
تجربه باهته ابحثوا عن مكان افضل,عامة,متوسطة,synthetic
ابحثوا عن مكان غيره,عامة,متوسطة,synthetic
تجربه ما تستاهل كل شي كان متوسط لان السعر ما يتناسب مع الخدمه,عامة,متوسطة,synthetic
اقسم بالله كل شي عادي تجربه عاديه,عامة,متوسطة,synthetic
للاسف كل شي فيه سيء,عامة,متوسطة,synthetic
كانت بدايته قويه لكن انحدر مستواه,عامة,متوسطة,synthetic
تراجع كبير في الجوده والخدمه,عامة,متوسطة,synthetic
شوفوا الادراه ما تهتم بالعميل ابدا,عامة,متوسطة,synthetic
كل شي فيه سيء,عامة,متوسطة,synthetic
الادراه ما تهتم بالعميل ابدا,عامة,متوسطة,synthetic
الصراحه ما يستاهل,عامة,متوسطة,synthetic
experience مخيبه للامل,عامة,متوسطة,synthetic
اخر زياره لي للمطعم وما اعود,عامة,متوسطة,synthetic
السمعه افضل من الواقع زياره فاشله وما عجبني ابدا,عامة,متوسطة,synthetic
اول مره تجربه ولا اخر مره ،,عامة,متوسطة,synthetic
تخيل المطعم overall سيء,عامة,متوسطة,synthetic
اقسم بالله تجربتي كانت اقل من المتوقع هذا المطعم لان المستوى ما يستاهل,عامة,متوسطة,synthetic
بصراحه كل شي فيه سيء,عامة,متوسطة,synthetic
للاسف ما يستاهل,عامة,متوسطة,synthetic
والله ما يستحق الزياره.,عامة,متوسطة,synthetic
تركت المطعم خلاص لين يحسنون,عامة,متوسطة,synthetic
يا اخي تجربه فاشله ما تستاهل,عامة,متوسطة,synthetic
ما عجبني ابدا المحل بسبب سوء التنظيم العام,عامة,متوسطة,synthetic
experience مخيبه للامل.,عامة,متوسطة,synthetic
ما اعود حتى لو دفعوا لي,عامة,متوسطة,synthetic
للاسف ما عجبني شي بصراحه,عامة,متوسطة,synthetic
بشكل عام تجربه دون المستوى مع هذا المطعم ابحثوا عن مكان افضل,عامة,متوسطة,synthetic
يا جماعه الادراه ما تهتم بالعميل ابدا.,عامة,متوسطة,synthetic
بصراحه تجربه ما اعود لها,عامة,متوسطة,synthetic
المطعم ولا الاوسط,عامة,متوسطة,synthetic
زياره مخيبه ما عجبني ابدا.,عامة,متوسطة,synthetic
تخيل ما انصح به,عامة,متوسطة,synthetic
ما اعجبتني التجربه كل شي كان متوسط لانهم تغيروا للاسوا,عامة,متوسطة,synthetic
اول مره تجربه ولا اخر مره.,عامة,متوسطة,synthetic
السمعه افضل من الواقع تجربه ما تستاهل ولا انصح به,عامة,متوسطة,synthetic
هذا المطعم لان الجوده متدنيه عموما وخياراتكم خارجه افضل بكثير,عامة,متوسطة,synthetic
خلاص شطبت المطعم من قائمتي,عامة,متوسطة,synthetic
والله ما يستحق الزياره,عامة,متوسطة,synthetic
الفرع هذا ما اقنعني بسبب سوء التنظيم العام,عامة,متوسطة,synthetic
ابحثوا عن مكان غيره!!!,عامة,متوسطة,synthetic
تجربه محبطه خياراتكم خارجه افضل بكثير,عامة,متوسطة,synthetic
صراحه تجربه باهته ما تتذكر,عامة,متوسطة,synthetic
تعبني المطعم,عامة,متوسطة,synthetic
المطعم نزل مستواه كثير,عامة,متوسطة,synthetic
كل ما زرت المطعم اخرج محبط,عامة,متوسطة,synthetic
خيبه امل!!!,عامة,متوسطة,synthetic
بعد كم زياره قررت ما اعود ،,عامة,متوسطة,synthetic
يا اخي للاسف ،,عامة,متوسطة,synthetic
كانت بدايته قويه لكن انحدر مستواه.,عامة,متوسطة,synthetic
ما يستاهل.,عامة,متوسطة,synthetic
والله يا اخي تجربه فاشله ما تستاهل,عامة,متوسطة,synthetic
يا جماعه بعد كم زياره قررت ما اعود,عامة,متوسطة,synthetic
قسما تجربه سيئه,عامة,متوسطة,synthetic
يا اخي تجربه فاشله ما تستاهل.,عامة,متوسطة,synthetic
يا جماعه بعد عده زيارات تجربه احباط ابحثوا عن مكان افضل.,عامة,متوسطة,synthetic
تجربه باهته ما تتذكر!!!,عامة,متوسطة,synthetic
للاسف...,عامة,متوسطة,synthetic
بشكل عام تجربه سيئه مع المكان لن اكرر التجربه,عامة,متوسطة,synthetic
المطعم ما عاد كما كان,عامة,متوسطة,synthetic
اول مره تجربه ولا اخر مره,عامة,متوسطة,synthetic
شوفوا يا جماعه ما يستاهل...,عامة,متوسطة,synthetic
عادي جدا ما فيه شي مميز,عامة,متوسطة,synthetic
تجربه سيئه ،,عامة,متوسطة,synthetic
الصراحه ما اعود حتى لو دفعوا لي,عامة,متوسطة,synthetic
value مو مناسب.,عامة,متوسطة,synthetic
المطعم ولا الاوسط.,عامة,متوسطة,synthetic
كل شي عادي تجربه عاديه,عامة,متوسطة,synthetic
الصراحه ما يستاهل ،,عامة,متوسطة,synthetic
ما اعود,عامة,متوسطة,synthetic
للاسف خيبه امل كبيره.,عامة,متوسطة,synthetic
للاسف اخر زياره لي للمطعم وما اعود.,عامة,متوسطة,synthetic
بصراحه تجربه ما اعود لها...,عامة,متوسطة,synthetic
كل ما زرت المطعم اخرج محبط.,عامة,متوسطة,synthetic
للاسف خيبه امل كبيره!!!,عامة,متوسطة,synthetic
experience مخيبه للامل ،,عامة,متوسطة,synthetic
اقسم بالله والله ما يستحق الزياره,عامة,متوسطة,synthetic
غير راضي عن الزياره كل شي كان متوسط بسبب سوء التنظيم العام,عامة,متوسطة,synthetic
بصراحه تجربه ما اعود لها.,عامة,متوسطة,synthetic
بعد عده زيارات خيبه امل لا انصح به,عامة,متوسطة,synthetic
خيبه امل...,عامة,متوسطة,synthetic
لا انصح به المحل لان الاداره غير محترفه,عامة,متوسطة,synthetic
زياره مخيبه كل شي كان متوسط لان السعر ما يتناسب مع الخدمه.,عامة,متوسطة,synthetic
يا جماعه ابحثوا عن مكان افضل المكان لان المستوى ما يستاهل,عامة,متوسطة,synthetic
للاسف اول مره تجربه ولا اخر مره,عامة,متوسطة,synthetic
المطعم بشكل عام ما اقنعني لانهم ما يحترمون وقت الزبون,عامة,متوسطة,synthetic
شوفوا تجربه باهته كل شي كان متوسط لانهم ما يحترمون وقت الزبون,عامة,متوسطة,synthetic
تجربه سيئه.,عامة,متوسطة,synthetic
قسما شوفوا يا جماعه ما يستاهل,عامة,متوسطة,synthetic
خلاص شطبت المطعم من قائمتي.,عامة,متوسطة,synthetic
بعد كم زياره قررت ما اعود.,عامة,متوسطة,synthetic
تجربه ما تستاهل كل شي كان متوسط لان الجوده متدنيه عموما ،,عامة,متوسطة,synthetic
كل شي عادي تجربه عاديه...,عامة,متوسطة,synthetic
للاسف خيبه امل كبيره,عامة,متوسطة,synthetic
اخر زياره لي للمطعم وما اعود.,عامة,متوسطة,synthetic
تجربه سيئه تجربتي كانت اقل من المتوقع.,عامة,متوسطة,synthetic
بعد عده زيارات خيبه امل لن اكرر التجربه,عامة,متوسطة,synthetic
تخيل محبط.,عامة,متوسطة,synthetic
السمعه افضل من الواقع تجربه دون المستوى ولا انصح به,عامة,متوسطة,synthetic
ما انصح به.,عامة,متوسطة,synthetic
تجربه فاشله.,عامة,متوسطة,synthetic
يا جماعه كل ما زرت المطعم اخرج محبط,عامة,متوسطة,synthetic
ما انصح به,عامة,متوسطة,synthetic
بعد كم زياره قررت ما اعود...,عامة,متوسطة,synthetic
يا اخي يا اخي تجربه فاشله ما تستاهل.,عامة,متوسطة,synthetic
ابحثوا عن مكان غيره...,عامة,متوسطة,synthetic
تجربه احباط كل شي كان متوسط لان السعر ما يتناسب مع الخدمه,عامة,متوسطة,synthetic
يا جماعه الخير ما تروحون ،,عامة,متوسطة,synthetic
الصراحه تجربه سيئه,عامة,متوسطة,synthetic
قسما هذي السلسله ما اقنعني لان الجوده متدنيه عموما,عامة,متوسطة,synthetic
اقسم بالله كل ما زرت المطعم اخرج محبط,عامة,متوسطة,synthetic
بشكل عام تجربه محبطه مع هذا المطعم خياراتكم خارجه افضل بكثير,عامة,متوسطة,synthetic
الصراحه شوفوا يا جماعه ما يستاهل,عامة,متوسطة,synthetic
قسما كل ما زرت المطعم اخرج محبط,عامة,متوسطة,synthetic
ما توقعت يكون بهذا المستوى!!!,عامة,متوسطة,synthetic
بشكل عام ما اعجبتني التجربه مع هذا المقهى الافضل الذهاب لمكان ثاني.,عامة,متوسطة,synthetic
تعبني المطعم.,عامة,متوسطة,synthetic
كل شي عادي تجربه عاديه ،,عامة,متوسطة,synthetic
هذا المقهى ما اقنعني لان المستوى ما يستاهل,عامة,متوسطة,synthetic
ما يستاهل الزياره المكان لانهم ما يحترمون وقت الزبون,عامة,متوسطة,synthetic
بعد عده زيارات تجربه سيئه الافضل الذهاب لمكان ثاني,عامة,متوسطة,synthetic
قسما هذا الفرع ما اقنعني لان الجوده متدنيه عموما.,عامة,متوسطة,synthetic
كل ما زرت المطعم اخرج محبط!!!,عامة,متوسطة,synthetic
تجربه باهته ما تتذكر...,عامة,متوسطة,synthetic
يا جماعه ما توقعت يكون بهذا المستوى,عامة,متوسطة,synthetic
تجربه فاشله,عامة,متوسطة,synthetic
صراحه هذه السلسله ما اقنعني لان المستوى ما يستاهل,عامة,متوسطة,synthetic
بصراحه تجربه ما اعود لها!!!,عامة,متوسطة,synthetic
بشكل عام تجربه عاديه جدا مع هذا النوع من المطاعم لن اعود مره ثانيه,عامة,متوسطة,synthetic
للاسف.,عامة,متوسطة,synthetic
value مو مناسب ،,عامة,متوسطة,synthetic
والله تعبني المطعم.,عامة,متوسطة,synthetic
المطعم overall سيء.,عامة,متوسطة,synthetic
بعد عده زيارات تجربه احباط لن اكرر التجربه,عامة,متوسطة,synthetic
للاسف experience مخيبه للامل.,عامة,متوسطة,synthetic
للاسف!!!,عامة,متوسطة,synthetic
تعبني المطعم!!!,عامة,متوسطة,synthetic
ابحثوا عن مكان غيره.,عامة,متوسطة,synthetic
السمعه افضل من الواقع تجربه احباط وخياراتكم خارجه افضل بكثير,عامة,متوسطة,synthetic
بعد عده زيارات تجربه عاديه جدا تجربتي كانت اقل من المتوقع,عامة,متوسطة,synthetic
بشكل عام خيبه امل مع هذي السلسله لن اعود مره ثانيه,عامة,متوسطة,synthetic
زياره مخيبه الفرع هذا لا انصح به,عامة,متوسطة,synthetic
توقعاتي كانت اعلى المطعم بسبب سوء التنظيم العام,عامة,متوسطة,synthetic
بعد عده زيارات زياره مخيبه خياراتكم خارجه افضل بكثير.,عامة,متوسطة,synthetic
الصراحه المطعم ولا الاوسط,عامة,متوسطة,synthetic
تجربه ما تستاهل مع المطعم بسبب سوء التنظيم العام...,عامة,متوسطة,synthetic
توقعاتي كانت اعلى المطعم لعدم اهتمامهم بالعميل,عامة,متوسطة,synthetic
تجربه احباط خياراتكم خارجه افضل بكثير,عامة,متوسطة,synthetic
يا جماعه تركت المطعم خلاص لين يحسنون,عامة,متوسطة,synthetic
الادراه ما تهتم بالعميل ابدا ،,عامة,متوسطة,synthetic
يا جماعه تركت المطعم خلاص لين يحسنون ،,عامة,متوسطة,synthetic
السمعه افضل من الواقع تجربه دون المستوى وتجربتي كانت اقل من المتوقع,عامة,متوسطة,synthetic
الصراحه ما انصح به,عامة,متوسطة,synthetic
صراحه المكان ما اقنعني لعدم اهتمامهم بالعميل...,عامة,متوسطة,synthetic
هذا النوع من المطاعم بسبب تراجع المستوى والافضل الذهاب لمكان ثاني,عامة,متوسطة,synthetic
خيبه امل.,عامة,متوسطة,synthetic
بشكل عام زياره مخيبه مع هذا المطعم ما عجبني ابدا,عامة,متوسطة,synthetic
ما اعجبتني التجربه كل شي كان متوسط لان المستوى ما يستاهل!!!,عامة,متوسطة,synthetic
شوفوا اول مره تجربه ولا اخر مره.,عامة,متوسطة,synthetic
ما عجبني شي بصراحه!!!,عامة,متوسطة,synthetic
والله كل شي عادي تجربه عاديه,عامة,متوسطة,synthetic
بشكل عام تجربه دون المستوى مع المطعم خياراتكم خارجه افضل بكثير,عامة,متوسطة,synthetic
ما اعود...,عامة,متوسطة,synthetic
اقسم بالله الادراه ما تهتم بالعميل ابدا...,عامة,متوسطة,synthetic
ما توقعت يكون بهذا المستوى ،,عامة,متوسطة,synthetic
بصراحه تراجع كبير في الجوده والخدمه.,عامة,متوسطة,synthetic
تراجع كبير في الجوده والخدمه ،,عامة,متوسطة,synthetic
المحل بسبب اللامبالاه ولا انصح به.,عامة,متوسطة,synthetic
عادي جدا ما فيه شي مميز ،,عامة,متوسطة,synthetic
يا اخي تجربه سيئه مع المطعم لانهم ما يحترمون وقت الزبون,عامة,متوسطة,synthetic
يا اخي تجربه فاشله ما تستاهل ،,عامة,متوسطة,synthetic
توقعاتي كانت اعلى المطعم لان المستوى ما يستاهل,عامة,متوسطة,synthetic
لا انصح به الفرع هذا لان السعر ما يتناسب مع الخدمه...,عامة,متوسطة,synthetic
السمعه افضل من الواقع تجربه سيئه وتجربتي كانت اقل من المتوقع.,عامة,متوسطة,synthetic
بشكل عام تجربه دون المستوى مع المطعم خياراتكم خارجه افضل بكثير.,عامة,متوسطة,synthetic
تجربه ضعيفه هذي السلسله خياراتكم خارجه افضل بكثير,عامة,متوسطة,synthetic
قسما ما توقعت يكون بهذا المستوى.,عامة,متوسطة,synthetic
والله ما يستحق الزياره!!!,عامة,متوسطة,synthetic
الافضل الذهاب لمكان ثاني المحل بسبب اللامبالاه,عامة,متوسطة,synthetic
للاسف ما اعود حتى لو دفعوا لي.,عامة,متوسطة,synthetic
توقعاتي كانت اعلى المحل لان الجوده متدنيه عموما,عامة,متوسطة,synthetic
صراحه ما اعود...,عامة,متوسطة,synthetic
للاسف يا جماعه الخير ما تروحون.,عامة,متوسطة,synthetic
بشكل عام تجربه ضعيفه مع المحل ما عجبني ابدا,عامة,متوسطة,synthetic
الفرع هذا بسبب تراجع المستوى ولن اكرر التجربه,عامة,متوسطة,synthetic
للاسف للاسف خيبه امل كبيره,عامة,متوسطة,synthetic
ما اعجبتني التجربه لن اعود مره ثانيه,عامة,متوسطة,synthetic
هذا المقهى ما اقنعني لانهم ما يحترمون وقت الزبون,عامة,متوسطة,synthetic
تجربه ما تستاهل مع المطعم بشكل عام لان الجوده متدنيه عموما,عامة,متوسطة,synthetic
تخيل السمعه افضل من الواقع غير راضي عن الزياره وخياراتكم خارجه افضل بكثير,عامة,متوسطة,synthetic
بعد عده زيارات خيبه امل ما عجبني ابدا,عامة,متوسطة,synthetic
توقعاتي كانت اعلى هذا النوع من المطاعم بسبب سوء التنظيم العام,عامة,متوسطة,synthetic
تخيل المطعم ولا الاوسط,عامة,متوسطة,synthetic
ما اعود!!!,عامة,متوسطة,synthetic
السمعه افضل من الواقع تجربه ضعيفه وما اعود حتى لو دفعوا لي,عامة,متوسطة,synthetic
ما عجبني شي بصراحه.,عامة,متوسطة,synthetic
بصراحه هذا الفرع ما اقنعني لانهم ما يحترمون وقت الزبون,عامة,متوسطة,synthetic
ما اعجبتني التجربه خياراتكم خارجه افضل بكثير,عامة,متوسطة,synthetic
بصراحه كل ما زرت المطعم اخرج محبط...,عامة,متوسطة,synthetic
المطعم نزل مستواه كثير ،,عامة,متوسطة,synthetic
بصراحه المطعم overall سيء,عامة,متوسطة,synthetic
شوفوا value مو مناسب,عامة,متوسطة,synthetic
اقسم بالله بصراحه تجربه ما اعود لها.,عامة,متوسطة,synthetic
يا جماعه ما عجبني شي بصراحه,عامة,متوسطة,synthetic
قسما الصراحه ما يستاهل,عامة,متوسطة,synthetic
بصراحه تجربه ما اعود لها ،,عامة,متوسطة,synthetic
شوفوا المطعم overall سيء,عامة,متوسطة,synthetic
بشكل عام زياره مخيبه مع المطعم بشكل عام الافضل الذهاب لمكان ثاني,عامة,متوسطة,synthetic
كل شي عادي تجربه عاديه!!!,عامة,متوسطة,synthetic
ما اعود.,عامة,متوسطة,synthetic
قسما ما توقعت يكون بهذا المستوى,عامة,متوسطة,synthetic
تجربه دون المستوى كل شي كان متوسط بسبب سوء التنظيم العام.,عامة,متوسطة,synthetic
بعد عده زيارات خيبه امل الافضل الذهاب لمكان ثاني ،,عامة,متوسطة,synthetic
توقعاتي كانت اعلى المكان لانهم تغيروا للاسوا,عامة,متوسطة,synthetic
ما اعجبتني التجربه المطعم ابحثوا عن مكان افضل,عامة,متوسطة,synthetic
للاسف ما اعود,عامة,متوسطة,synthetic
صراحه experience مخيبه للامل,عامة,متوسطة,synthetic
كل شي فيه سيء.,عامة,متوسطة,synthetic
بصراحه هذا الفرع لان الاداره غير محترفه ولن اكرر التجربه ،,عامة,متوسطة,synthetic
تخيل تجربه سيئه,عامة,متوسطة,synthetic
توقعاتي كانت اعلى هذا النوع من المطاعم لانهم تغيروا للاسوا,عامة,متوسطة,synthetic
تجربه ما تستاهل كل شي كان متوسط بسبب سوء التنظيم العام,عامة,متوسطة,synthetic
للاسف محبط,عامة,متوسطة,synthetic
والله الادراه ما تهتم بالعميل ابدا ،,عامة,متوسطة,synthetic
تجربه دون المستوى كل شي كان متوسط بسبب سوء التنظيم العام,عامة,متوسطة,synthetic
المطعم لان الاداره غير محترفه وخياراتكم خارجه افضل بكثير,عامة,متوسطة,synthetic
المحل ما اقنعني بسبب سوء التنظيم العام.,عامة,متوسطة,synthetic
يا جماعه تجربه سيئه كل شي كان متوسط لان الجوده متدنيه عموما,عامة,متوسطة,synthetic
ما اعود حتى لو دفعوا لي ،,عامة,متوسطة,synthetic
value مو مناسب...,عامة,متوسطة,synthetic
تجربه ما تستاهل كل شي كان متوسط لان الجوده متدنيه عموما,عامة,متوسطة,synthetic
توقعاتي كانت اعلى المطعم بشكل عام لانهم تغيروا للاسوا,عامة,متوسطة,synthetic
تجربتي كانت اقل من المتوقع هذا المقهى لانهم تغيروا للاسوا,عامة,متوسطة,synthetic
يا جماعه الخير ما تروحون...,عامة,متوسطة,synthetic
اخر زياره لي للمطعم وما اعود!!!,عامة,متوسطة,synthetic
المطعم ما عاد كما كان ،,عامة,متوسطة,synthetic
بعد كم زياره قررت ما اعود!!!,عامة,متوسطة,synthetic
اخر زياره لي للمطعم وما اعود...,عامة,متوسطة,synthetic
تركت المطعم خلاص لين يحسنون ،,عامة,متوسطة,synthetic
يا اخي هذا المقهى ما اقنعني لان السعر ما يتناسب مع الخدمه,عامة,متوسطة,synthetic
تخيل value مو مناسب,عامة,متوسطة,synthetic
صراحه الادراه ما تهتم بالعميل ابدا,عامة,متوسطة,synthetic
تجربه دون المستوى الفرع هذا ابحثوا عن مكان افضل,عامة,متوسطة,synthetic
والله ما يستحق الزياره...,عامة,متوسطة,synthetic
والله ابحثوا عن مكان غيره,عامة,متوسطة,synthetic
تجربه عاديه جدا الافضل الذهاب لمكان ثاني ،,عامة,متوسطة,synthetic
المطعم نزل مستواه كثير.,عامة,متوسطة,synthetic
كل شي فيه سيء...,عامة,متوسطة,synthetic
شوفوا تجربه دون المستوى كل شي كان متوسط لان الجوده متدنيه عموما ،,عامة,متوسطة,synthetic
المطعم ما عاد كما كان.,عامة,متوسطة,synthetic
الصراحه اول مره تجربه ولا اخر مره,عامة,متوسطة,synthetic
السمعه افضل من الواقع تجربه محبطه وما اعود حتى لو دفعوا لي.,عامة,متوسطة,synthetic
المطعم ما عاد كما كان...,عامة,متوسطة,synthetic
experience مخيبه للامل!!!,عامة,متوسطة,synthetic
المطعم ما عاد كما كان!!!,عامة,متوسطة,synthetic
صراحه ما انصح به,عامة,متوسطة,synthetic
الصراحه الصراحه ما يستاهل,عامة,متوسطة,synthetic
بعد عده زيارات تجربه عاديه جدا ما اعود حتى لو دفعوا لي,عامة,متوسطة,synthetic
توقعاتي كانت اعلى هذا الفرع لعدم اهتمامهم بالعميل,عامة,متوسطة,synthetic
توقعاتي كانت اعلى هذا المطعم لانهم تغيروا للاسوا...,عامة,متوسطة,synthetic
المطعم overall سيء!!!,عامة,متوسطة,synthetic
تجربه ما تستاهل مع هذي السلسله بسبب تراجع المستوى,عامة,متوسطة,synthetic
غير راضي عن الزياره كل شي كان متوسط لعدم اهتمامهم بالعميل,عامة,متوسطة,synthetic
تعبني المطعم...,عامة,متوسطة,synthetic
قسما ابحثوا عن مكان غيره.,عامة,متوسطة,synthetic
والله اول مره تجربه ولا اخر مره,عامة,متوسطة,synthetic
اقسم بالله المطعم نزل مستواه كثير,عامة,متوسطة,synthetic
صراحه المطعم overall سيء ،,عامة,متوسطة,synthetic
تجربه باهته مع المحل لعدم اهتمامهم بالعميل ،,عامة,متوسطة,synthetic
زياره فاشله هذا المطعم ابحثوا عن مكان افضل.,عامة,متوسطة,synthetic
صراحه بعد كم زياره قررت ما اعود,عامة,متوسطة,synthetic
الصراحه تركت المطعم خلاص لين يحسنون,عامة,متوسطة,synthetic
بعد عده زيارات زياره مخيبه خياراتكم خارجه افضل بكثير,عامة,متوسطة,synthetic
المطعم ما اقنعني لانهم ما يحترمون وقت الزبون,عامة,متوسطة,synthetic
بصراحه تجربه فاشله,عامة,متوسطة,synthetic
يا اخي ما يستاهل.,عامة,متوسطة,synthetic
يا اخي المطعم ولا الاوسط,عامة,متوسطة,synthetic
هذه السلسله لان الجوده متدنيه عموما وما اعود حتى لو دفعوا لي ،,عامة,متوسطة,synthetic
خيبه امل هذه السلسله لا انصح به,عامة,متوسطة,synthetic
صراحه تجربه ضعيفه كل شي كان متوسط لان الجوده متدنيه عموما,عامة,متوسطة,synthetic
اقسم بالله اول مره تجربه ولا اخر مره,عامة,متوسطة,synthetic
يا اخي بصراحه تجربه ما اعود لها,عامة,متوسطة,synthetic
غير راضي عن الزياره كل شي كان متوسط لانهم ما يحترمون وقت الزبون,عامة,متوسطة,synthetic
شوفوا يا جماعه ما يستاهل.,عامة,متوسطة,synthetic
الصراحه ما يستاهل.,عامة,متوسطة,synthetic
تجربه ما تستاهل مع هذا الفرع لان الاداره غير محترفه,عامة,متوسطة,synthetic
يا اخي تجربه باهته ما تتذكر.,عامة,متوسطة,synthetic
تجربه باهته مع هذي السلسله لان الاداره غير محترفه ،,عامة,متوسطة,synthetic
عادي جدا ما فيه شي مميز.,عامة,متوسطة,synthetic
الادراه ما تهتم بالعميل ابدا!!!,عامة,متوسطة,synthetic
للاسف يا اخي تجربه فاشله ما تستاهل,عامة,متوسطة,synthetic
تجربه فاشله...,عامة,متوسطة,synthetic
تراجع كبير في الجوده والخدمه...,عامة,متوسطة,synthetic
تجربه باهته ما تتذكر.,عامة,متوسطة,synthetic
ما يستاهل الزياره هذا المقهى لانهم تغيروا للاسوا!!!,عامة,متوسطة,synthetic
value مو مناسب!!!,عامة,متوسطة,synthetic
يا جماعه المطعم نزل مستواه كثير...,عامة,متوسطة,synthetic
يا اخي السمعه افضل من الواقع تجربه دون المستوى ولن اكرر التجربه.,عامة,متوسطة,synthetic
يا جماعه الخير ما تروحون!!!,عامة,متوسطة,synthetic
يا جماعه بشكل عام تجربه احباط مع هذا المقهى الافضل الذهاب لمكان ثاني,عامة,متوسطة,synthetic
اقسم بالله ما اعود!!!,عامة,متوسطة,synthetic
تجربه سيئه!!!,عامة,متوسطة,synthetic
توقعاتي كانت اعلى هذا النوع من المطاعم بسبب اللامبالاه,عامة,متوسطة,synthetic
السمعه افضل من الواقع تجربه دون المستوى وما عجبني ابدا...,عامة,متوسطة,synthetic
هذا الفرع ما اقنعني لان الجوده متدنيه عموما,عامة,متوسطة,synthetic
ما اعجبتني التجربه كل شي كان متوسط لان الجوده متدنيه عموما,عامة,متوسطة,synthetic
يا جماعه للاسف,عامة,متوسطة,synthetic
السمعه افضل من الواقع زياره مخيبه والافضل الذهاب لمكان ثاني,عامة,متوسطة,synthetic
قسما تجربه احباط لن اكرر التجربه,عامة,متوسطة,synthetic
والله الادراه ما تهتم بالعميل ابدا,عامة,متوسطة,synthetic
بشكل عام تجربه دون المستوى مع هذا المقهى لن اعود مره ثانيه,عامة,متوسطة,synthetic
يا جماعه كانت بدايته قويه لكن انحدر مستواه,عامة,متوسطة,synthetic
عادي جدا ما فيه شي مميز!!!,عامة,متوسطة,synthetic
للاسف بعد كم زياره قررت ما اعود.,عامة,متوسطة,synthetic
توقعاتي كانت اعلى الفرع هذا بسبب تراجع المستوى,عامة,متوسطة,synthetic
هذه السلسله ما اقنعني لعدم اهتمامهم بالعميل,عامة,متوسطة,synthetic
ما يستاهل...,عامة,متوسطة,synthetic
بصراحه تركت المطعم خلاص لين يحسنون,عامة,متوسطة,synthetic
كل ما زرت المطعم اخرج محبط...,عامة,متوسطة,synthetic
يا جماعه والله ما يستحق الزياره,عامة,متوسطة,synthetic
تخيل تجربه باهته هذي السلسله خياراتكم خارجه افضل بكثير,عامة,متوسطة,synthetic
ما اعجبتني التجربه ما اعود حتى لو دفعوا لي!!!,عامة,متوسطة,synthetic
السمعه افضل من الواقع زياره مخيبه ولن اكرر التجربه.,عامة,متوسطة,synthetic
خلاص شطبت المطعم من قائمتي...,عامة,متوسطة,synthetic
كانت بدايته قويه لكن انحدر مستواه!!!,عامة,متوسطة,synthetic
اقسم بالله للاسف,عامة,متوسطة,synthetic
السمعه افضل من الواقع تجربه دون المستوى والافضل الذهاب لمكان ثاني,عامة,متوسطة,synthetic
خلاص شطبت المطعم من قائمتي!!!,عامة,متوسطة,synthetic
الصراحه المكان ما اقنعني لان المستوى ما يستاهل,عامة,متوسطة,synthetic
تجربه احباط هذا الفرع خياراتكم خارجه افضل بكثير,عامة,متوسطة,synthetic
ما انصح به...,عامة,متوسطة,synthetic
للاسف تجربه فاشله,عامة,متوسطة,synthetic
المطعم بشكل عام بسبب تراجع المستوى وتجربتي كانت اقل من المتوقع,عامة,متوسطة,synthetic
توقعاتي كانت اعلى الفرع هذا لان المستوى ما يستاهل.,عامة,متوسطة,synthetic
كل ما زرت المطعم اخرج محبط ،,عامة,متوسطة,synthetic
بشكل عام زياره مخيبه مع المطعم بشكل عام لا انصح به,عامة,متوسطة,synthetic
هذا الفرع ما اقنعني لعدم اهتمامهم بالعميل,عامة,متوسطة,synthetic
هذا النوع من المطاعم بسبب اللامبالاه والافضل الذهاب لمكان ثاني,عامة,متوسطة,synthetic
تخيل ما عجبني شي بصراحه,عامة,متوسطة,synthetic
بعد عده زيارات تجربه باهته الافضل الذهاب لمكان ثاني,عامة,متوسطة,synthetic
تجربه ضعيفه كل شي كان متوسط لانهم ما يحترمون وقت الزبون,عامة,متوسطة,synthetic
السمعه افضل من الواقع تجربه محبطه وما اعود حتى لو دفعوا لي,عامة,متوسطة,synthetic
قسما كانت بدايته قويه لكن انحدر مستواه,عامة,متوسطة,synthetic
تخيل شوفوا يا جماعه ما يستاهل,عامة,متوسطة,synthetic
لن اعود مره ثانيه هذي السلسله بسبب سوء التنظيم العام,عامة,متوسطة,synthetic
تراجع كبير في الجوده والخدمه!!!,عامة,متوسطة,synthetic
تراجع كبير في الجوده والخدمه.,عامة,متوسطة,synthetic
تخيل للاسف,عامة,متوسطة,synthetic
والله بعد عده زيارات تجربه ضعيفه لن اعود مره ثانيه,عامة,متوسطة,synthetic
تجربه دون المستوى مع هذه السلسله بسبب سوء التنظيم العام,عامة,متوسطة,synthetic
بشكل عام تجربه سيئه مع هذه السلسله لن اكرر التجربه.,عامة,متوسطة,synthetic
الادراه ما تهتم بالعميل ابدا.,عامة,متوسطة,synthetic
الصراحه بعد عده زيارات تجربه احباط تجربتي كانت اقل من المتوقع!!!,عامة,متوسطة,synthetic
الصراحه يا اخي تجربه فاشله ما تستاهل,عامة,متوسطة,synthetic
السمعه افضل من الواقع زياره فاشله والافضل الذهاب لمكان ثاني,عامة,متوسطة,synthetic
توقعاتي كانت اعلى هذا المطعم بسبب تراجع المستوى,عامة,متوسطة,synthetic
تجربه محبطه مع هذه السلسله لانهم ما يحترمون وقت الزبون,عامة,متوسطة,synthetic
خياراتكم خارجه افضل بكثير هذا المطعم لانهم ما يحترمون وقت الزبون,عامة,متوسطة,synthetic
هذا النوع من المطاعم ما اقنعني لانهم ما يحترمون وقت الزبون,عامة,متوسطة,synthetic
هذا النوع من المطاعم لان السعر ما يتناسب مع الخدمه وما يستاهل الزياره,عامة,متوسطة,synthetic
ابحثوا عن مكان افضل هذه السلسله لاسباب كثيره,عامة,متوسطة,synthetic
هذا المطعم ما اقنعني لانهم تغيروا للاسوا.,عامة,متوسطة,synthetic
غير راضي عن الزياره مع هذا المقهى لانهم تغيروا للاسوا,عامة,متوسطة,synthetic
توقعاتي كانت اعلى هذا الفرع لانهم تغيروا للاسوا,عامة,متوسطة,synthetic
يا جماعه تعبني المطعم,عامة,متوسطة,synthetic
تخيل يا اخي تجربه فاشله ما تستاهل,عامة,متوسطة,synthetic
ما توقعت يكون بهذا المستوى.,عامة,متوسطة,synthetic
خياراتكم خارجه افضل بكثير المحل لاسباب كثيره,عامة,متوسطة,synthetic
المطعم overall سيء...,عامة,متوسطة,synthetic
تجربه ضعيفه مع المكان لانهم ما يحترمون وقت الزبون,عامة,متوسطة,synthetic
خيبه امل هذا الفرع الافضل الذهاب لمكان ثاني,عامة,متوسطة,synthetic
للاسف يا اخي تجربه فاشله ما تستاهل.,عامة,متوسطة,synthetic
يا اخي تجربه باهته ما تتذكر,عامة,متوسطة,synthetic
المكان ما اقنعني لان الاداره غير محترفه,عامة,متوسطة,synthetic
بعد عده زيارات تجربه باهته الافضل الذهاب لمكان ثاني...,عامة,متوسطة,synthetic
يا اخي كل ما زرت المطعم اخرج محبط,عامة,متوسطة,synthetic
ابحثوا عن مكان افضل هذا المطعم لعدم اهتمامهم بالعميل,عامة,متوسطة,synthetic
يا جماعه والله ما يستحق الزياره.,عامة,متوسطة,synthetic
للاسف ما عجبني ابدا المحل لان الاداره غير محترفه,عامة,متوسطة,synthetic
بشكل عام خيبه امل مع هذا الفرع ما اعود حتى لو دفعوا لي,عامة,متوسطة,synthetic
تجربه دون المستوى المطعم بشكل عام لن اعود مره ثانيه,عامة,متوسطة,synthetic
غير راضي عن الزياره ابحثوا عن مكان افضل.,عامة,متوسطة,synthetic
بصراحه value مو مناسب,عامة,متوسطة,synthetic
اقسم بالله يا جماعه الخير ما تروحون.,عامة,متوسطة,synthetic
تجربه سيئه مع المحل بسبب اللامبالاه,عامة,متوسطة,synthetic
يا اخي السمعه افضل من الواقع تجربه عاديه جدا ولن اكرر التجربه,عامة,متوسطة,synthetic
يا اخي خلاص شطبت المطعم من قائمتي,عامة,متوسطة,synthetic
توقعاتي كانت اعلى هذه السلسله لان الاداره غير محترفه.,عامة,متوسطة,synthetic
بصراحه تعبني المطعم,عامة,متوسطة,synthetic
المطعم overall سيء ،,عامة,متوسطة,synthetic
والله للاسف خيبه امل كبيره,عامة,متوسطة,synthetic
محبط!!!,عامة,متوسطة,synthetic
تجربه احباط كل شي كان متوسط لعدم اهتمامهم بالعميل,عامة,متوسطة,synthetic
زياره مخيبه مع هذا الفرع بسبب تراجع المستوى,عامة,متوسطة,synthetic
محبط...,عامة,متوسطة,synthetic
بصراحه experience مخيبه للامل,عامة,متوسطة,synthetic
يا اخي للاسف خيبه امل كبيره,عامة,متوسطة,synthetic
يا جماعه السمعه افضل من الواقع زياره فاشله وما يستاهل الزياره.,عامة,متوسطة,synthetic
اقسم بالله بعد عده زيارات تجربه احباط ما عجبني ابدا,عامة,متوسطة,synthetic
السمعه افضل من الواقع زياره مخيبه ولا انصح به,عامة,متوسطة,synthetic
خياراتكم خارجه افضل بكثير هذا الفرع لاسباب كثيره,عامة,متوسطة,synthetic
هذه السلسله لانهم ما يحترمون وقت الزبون وما يستاهل الزياره,عامة,متوسطة,synthetic
للاسف تجربتي كانت اقل من المتوقع هذا المطعم لانهم ما يحترمون وقت الزبون,عامة,متوسطة,synthetic
تجربه ضعيفه هذه السلسله لا انصح به.,عامة,متوسطة,synthetic
بعد عده زيارات زياره مخيبه خياراتكم خارجه افضل بكثير!!!,عامة,متوسطة,synthetic
اقسم بالله المحل لانهم ما يحترمون وقت الزبون ولن اكرر التجربه,عامة,متوسطة,synthetic
تجربه احباط ما يستاهل الزياره!!!,عامة,متوسطة,synthetic
صراحه كانت بدايته قويه لكن انحدر مستواه,عامة,متوسطة,synthetic
هذه السلسله لان المستوى ما يستاهل وابحثوا عن مكان افضل ،,عامة,متوسطة,synthetic
بصراحه ما اعود,عامة,متوسطة,synthetic
تخيل هذا المطعم ما اقنعني لان الاداره غير محترفه!!!,عامة,متوسطة,synthetic
كانت بدايته قويه لكن انحدر مستواه ،,عامة,متوسطة,synthetic
والله تجربه سيئه,عامة,متوسطة,synthetic
تجربه محبطه المكان لن اكرر التجربه,عامة,متوسطة,synthetic
بشكل عام زياره مخيبه مع المطعم لن اعود مره ثانيه,عامة,متوسطة,synthetic
ما اعود حتى لو دفعوا لي المحل لانهم تغيروا للاسوا,عامة,متوسطة,synthetic
ابحثوا عن مكان افضل هذي السلسله لعدم اهتمامهم بالعميل,عامة,متوسطة,synthetic
تجربه محبطه مع هذا المطعم بسبب تراجع المستوى,عامة,متوسطة,synthetic
بعد عده زيارات تجربه سيئه تجربتي كانت اقل من المتوقع,عامة,متوسطة,synthetic
يا جماعه المحل لان الاداره غير محترفه وما عجبني ابدا,عامة,متوسطة,synthetic
تخيل كل شي فيه سيء,عامة,متوسطة,synthetic
تجربه باهته هذا المطعم الافضل الذهاب لمكان ثاني.,عامة,متوسطة,synthetic
بشكل عام زياره فاشله مع هذه السلسله ما اعود حتى لو دفعوا لي.,عامة,متوسطة,synthetic
experience مخيبه للامل...,عامة,متوسطة,synthetic
بشكل عام تجربه عاديه جدا مع هذا النوع من المطاعم لن اكرر التجربه,عامة,متوسطة,synthetic
تجربه سيئه مع هذا الفرع لان الجوده متدنيه عموما,عامة,متوسطة,synthetic
تجربتي كانت اقل من المتوقع هذه السلسله بسبب تراجع المستوى,عامة,متوسطة,synthetic
قسما ما عجبني شي بصراحه,عامة,متوسطة,synthetic
المحل ما اقنعني لان المستوى ما يستاهل,عامة,متوسطة,synthetic
تجربه احباط المطعم خياراتكم خارجه افضل بكثير.,عامة,متوسطة,synthetic
بشكل عام خيبه امل مع المطعم بشكل عام لن اعود مره ثانيه,عامة,متوسطة,synthetic
بصراحه بعد كم زياره قررت ما اعود,عامة,متوسطة,synthetic
تركت المطعم خلاص لين يحسنون...,عامة,متوسطة,synthetic
قسما اخر زياره لي للمطعم وما اعود,عامة,متوسطة,synthetic
السمعه افضل من الواقع تجربه احباط وما عجبني ابدا!!!,عامة,متوسطة,synthetic
السمعه افضل من الواقع تجربه ما تستاهل وما اعود حتى لو دفعوا لي,عامة,متوسطة,synthetic
تجربه ما تستاهل كل شي كان متوسط لان الاداره غير محترفه,عامة,متوسطة,synthetic
بشكل عام خيبه امل مع هذا المقهى ما عجبني ابدا!!!,عامة,متوسطة,synthetic
يا اخي ما توقعت يكون بهذا المستوى,عامة,متوسطة,synthetic
السمعه افضل من الواقع تجربه ما تستاهل وابحثوا عن مكان افضل,عامة,متوسطة,synthetic
خياراتكم خارجه افضل بكثير هذا النوع من المطاعم لاسباب كثيره,عامة,متوسطة,synthetic
المطعم نزل مستواه كثير!!!,عامة,متوسطة,synthetic
شوفوا كل شي فيه سيء ،,عامة,متوسطة,synthetic
اقسم بالله المطعم ولا الاوسط ،,عامة,متوسطة,synthetic
تجربه عاديه جدا مع هذا النوع من المطاعم بسبب سوء التنظيم العام,عامة,متوسطة,synthetic
بشكل عام تجربه سيئه مع هذا المطعم الافضل الذهاب لمكان ثاني,عامة,متوسطة,synthetic
تعبني المطعم ،,عامة,متوسطة,synthetic
توقعاتي كانت اعلى المطعم بشكل عام لان المستوى ما يستاهل,عامة,متوسطة,synthetic
يا جماعه اخر زياره لي للمطعم وما اعود,عامة,متوسطة,synthetic
خيبه امل مع المكان لاسباب كثيره,عامة,متوسطة,synthetic
تجربه باهته كل شي كان متوسط بسبب تراجع المستوى...,عامة,متوسطة,synthetic
تخيل experience مخيبه للامل.,عامة,متوسطة,synthetic
صراحه المحل لعدم اهتمامهم بالعميل وابحثوا عن مكان افضل,عامة,متوسطة,synthetic
هذا الفرع لانهم تغيروا للاسوا ولن اكرر التجربه!!!,عامة,متوسطة,synthetic
هذا المطعم بسبب اللامبالاه وابحثوا عن مكان افضل!!!,عامة,متوسطة,synthetic
تجربه فاشله ،,عامة,متوسطة,synthetic
كل شي عادي تجربه عاديه.,عامة,متوسطة,synthetic
ما اعود حتى لو دفعوا لي.,عامة,متوسطة,synthetic
المطعم بسبب تراجع المستوى وابحثوا عن مكان افضل,عامة,متوسطة,synthetic
هذا الفرع ما اقنعني لان الاداره غير محترفه,عامة,متوسطة,synthetic
تجربه احباط مع المطعم بشكل عام لعدم اهتمامهم بالعميل ،,عامة,متوسطة,synthetic
توقعاتي كانت اعلى هذا النوع من المطاعم لانهم تغيروا للاسوا...,عامة,متوسطة,synthetic
والله تجربه ضعيفه لن اعود مره ثانيه,عامة,متوسطة,synthetic
الافضل الذهاب لمكان ثاني هذا المقهى لانهم تغيروا للاسوا.,عامة,متوسطة,synthetic
المكان لان المستوى ما يستاهل وتجربتي كانت اقل من المتوقع,عامة,متوسطة,synthetic
المحل ما اقنعني بسبب تراجع المستوى,عامة,متوسطة,synthetic
ما يستاهل ،,عامة,متوسطة,synthetic
بعد عده زيارات تجربه عاديه جدا لا انصح به,عامة,متوسطة,synthetic
المحل لانهم تغيروا للاسوا ولا انصح به,عامة,متوسطة,synthetic
توقعاتي كانت اعلى المطعم لان السعر ما يتناسب مع الخدمه,عامة,متوسطة,synthetic
للاسف شوفوا يا جماعه ما يستاهل,عامة,متوسطة,synthetic
تجربه ما تستاهل كل شي كان متوسط لان الجوده متدنيه عموما.,عامة,متوسطة,synthetic
والله شوفوا يا جماعه ما يستاهل!!!,عامة,متوسطة,synthetic
يا اخي المطعم ما عاد كما كان,عامة,متوسطة,synthetic
توقعاتي كانت اعلى هذي السلسله لان السعر ما يتناسب مع الخدمه,عامة,متوسطة,synthetic
ما انصح به!!!,عامة,متوسطة,synthetic
والله تعبني المطعم,عامة,متوسطة,synthetic
السمعه افضل من الواقع غير راضي عن الزياره وتجربتي كانت اقل من المتوقع,عامة,متوسطة,synthetic
ما يستاهل الزياره الفرع هذا لعدم اهتمامهم بالعميل,عامة,متوسطة,synthetic
هذي السلسله لان المستوى ما يستاهل ولن اعود مره ثانيه,عامة,متوسطة,synthetic
غير راضي عن الزياره هذي السلسله لا انصح به!!!,عامة,متوسطة,synthetic
شوفوا عادي جدا ما فيه شي مميز,عامة,متوسطة,synthetic
بشكل عام ما اعجبتني التجربه مع الفرع هذا ما اعود حتى لو دفعوا لي.,عامة,متوسطة,synthetic
شوفوا بشكل عام غير راضي عن الزياره مع هذه السلسله خياراتكم خارجه افضل بكثير,عامة,متوسطة,synthetic
بشكل عام تجربه احباط مع هذا النوع من المطاعم لا انصح به,عامة,متوسطة,synthetic
بعد عده زيارات تجربه دون المستوى لن اكرر التجربه,عامة,متوسطة,synthetic
السمعه افضل من الواقع تجربه دون المستوى والافضل الذهاب لمكان ثاني.,عامة,متوسطة,synthetic
صراحه كل شي فيه سيء,عامة,متوسطة,synthetic
يا جماعه ما عجبني شي بصراحه.,عامة,متوسطة,synthetic
شوفوا السمعه افضل من الواقع ما اعجبتني التجربه وما يستاهل الزياره,عامة,متوسطة,synthetic
هذا النوع من المطاعم لاسباب كثيره والافضل الذهاب لمكان ثاني,عامة,متوسطة,synthetic
خيبه امل ،,عامة,متوسطة,synthetic
والله ما يستحق الزياره ،,عامة,متوسطة,synthetic
تجربه سيئه...,عامة,متوسطة,synthetic
ما عجبني شي بصراحه ،,عامة,متوسطة,synthetic
الصراحه الصراحه ما يستاهل.,عامة,متوسطة,synthetic
هذا النوع من المطاعم لان الاداره غير محترفه وتجربتي كانت اقل من المتوقع,عامة,متوسطة,synthetic
شوفوا خياراتكم خارجه افضل بكثير هذا المطعم لعدم اهتمامهم بالعميل.,عامة,متوسطة,synthetic
تخيل ما اعود حتى لو دفعوا لي,عامة,متوسطة,synthetic
يا اخي محبط.,عامة,متوسطة,synthetic
هذا النوع من المطاعم ما اقنعني لعدم اهتمامهم بالعميل,عامة,متوسطة,synthetic
يا جماعه السمعه افضل من الواقع زياره مخيبه ولن اعود مره ثانيه.,عامة,متوسطة,synthetic
توقعاتي كانت اعلى هذه السلسله لعدم اهتمامهم بالعميل.,عامة,متوسطة,synthetic
تجربه باهته هذه السلسله الافضل الذهاب لمكان ثاني,عامة,متوسطة,synthetic
شوفوا تراجع كبير في الجوده والخدمه,عامة,متوسطة,synthetic
تجربه فاشله!!!,عامة,متوسطة,synthetic
قسما بشكل عام خيبه امل مع المطعم بشكل عام ما اعود حتى لو دفعوا لي,عامة,متوسطة,synthetic
والله value مو مناسب,عامة,متوسطة,synthetic
والله تركت المطعم خلاص لين يحسنون,عامة,متوسطة,synthetic
صراحه تجربه محبطه مع هذه السلسله لان الجوده متدنيه عموما!!!,عامة,متوسطة,synthetic
صراحه بشكل عام تجربه ضعيفه مع هذا الفرع ابحثوا عن مكان افضل,عامة,متوسطة,synthetic
بصراحه كل ما زرت المطعم اخرج محبط.,عامة,متوسطة,synthetic
اقسم بالله ما اعود حتى لو دفعوا لي,عامة,متوسطة,synthetic
صراحه خيبه امل,عامة,متوسطة,synthetic
توقعاتي كانت اعلى هذا النوع من المطاعم لانهم ما يحترمون وقت الزبون,عامة,متوسطة,synthetic
غير راضي عن الزياره هذه السلسله خياراتكم خارجه افضل بكثير,عامة,متوسطة,synthetic
زياره مخيبه الفرع هذا ما عجبني ابدا,عامة,متوسطة,synthetic
تخيل تعبني المطعم...,عامة,متوسطة,synthetic
توقعاتي كانت اعلى هذا المطعم بسبب اللامبالاه.,عامة,متوسطة,synthetic
بصراحه هذا الفرع لان الجوده متدنيه عموما وما عجبني ابدا!!!,عامة,متوسطة,synthetic
بشكل عام خيبه امل مع هذي السلسله الافضل الذهاب لمكان ثاني,عامة,متوسطة,synthetic
بشكل عام غير راضي عن الزياره مع الفرع هذا ما اعود حتى لو دفعوا لي,عامة,متوسطة,synthetic
هذي السلسله ما اقنعني لانهم ما يحترمون وقت الزبون ،,عامة,متوسطة,synthetic
تجربه ما تستاهل ابحثوا عن مكان افضل,عامة,متوسطة,synthetic
هذا النوع من المطاعم لان الاداره غير محترفه وتجربتي كانت اقل من المتوقع.,عامة,متوسطة,synthetic
توقعاتي كانت اعلى هذا المقهى بسبب سوء التنظيم العام,عامة,متوسطة,synthetic
السمعه افضل من الواقع تجربه ضعيفه ولا انصح به,عامة,متوسطة,synthetic
زياره مخيبه كل شي كان متوسط بسبب اللامبالاه.,عامة,متوسطة,synthetic
صراحه زياره مخيبه كل شي كان متوسط لان السعر ما يتناسب مع الخدمه!!!,عامة,متوسطة,synthetic
هذا الفرع بسبب اللامبالاه وما يستاهل الزياره.,عامة,متوسطة,synthetic
تجربه باهته ما تتذكر ،,عامة,متوسطة,synthetic
لا انصح به المطعم لانهم تغيروا للاسوا,عامة,متوسطة,synthetic
هذا المقهى ما اقنعني لان الاداره غير محترفه,عامة,متوسطة,synthetic
للاسف خيبه امل كبيره ،,عامة,متوسطة,synthetic
هذا المقهى بسبب سوء التنظيم العام وتجربتي كانت اقل من المتوقع,عامة,متوسطة,synthetic
خيبه امل هذا المطعم لا انصح به,عامة,متوسطة,synthetic
زياره مخيبه كل شي كان متوسط بسبب تراجع المستوى,عامة,متوسطة,synthetic
بعد عده زيارات تجربه سيئه لن اعود مره ثانيه,عامة,متوسطة,synthetic
توقعاتي كانت اعلى هذا المقهى لعدم اهتمامهم بالعميل,عامة,متوسطة,synthetic
والله ما اعجبتني التجربه مع هذا المطعم بسبب تراجع المستوى,عامة,متوسطة,synthetic
للاسف ،,عامة,متوسطة,synthetic
المحل بسبب اللامبالاه والافضل الذهاب لمكان ثاني,عامة,متوسطة,synthetic
والله اخر زياره لي للمطعم وما اعود,عامة,متوسطة,synthetic
للاسف السمعه افضل من الواقع تجربه محبطه وابحثوا عن مكان افضل,عامة,متوسطة,synthetic
تجربه عاديه جدا كل شي كان متوسط لعدم اهتمامهم بالعميل,عامة,متوسطة,synthetic
السمعه افضل من الواقع غير راضي عن الزياره ولا انصح به,عامة,متوسطة,synthetic
ما اعجبتني التجربه الفرع هذا لن اكرر التجربه,عامة,متوسطة,synthetic
ما اعود ،,عامة,متوسطة,synthetic
اقسم بالله توقعاتي كانت اعلى هذا الفرع بسبب سوء التنظيم العام,عامة,متوسطة,synthetic
يا جماعه value مو مناسب,عامة,متوسطة,synthetic
توقعاتي كانت اعلى المطعم لاسباب كثيره,عامة,متوسطة,synthetic
تخيل توقعاتي كانت اعلى هذا الفرع لان السعر ما يتناسب مع الخدمه,عامة,متوسطة,synthetic
شوفوا بعد عده زيارات تجربه احباط تجربتي كانت اقل من المتوقع...,عامة,متوسطة,synthetic
بشكل عام تجربه احباط مع هذا المقهى لن اكرر التجربه!!!,عامة,متوسطة,synthetic
المكان بسبب تراجع المستوى ولا انصح به,عامة,متوسطة,synthetic
اقسم بالله تركت المطعم خلاص لين يحسنون,عامة,متوسطة,synthetic
قسما تجربه باهته ما تتذكر.,عامة,متوسطة,synthetic
المكان ما اقنعني لان الجوده متدنيه عموما,عامة,متوسطة,synthetic
قسما توقعاتي كانت اعلى الفرع هذا لاسباب كثيره,عامة,متوسطة,synthetic
للاسف المطعم نزل مستواه كثير,عامة,متوسطة,synthetic
للاسف تجربه باهته هذا النوع من المطاعم لن اكرر التجربه,عامة,متوسطة,synthetic
الصراحه value مو مناسب,عامة,متوسطة,synthetic
قسما بشكل عام تجربه سيئه مع هذه السلسله تجربتي كانت اقل من المتوقع,عامة,متوسطة,synthetic
شوفوا اول مره تجربه ولا اخر مره,عامة,متوسطة,synthetic
ما اعجبتني التجربه كل شي كان متوسط بسبب سوء التنظيم العام,عامة,متوسطة,synthetic
تجربه محبطه لن اكرر التجربه,عامة,متوسطة,synthetic
يا جماعه المطعم نزل مستواه كثير,عامة,متوسطة,synthetic
صراحه يا جماعه الخير ما تروحون,عامة,متوسطة,synthetic
يا جماعه المطعم ولا الاوسط,عامة,متوسطة,synthetic
تجربه عاديه جدا ابحثوا عن مكان افضل,عامة,متوسطة,synthetic
ما اعود حتى لو دفعوا لي...,عامة,متوسطة,synthetic
السمعه افضل من الواقع زياره فاشله والافضل الذهاب لمكان ثاني.,عامة,متوسطة,synthetic
الصراحه يا جماعه الخير ما تروحون,عامة,متوسطة,synthetic
غير راضي عن الزياره ما يستاهل الزياره,عامة,متوسطة,synthetic
السمعه افضل من الواقع غير راضي عن الزياره وما اعود حتى لو دفعوا لي,عامة,متوسطة,synthetic
الصراحه تجربه باهته لا انصح به,عامة,متوسطة,synthetic
للاسف بصراحه تجربه ما اعود لها,عامة,متوسطة,synthetic
بعد عده زيارات تجربه ضعيفه ابحثوا عن مكان افضل,عامة,متوسطة,synthetic
الصراحه هذي السلسله لانهم تغيروا للاسوا وما اعود حتى لو دفعوا لي...,عامة,متوسطة,synthetic
هذا الفرع بسبب تراجع المستوى ولن اعود مره ثانيه,عامة,متوسطة,synthetic
زياره فاشله كل شي كان متوسط لعدم اهتمامهم بالعميل,عامة,متوسطة,synthetic
الفرع هذا ما اقنعني لانهم تغيروا للاسوا,عامة,متوسطة,synthetic
ما يستاهل الزياره هذا المطعم لانهم ما يحترمون وقت الزبون...,عامة,متوسطة,synthetic
المطعم بشكل عام ما اقنعني بسبب اللامبالاه.,عامة,متوسطة,synthetic
اقسم بالله value مو مناسب.,عامة,متوسطة,synthetic
المطعم ولا الاوسط!!!,عامة,متوسطة,synthetic
قسما المطعم ولا الاوسط,عامة,متوسطة,synthetic
ما اعجبتني التجربه ابحثوا عن مكان افضل,عامة,متوسطة,synthetic
اقسم بالله بشكل عام زياره مخيبه مع المطعم بشكل عام لا انصح به,عامة,متوسطة,synthetic
ما اعجبتني التجربه كل شي كان متوسط بسبب اللامبالاه.,عامة,متوسطة,synthetic
غير راضي عن الزياره مع هذي السلسله لعدم اهتمامهم بالعميل ،,عامة,متوسطة,synthetic
زياره مخيبه مع هذا النوع من المطاعم لان السعر ما يتناسب مع الخدمه,عامة,متوسطة,synthetic
الصراحه تجربه عاديه جدا كل شي كان متوسط لعدم اهتمامهم بالعميل,عامة,متوسطة,synthetic
توقعاتي كانت اعلى المطعم بشكل عام بسبب اللامبالاه,عامة,متوسطة,synthetic
تخيل عادي جدا ما فيه شي مميز...,عامة,متوسطة,synthetic
شوفوا بعد عده زيارات ما اعجبتني التجربه ابحثوا عن مكان افضل,عامة,متوسطة,synthetic
يا جماعه للاسف خيبه امل كبيره,عامة,متوسطة,synthetic
محبط ،,عامة,متوسطة,synthetic
تجربتي كانت اقل من المتوقع المطعم لان المستوى ما يستاهل,عامة,متوسطة,synthetic
بشكل عام ما اعجبتني التجربه مع هذا الفرع خياراتكم خارجه افضل بكثير,عامة,متوسطة,synthetic
هذي السلسله ما اقنعني لان المستوى ما يستاهل,عامة,متوسطة,synthetic
السمعه افضل من الواقع تجربه سيئه ولن اعود مره ثانيه,عامة,متوسطة,synthetic
بشكل عام تجربه باهته مع هذا المقهى لن اعود مره ثانيه,عامة,متوسطة,synthetic
بشكل عام ما اعجبتني التجربه مع هذي السلسله ما اعود حتى لو دفعوا لي,عامة,متوسطة,synthetic
يا جماعه محبط,عامة,متوسطة,synthetic
لا انصح به هذي السلسله لان المستوى ما يستاهل.,عامة,متوسطة,synthetic
تجربه سيئه هذا الفرع ابحثوا عن مكان افضل,عامة,متوسطة,synthetic
خيبه امل كل شي كان متوسط لاسباب كثيره,عامة,متوسطة,synthetic
تجربه احباط ما عجبني ابدا,عامة,متوسطة,synthetic
تجربه ما تستاهل لا انصح به,عامة,متوسطة,synthetic
الافضل الذهاب لمكان ثاني هذا المطعم لعدم اهتمامهم بالعميل,عامة,متوسطة,synthetic
يا جماعه كل شي فيه سيء,عامة,متوسطة,synthetic
تخيل كانت بدايته قويه لكن انحدر مستواه,عامة,متوسطة,synthetic
غير راضي عن الزياره مع هذا المقهى لانهم ما يحترمون وقت الزبون...,عامة,متوسطة,synthetic
بعد عده زيارات تجربه سيئه تجربتي كانت اقل من المتوقع ،,عامة,متوسطة,synthetic
زياره فاشله مع الفرع هذا لاسباب كثيره.,عامة,متوسطة,synthetic
بشكل عام تجربه دون المستوى مع هذا النوع من المطاعم تجربتي كانت اقل من المتوقع,عامة,متوسطة,synthetic
لن اكرر التجربه هذه السلسله لانهم تغيروا للاسوا,عامة,متوسطة,synthetic
الافضل الذهاب لمكان ثاني المكان لاسباب كثيره,عامة,متوسطة,synthetic
توقعاتي كانت اعلى الفرع هذا لانهم تغيروا للاسوا,عامة,متوسطة,synthetic
بشكل عام تجربه احباط مع هذا المقهى تجربتي كانت اقل من المتوقع,عامة,متوسطة,synthetic
المطعم لاسباب كثيره وما عجبني ابدا.,عامة,متوسطة,synthetic
والله تراجع كبير في الجوده والخدمه.,عامة,متوسطة,synthetic
صراحه المطعم نزل مستواه كثير!!!,عامة,متوسطة,synthetic
بشكل عام تجربه دون المستوى مع الفرع هذا خياراتكم خارجه افضل بكثير ،,عامة,متوسطة,synthetic
تجربه سيئه المحل تجربتي كانت اقل من المتوقع,عامة,متوسطة,synthetic
ما يستاهل الزياره هذا النوع من المطاعم لان السعر ما يتناسب مع الخدمه,عامة,متوسطة,synthetic
توقعاتي كانت اعلى الفرع هذا بسبب تراجع المستوى...,عامة,متوسطة,synthetic
تجربتي كانت اقل من المتوقع هذي السلسله لان المستوى ما يستاهل,عامة,متوسطة,synthetic
الصراحه هذا المقهى ما اقنعني لان المستوى ما يستاهل,عامة,متوسطة,synthetic
للاسف كل ما زرت المطعم اخرج محبط,عامة,متوسطة,synthetic
زياره مخيبه كل شي كان متوسط لان الاداره غير محترفه,عامة,متوسطة,synthetic
صراحه بعد عده زيارات غير راضي عن الزياره لا انصح به,عامة,متوسطة,synthetic
لا انصح به هذا الفرع بسبب اللامبالاه,عامة,متوسطة,synthetic
تجربه عاديه جدا هذا النوع من المطاعم لن اكرر التجربه,عامة,متوسطة,synthetic
يا جماعه توقعاتي كانت اعلى هذي السلسله لان الاداره غير محترفه,عامة,متوسطة,synthetic
بشكل عام غير راضي عن الزياره مع هذي السلسله ابحثوا عن مكان افضل,عامة,متوسطة,synthetic
للاسف كل شي فيه سيء!!!,عامة,متوسطة,synthetic
تجربه ضعيفه الافضل الذهاب لمكان ثاني,عامة,متوسطة,synthetic
تجربه ما تستاهل مع هذا الفرع لانهم ما يحترمون وقت الزبون,عامة,متوسطة,synthetic
للاسف اخر زياره لي للمطعم وما اعود,عامة,متوسطة,synthetic
لن اعود مره ثانيه المطعم بشكل عام لان المستوى ما يستاهل,عامة,متوسطة,synthetic
يا اخي ما اعود,عامة,متوسطة,synthetic
تجربه ما تستاهل مع المكان لان الجوده متدنيه عموما,عامة,متوسطة,synthetic
تخيل كل شي عادي تجربه عاديه,عامة,متوسطة,synthetic
بصراحه تجربه احباط كل شي كان متوسط لانهم ما يحترمون وقت الزبون,عامة,متوسطة,synthetic
يا اخي تجربه فاشله ما تستاهل!!!,عامة,متوسطة,synthetic
للاسف خلاص شطبت المطعم من قائمتي.,عامة,متوسطة,synthetic
بعد عده زيارات تجربه احباط ما يستاهل الزياره,عامة,متوسطة,synthetic
يا جماعه تركت المطعم خلاص لين يحسنون.,عامة,متوسطة,synthetic
ما عجبني ابدا هذه السلسله لانهم ما يحترمون وقت الزبون,عامة,متوسطة,synthetic
السمعه افضل من الواقع خيبه امل ولن اعود مره ثانيه,عامة,متوسطة,synthetic
بعد عده زيارات تجربه باهته ما عجبني ابدا,عامة,متوسطة,synthetic
تجربتي كانت اقل من المتوقع هذا النوع من المطاعم لان المستوى ما يستاهل.,عامة,متوسطة,synthetic
تجربه محبطه الافضل الذهاب لمكان ثاني,عامة,متوسطة,synthetic
بعد عده زيارات تجربه عاديه جدا لا انصح به!!!,عامة,متوسطة,synthetic
تجربه سيئه لن اكرر التجربه,عامة,متوسطة,synthetic
زياره فاشله الفرع هذا ما اعود حتى لو دفعوا لي,عامة,متوسطة,synthetic
الفرع هذا لاسباب كثيره ولا انصح به,عامة,متوسطة,synthetic
السمعه افضل من الواقع تجربه عاديه جدا ولن اكرر التجربه,عامة,متوسطة,synthetic
صراحه تجربه فاشله.,عامة,متوسطة,synthetic
بصراحه اول مره تجربه ولا اخر مره.,عامة,متوسطة,synthetic
تجربه ما تستاهل كل شي كان متوسط لانهم تغيروا للاسوا,عامة,متوسطة,synthetic
يا اخي تجربه ضعيفه كل شي كان متوسط لاسباب كثيره,عامة,متوسطة,synthetic
تجربه باهته كل شي كان متوسط لان المستوى ما يستاهل,عامة,متوسطة,synthetic
قسما المطعم overall سيء,عامة,متوسطة,synthetic
الفرع هذا ما اقنعني بسبب اللامبالاه!!!,عامة,متوسطة,synthetic
شوفوا ابحثوا عن مكان غيره,عامة,متوسطة,synthetic
للاسف كل شي عادي تجربه عاديه ،,عامة,متوسطة,synthetic
اقسم بالله تراجع كبير في الجوده والخدمه,عامة,متوسطة,synthetic
توقعاتي كانت اعلى هذه السلسله لان الجوده متدنيه عموما,عامة,متوسطة,synthetic
ما توقعت يكون بهذا المستوى...,عامة,متوسطة,synthetic
خيبه امل كل شي كان متوسط بسبب اللامبالاه...,عامة,متوسطة,synthetic
الصراحه زياره مخيبه هذه السلسله لا انصح به,عامة,متوسطة,synthetic
تجربه سيئه هذا المطعم الافضل الذهاب لمكان ثاني.,عامة,متوسطة,synthetic
يا اخي تجربه فاشله ما تستاهل...,عامة,متوسطة,synthetic
الصراحه ما يستاهل!!!,عامة,متوسطة,synthetic
ما اعود حتى لو دفعوا لي هذا المطعم بسبب سوء التنظيم العام.,عامة,متوسطة,synthetic
بشكل عام تجربه باهته مع المكان ابحثوا عن مكان افضل...,عامة,متوسطة,synthetic
خيبه امل هذا المقهى ما اعود حتى لو دفعوا لي.,عامة,متوسطة,synthetic
هذه السلسله بسبب سوء التنظيم العام وابحثوا عن مكان افضل,عامة,متوسطة,synthetic
بعد عده زيارات تجربه ضعيفه لا انصح به,عامة,متوسطة,synthetic
يا اخي يا اخي تجربه فاشله ما تستاهل...,عامة,متوسطة,synthetic
للاسف ابحثوا عن مكان افضل هذه السلسله لان الجوده متدنيه عموما,عامة,متوسطة,synthetic
والله تجربه محبطه المكان تجربتي كانت اقل من المتوقع...,عامة,متوسطة,synthetic
بعد عده زيارات تجربه احباط لا انصح به.,عامة,متوسطة,synthetic
يا جماعه زياره مخيبه كل شي كان متوسط لاسباب كثيره.,عامة,متوسطة,synthetic
هذا المطعم بسبب تراجع المستوى وما اعود حتى لو دفعوا لي.,عامة,متوسطة,synthetic
تجربه احباط مع هذا المطعم بسبب تراجع المستوى,عامة,متوسطة,synthetic
السمعه افضل من الواقع ما اعجبتني التجربه والافضل الذهاب لمكان ثاني!!!,عامة,متوسطة,synthetic
المكان لانهم تغيروا للاسوا وتجربتي كانت اقل من المتوقع,عامة,متوسطة,synthetic
قسما ما اعود حتى لو دفعوا لي.,عامة,متوسطة,synthetic
الصراحه ما توقعت يكون بهذا المستوى,عامة,متوسطة,synthetic
خيبه امل مع الفرع هذا لعدم اهتمامهم بالعميل.,عامة,متوسطة,synthetic
السمعه افضل من الواقع تجربه ضعيفه ولن اكرر التجربه,عامة,متوسطة,synthetic
يا جماعه الصراحه ما يستاهل,عامة,متوسطة,synthetic
تجربه دون المستوى المحل لن اعود مره ثانيه,عامة,متوسطة,synthetic
تخيل محبط,عامة,متوسطة,synthetic
غير راضي عن الزياره مع هذا النوع من المطاعم بسبب اللامبالاه...,عامة,متوسطة,synthetic
للاسف هذا المطعم ما اقنعني لان الجوده متدنيه عموما,عامة,متوسطة,synthetic
تجربه سيئه مع هذا المقهى بسبب سوء التنظيم العام,عامة,متوسطة,synthetic
لا انصح به هذا المطعم لان السعر ما يتناسب مع الخدمه,عامة,متوسطة,synthetic
هذا الفرع ما اقنعني بسبب سوء التنظيم العام,عامة,متوسطة,synthetic
تجربه ضعيفه كل شي كان متوسط لاسباب كثيره ،,عامة,متوسطة,synthetic
يا اخي تجربه فاشله,عامة,متوسطة,synthetic
اقسم بالله زياره فاشله الافضل الذهاب لمكان ثاني,عامة,متوسطة,synthetic
هذه السلسله لانهم تغيروا للاسوا وما يستاهل الزياره.,عامة,متوسطة,synthetic
لا انصح به هذي السلسله لان السعر ما يتناسب مع الخدمه.,عامة,متوسطة,synthetic
السمعه افضل من الواقع زياره مخيبه وخياراتكم خارجه افضل بكثير,عامة,متوسطة,synthetic
تجربه سيئه هذا الفرع ما يستاهل الزياره,عامة,متوسطة,synthetic
توقعاتي كانت اعلى هذي السلسله بسبب اللامبالاه,عامة,متوسطة,synthetic
تجربه محبطه مع المطعم بشكل عام لعدم اهتمامهم بالعميل.,عامة,متوسطة,synthetic
هذي السلسله ما اقنعني بسبب تراجع المستوى,عامة,متوسطة,synthetic
تجربه ضعيفه خياراتكم خارجه افضل بكثير ،,عامة,متوسطة,synthetic
والله المطعم نزل مستواه كثير,عامة,متوسطة,synthetic
تجربه ما تستاهل هذا المطعم لن اكرر التجربه!!!,عامة,متوسطة,synthetic
صراحه هذا المقهى ما اقنعني لعدم اهتمامهم بالعميل,عامة,متوسطة,synthetic
كانت بدايته قويه لكن انحدر مستواه...,عامة,متوسطة,synthetic
زياره فاشله مع المحل بسبب تراجع المستوى,عامة,متوسطة,synthetic
الصراحه تجربه باهته ما تتذكر,عامة,متوسطة,synthetic
بعد عده زيارات تجربه عاديه جدا لن اكرر التجربه,عامة,متوسطة,synthetic
توقعاتي كانت اعلى هذا النوع من المطاعم لانهم ما يحترمون وقت الزبون.,عامة,متوسطة,synthetic
توقعاتي كانت اعلى المطعم بشكل عام لاسباب كثيره,عامة,متوسطة,synthetic
الصراحه تركت المطعم خلاص لين يحسنون.,عامة,متوسطة,synthetic
بعد عده زيارات خيبه امل الافضل الذهاب لمكان ثاني,عامة,متوسطة,synthetic
والله عادي جدا ما فيه شي مميز,عامة,متوسطة,synthetic
قسما عادي جدا ما فيه شي مميز,عامة,متوسطة,synthetic
السمعه افضل من الواقع خيبه امل وما اعود حتى لو دفعوا لي,عامة,متوسطة,synthetic
لن اكرر التجربه المكان لان الجوده متدنيه عموما,عامة,متوسطة,synthetic
خيبه امل هذا الفرع تجربتي كانت اقل من المتوقع...,عامة,متوسطة,synthetic
المحل ما اقنعني لان السعر ما يتناسب مع الخدمه,عامة,متوسطة,synthetic
اقسم بالله تجربه سيئه,عامة,متوسطة,synthetic
اقسم بالله توقعاتي كانت اعلى المطعم بشكل عام لان الجوده متدنيه عموما...,عامة,متوسطة,synthetic
للاسف تجربه احباط المطعم لا انصح به.,عامة,متوسطة,synthetic
يا جماعه غير راضي عن الزياره ابحثوا عن مكان افضل,عامة,متوسطة,synthetic
يا اخي للاسف خيبه امل كبيره.,عامة,متوسطة,synthetic
السمعه افضل من الواقع تجربه عاديه جدا ولا انصح به.,عامة,متوسطة,synthetic
هذه السلسله ما اقنعني لان الاداره غير محترفه.,عامة,متوسطة,synthetic
خياراتكم خارجه افضل بكثير هذا النوع من المطاعم بسبب اللامبالاه,عامة,متوسطة,synthetic
بعد عده زيارات تجربه سيئه ما اعود حتى لو دفعوا لي,عامة,متوسطة,synthetic
بصراحه كل شي عادي تجربه عاديه,عامة,متوسطة,synthetic
بعد عده زيارات زياره مخيبه لن اعود مره ثانيه,عامة,متوسطة,synthetic
خيبه امل مع المطعم لان المستوى ما يستاهل,عامة,متوسطة,synthetic
للاسف توقعاتي كانت اعلى هذا المطعم لانهم ما يحترمون وقت الزبون,عامة,متوسطة,synthetic
صراحه للاسف خيبه امل كبيره.,عامة,متوسطة,synthetic
بشكل عام تجربه محبطه مع هذي السلسله ما يستاهل الزياره,عامة,متوسطة,synthetic
بصراحه عادي جدا ما فيه شي مميز,عامة,متوسطة,synthetic
المطعم ما اقنعني لان الجوده متدنيه عموما,عامة,متوسطة,synthetic
هذه السلسله ما اقنعني لان المستوى ما يستاهل,عامة,متوسطة,synthetic
ما يستاهل!!!,عامة,متوسطة,synthetic
تجربه ضعيفه ما اعود حتى لو دفعوا لي ،,عامة,متوسطة,synthetic
زياره فاشله ابحثوا عن مكان افضل.,عامة,متوسطة,synthetic
تجربه محبطه مع هذي السلسله لان المستوى ما يستاهل,عامة,متوسطة,synthetic
اخر زياره لي للمطعم وما اعود ،,عامة,متوسطة,synthetic
يا جماعه يا جماعه الخير ما تروحون,عامة,متوسطة,synthetic
بشكل عام تجربه ضعيفه مع هذا الفرع الافضل الذهاب لمكان ثاني...,عامة,متوسطة,synthetic
شوفوا خيبه امل الفرع هذا ما يستاهل الزياره,عامة,متوسطة,synthetic
يا اخي المطعم ولا الاوسط ،,عامة,متوسطة,synthetic
السمعه افضل من الواقع زياره فاشله ولن اكرر التجربه.,عامة,متوسطة,synthetic
اول مره تجربه ولا اخر مره...,عامة,متوسطة,synthetic
زياره مخيبه الافضل الذهاب لمكان ثاني,عامة,متوسطة,synthetic
يا اخي زياره مخيبه كل شي كان متوسط لانهم ما يحترمون وقت الزبون,عامة,متوسطة,synthetic
تجربه دون المستوى مع هذا المطعم بسبب اللامبالاه,عامة,متوسطة,synthetic
تجربه محبطه المطعم تجربتي كانت اقل من المتوقع,عامة,متوسطة,synthetic
ما يستاهل الزياره هذه السلسله لان المستوى ما يستاهل,عامة,متوسطة,synthetic
توقعاتي كانت اعلى المكان لعدم اهتمامهم بالعميل.,عامة,متوسطة,synthetic
يا اخي تعبني المطعم,عامة,متوسطة,synthetic
والله بصراحه تجربه ما اعود لها,عامة,متوسطة,synthetic
صراحه تركت المطعم خلاص لين يحسنون,عامة,متوسطة,synthetic
شوفوا تجربه سيئه ،,عامة,متوسطة,synthetic
اقسم بالله الصراحه ما يستاهل.,عامة,متوسطة,synthetic
صراحه تجربه سيئه لا انصح به,عامة,متوسطة,synthetic
تجربه سيئه كل شي كان متوسط بسبب سوء التنظيم العام,عامة,متوسطة,synthetic
بشكل عام زياره فاشله مع هذا الفرع ابحثوا عن مكان افضل,عامة,متوسطة,synthetic
زياره مخيبه ابحثوا عن مكان افضل.,عامة,متوسطة,synthetic
بصراحه كل ما زرت المطعم اخرج محبط,عامة,متوسطة,synthetic
والله ما انصح به,عامة,متوسطة,synthetic
يا جماعه تجربه سيئه,عامة,متوسطة,synthetic
هذا المقهى بسبب اللامبالاه وما يستاهل الزياره ،,عامة,متوسطة,synthetic
اقسم بالله السمعه افضل من الواقع خيبه امل وما يستاهل الزياره,عامة,متوسطة,synthetic
بشكل عام ما اعجبتني التجربه مع هذا النوع من المطاعم لن اكرر التجربه,عامة,متوسطة,synthetic
يا اخي experience مخيبه للامل!!!,عامة,متوسطة,synthetic
بشكل عام خيبه امل مع هذا المقهى تجربتي كانت اقل من المتوقع,عامة,متوسطة,synthetic
توقعاتي كانت اعلى المحل لان المستوى ما يستاهل.,عامة,متوسطة,synthetic
بشكل عام تجربه عاديه جدا مع المكان خياراتكم خارجه افضل بكثير,عامة,متوسطة,synthetic
الصراحه كل ما زرت المطعم اخرج محبط,عامة,متوسطة,synthetic
ما اعجبتني التجربه ما عجبني ابدا,عامة,متوسطة,synthetic
قسما والله ما يستحق الزياره,عامة,متوسطة,synthetic
للاسف ما يستاهل ،,عامة,متوسطة,synthetic
السمعه افضل من الواقع زياره فاشله وتجربتي كانت اقل من المتوقع,عامة,متوسطة,synthetic
الصراحه للاسف ،,عامة,متوسطة,synthetic
المحل ما اقنعني بسبب سوء التنظيم العام,عامة,متوسطة,synthetic
المحل ما اقنعني لانهم ما يحترمون وقت الزبون,عامة,متوسطة,synthetic
والله تجربه ما تستاهل كل شي كان متوسط بسبب سوء التنظيم العام,عامة,متوسطة,synthetic
اقسم بالله للاسف خيبه امل كبيره ،,عامة,متوسطة,synthetic
توقعاتي كانت اعلى هذه السلسله لانهم ما يحترمون وقت الزبون,عامة,متوسطة,synthetic
السمعه افضل من الواقع زياره فاشله ولن اكرر التجربه,عامة,متوسطة,synthetic
السمعه افضل من الواقع زياره مخيبه ولن اكرر التجربه,عامة,متوسطة,synthetic
بعد عده زيارات زياره مخيبه لن اكرر التجربه.,عامة,متوسطة,synthetic
تخيل تجربه ما تستاهل كل شي كان متوسط لاسباب كثيره,عامة,متوسطة,synthetic
بعد عده زيارات تجربه ضعيفه لن اكرر التجربه,عامة,متوسطة,synthetic
تجربه محبطه هذا الفرع ما يستاهل الزياره!!!,عامة,متوسطة,synthetic
زياره مخيبه المطعم لا انصح به,عامة,متوسطة,synthetic
تخيل تجربه احباط هذا المطعم ما يستاهل الزياره ،,عامة,متوسطة,synthetic
عادي جدا ما فيه شي مميز...,عامة,متوسطة,synthetic
يا اخي كل شي عادي تجربه عاديه,عامة,متوسطة,synthetic
للاسف ما عجبني شي بصراحه.,عامة,متوسطة,synthetic
زياره مخيبه هذي السلسله ابحثوا عن مكان افضل,عامة,متوسطة,synthetic
المطعم لان المستوى ما يستاهل وتجربتي كانت اقل من المتوقع,عامة,متوسطة,synthetic
الصراحه ما يستاهل...,عامة,متوسطة,synthetic
الصراحه السمعه افضل من الواقع زياره مخيبه وتجربتي كانت اقل من المتوقع,عامة,متوسطة,synthetic
قسما تجربه ما تستاهل لن اكرر التجربه,عامة,متوسطة,synthetic
تجربه سيئه مع الفرع هذا لان السعر ما يتناسب مع الخدمه,عامة,متوسطة,synthetic
خلاص شطبت المطعم من قائمتي ،,عامة,متوسطة,synthetic
توقعاتي كانت اعلى الفرع هذا بسبب تراجع المستوى.,عامة,متوسطة,synthetic
بعد عده زيارات زياره فاشله الافضل الذهاب لمكان ثاني,عامة,متوسطة,synthetic
صراحه هذي السلسله ما اقنعني لانهم ما يحترمون وقت الزبون.,عامة,متوسطة,synthetic
غير راضي عن الزياره مع الفرع هذا لان الاداره غير محترفه...,عامة,متوسطة,synthetic
زياره مخيبه المحل ما عجبني ابدا.,عامة,متوسطة,synthetic
الفرع هذا بسبب اللامبالاه وتجربتي كانت اقل من المتوقع,عامة,متوسطة,synthetic
هذا الفرع بسبب تراجع المستوى وابحثوا عن مكان افضل.,عامة,متوسطة,synthetic
صراحه كل ما زرت المطعم اخرج محبط!!!,عامة,متوسطة,synthetic
بشكل عام تجربه سيئه مع الفرع هذا ما يستاهل الزياره!!!,عامة,متوسطة,synthetic
قسما المطعم نزل مستواه كثير.,عامة,متوسطة,synthetic
بصراحه ما اعود حتى لو دفعوا لي.,عامة,متوسطة,synthetic
المطعم بشكل عام ما اقنعني لان السعر ما يتناسب مع الخدمه,عامة,متوسطة,synthetic
السمعه افضل من الواقع تجربه احباط وتجربتي كانت اقل من المتوقع,عامة,متوسطة,synthetic
قسما experience مخيبه للامل,عامة,متوسطة,synthetic
بصراحه المطعم ولا الاوسط,عامة,متوسطة,synthetic
شوفوا يا جماعه الخير ما تروحون,عامة,متوسطة,synthetic
السمعه افضل من الواقع تجربه عاديه جدا والافضل الذهاب لمكان ثاني,عامة,متوسطة,synthetic
السمعه افضل من الواقع غير راضي عن الزياره وما اعود حتى لو دفعوا لي.,عامة,متوسطة,synthetic
شوفوا تركت المطعم خلاص لين يحسنون,عامة,متوسطة,synthetic
بشكل عام خيبه امل مع هذا المقهى ما يستاهل الزياره,عامة,متوسطة,synthetic
توقعاتي كانت اعلى الفرع هذا بسبب سوء التنظيم العام,عامة,متوسطة,synthetic
والله ما اعجبتني التجربه مع الفرع هذا لعدم اهتمامهم بالعميل.,عامة,متوسطة,synthetic
قسما اول مره تجربه ولا اخر مره,عامة,متوسطة,synthetic
للاسف زياره فاشله خياراتكم خارجه افضل بكثير,عامة,متوسطة,synthetic
تجربه ضعيفه تجربتي كانت اقل من المتوقع,عامة,متوسطة,synthetic
هذي السلسله بسبب سوء التنظيم العام ولا انصح به,عامة,متوسطة,synthetic
المكان لان السعر ما يتناسب مع الخدمه وتجربتي كانت اقل من المتوقع,عامة,متوسطة,synthetic
شوفوا تجربه فاشله,عامة,متوسطة,synthetic
شوفوا بعد عده زيارات غير راضي عن الزياره لن اعود مره ثانيه,عامة,متوسطة,synthetic
لن اكرر التجربه هذا النوع من المطاعم لان الجوده متدنيه عموما,عامة,متوسطة,synthetic
توقعاتي كانت اعلى المحل لعدم اهتمامهم بالعميل,عامة,متوسطة,synthetic
ابحثوا عن مكان افضل هذا المطعم لان السعر ما يتناسب مع الخدمه,عامة,متوسطة,synthetic
خيبه امل هذي السلسله تجربتي كانت اقل من المتوقع,عامة,متوسطة,synthetic
شوفوا الفرع هذا ما اقنعني لاسباب كثيره,عامة,متوسطة,synthetic
لن اعود مره ثانيه هذا المطعم لان المستوى ما يستاهل.,عامة,متوسطة,synthetic
يا اخي تراجع كبير في الجوده والخدمه,عامة,متوسطة,synthetic
تجربه احباط مع الفرع هذا لان المستوى ما يستاهل,عامة,متوسطة,synthetic
زياره فاشله ما عجبني ابدا,عامة,متوسطة,synthetic
هذه السلسله ما اقنعني بسبب سوء التنظيم العام!!!,عامة,متوسطة,synthetic
الصراحه بعد كم زياره قررت ما اعود,عامة,متوسطة,synthetic
بعد عده زيارات تجربه عاديه جدا خياراتكم خارجه افضل بكثير,عامة,متوسطة,synthetic
شوفوا خيبه امل,عامة,متوسطة,synthetic
تجربه ضعيفه ما يستاهل الزياره,عامة,متوسطة,synthetic
يا اخي المطعم overall سيء,عامة,متوسطة,synthetic
تخيل بشكل عام تجربه احباط مع هذا المقهى الافضل الذهاب لمكان ثاني,عامة,متوسطة,synthetic
تجربه دون المستوى مع هذي السلسله بسبب تراجع المستوى,عامة,متوسطة,synthetic
بصراحه ما عجبني شي بصراحه,عامة,متوسطة,synthetic
السمعه افضل من الواقع تجربه دون المستوى ولن اكرر التجربه,عامة,متوسطة,synthetic
السمعه افضل من الواقع تجربه باهته ولا انصح به!!!,عامة,متوسطة,synthetic
لا انصح به المكان بسبب اللامبالاه,عامة,متوسطة,synthetic
توقعاتي كانت اعلى هذا المطعم لان الجوده متدنيه عموما,عامة,متوسطة,synthetic
المكان لانهم ما يحترمون وقت الزبون ولا انصح به...,عامة,متوسطة,synthetic
تجربه عاديه جدا هذي السلسله تجربتي كانت اقل من المتوقع,عامة,متوسطة,synthetic
شوفوا يا جماعه ما يستاهل ،,عامة,متوسطة,synthetic
تجربه عاديه جدا مع المكان بسبب اللامبالاه.,عامة,متوسطة,synthetic
ابحثوا عن مكان افضل المحل لانهم تغيروا للاسوا,عامة,متوسطة,synthetic
توقعاتي كانت اعلى هذا المطعم بسبب سوء التنظيم العام ،,عامة,متوسطة,synthetic
بعد عده زيارات تجربه باهته ما يستاهل الزياره,عامة,متوسطة,synthetic
توقعاتي كانت اعلى الفرع هذا لانهم تغيروا للاسوا...,عامة,متوسطة,synthetic
السمعه افضل من الواقع تجربه سيئه وما يستاهل الزياره,عامة,متوسطة,synthetic
زياره فاشله مع هذي السلسله لان الاداره غير محترفه.,عامة,متوسطة,synthetic
شوفوا يا جماعه ما يستاهل!!!,عامة,متوسطة,synthetic
يا اخي بشكل عام تجربه احباط مع المطعم لن اكرر التجربه.,عامة,متوسطة,synthetic
هذي السلسله ما اقنعني لان الاداره غير محترفه,عامة,متوسطة,synthetic
اقسم بالله الادراه ما تهتم بالعميل ابدا,عامة,متوسطة,synthetic
بصراحه السمعه افضل من الواقع تجربه ضعيفه وما يستاهل الزياره,عامة,متوسطة,synthetic
الصراحه المطعم ما اقنعني لانهم تغيروا للاسوا,عامة,متوسطة,synthetic
تجربه احباط مع المحل لان المستوى ما يستاهل!!!,عامة,متوسطة,synthetic
خياراتكم خارجه افضل بكثير هذا المقهى لان السعر ما يتناسب مع الخدمه,عامة,متوسطة,synthetic
بعد عده زيارات زياره مخيبه لا انصح به ،,عامة,متوسطة,synthetic
قسما المطعم نزل مستواه كثير,عامة,متوسطة,synthetic
السمعه افضل من الواقع تجربه ما تستاهل ولن اعود مره ثانيه.,عامة,متوسطة,synthetic
ما اعود حتى لو دفعوا لي هذي السلسله لان الجوده متدنيه عموما.,عامة,متوسطة,synthetic
قسما ابحثوا عن مكان غيره,عامة,متوسطة,synthetic
زياره فاشله مع المطعم لان الجوده متدنيه عموما,عامة,متوسطة,synthetic
تجربه احباط مع المكان بسبب اللامبالاه.,عامة,متوسطة,synthetic
بشكل عام زياره مخيبه مع هذا المطعم ما اعود حتى لو دفعوا لي,عامة,متوسطة,synthetic
تجربه احباط هذا الفرع لن اكرر التجربه,عامة,متوسطة,synthetic
والله توقعاتي كانت اعلى المكان لان الاداره غير محترفه,عامة,متوسطة,synthetic
تجربه عاديه جدا كل شي كان متوسط بسبب اللامبالاه,عامة,متوسطة,synthetic
بعد عده زيارات تجربه ضعيفه تجربتي كانت اقل من المتوقع,عامة,متوسطة,synthetic
السمعه افضل من الواقع زياره مخيبه وما يستاهل الزياره...,عامة,متوسطة,synthetic
المكان لاسباب كثيره والافضل الذهاب لمكان ثاني.,عامة,متوسطة,synthetic
غير راضي عن الزياره لا انصح به.,عامة,متوسطة,synthetic
يا اخي شوفوا يا جماعه ما يستاهل!!!,عامة,متوسطة,synthetic
غير راضي عن الزياره ما عجبني ابدا,عامة,متوسطة,synthetic
هذا المقهى لعدم اهتمامهم بالعميل ولا انصح به,عامة,متوسطة,synthetic
اقسم بالله ما توقعت يكون بهذا المستوى,عامة,متوسطة,synthetic
السمعه افضل من الواقع ما اعجبتني التجربه وما عجبني ابدا,عامة,متوسطة,synthetic
تخيل تعبني المطعم,عامة,متوسطة,synthetic
توقعاتي كانت اعلى هذي السلسله لانهم تغيروا للاسوا,عامة,متوسطة,synthetic
الصراحه experience مخيبه للامل.,عامة,متوسطة,synthetic
تجربه باهته هذا المقهى ما عجبني ابدا,عامة,متوسطة,synthetic
بشكل عام خيبه امل مع هذا المقهى الافضل الذهاب لمكان ثاني,عامة,متوسطة,synthetic
بصراحه تراجع كبير في الجوده والخدمه...,عامة,متوسطة,synthetic
هذا المقهى لانهم ما يحترمون وقت الزبون ولن اعود مره ثانيه,عامة,متوسطة,synthetic
توقعاتي كانت اعلى هذا الفرع لانهم ما يحترمون وقت الزبون,عامة,متوسطة,synthetic
زياره مخيبه كل شي كان متوسط لانهم تغيروا للاسوا,عامة,متوسطة,synthetic
تجربه ما تستاهل مع هذا المطعم لانهم تغيروا للاسوا.,عامة,متوسطة,synthetic
ما اعجبتني التجربه لا انصح به,عامة,متوسطة,synthetic
للاسف تجربه سيئه,عامة,متوسطة,synthetic
زياره فاشله مع المحل لان الاداره غير محترفه,عامة,متوسطة,synthetic
خياراتكم خارجه افضل بكثير المطعم لعدم اهتمامهم بالعميل,عامة,متوسطة,synthetic
المكان لانهم ما يحترمون وقت الزبون ولا انصح به,عامة,متوسطة,synthetic
يا جماعه تجربه ضعيفه كل شي كان متوسط لاسباب كثيره,عامة,متوسطة,synthetic
تجربه عاديه جدا الفرع هذا ما يستاهل الزياره,عامة,متوسطة,synthetic
ما اعجبتني التجربه لن اكرر التجربه,عامة,متوسطة,synthetic
تجربه دون المستوى كل شي كان متوسط لاسباب كثيره,عامة,متوسطة,synthetic
اقسم بالله ما اعود.,عامة,متوسطة,synthetic
تخيل تجربه فاشله,عامة,متوسطة,synthetic
تجربه باهته مع هذه السلسله لان الاداره غير محترفه,عامة,متوسطة,synthetic
تخيل ابحثوا عن مكان غيره!!!,عامة,متوسطة,synthetic
بعد عده زيارات تجربه ما تستاهل الافضل الذهاب لمكان ثاني.,عامة,متوسطة,synthetic
الصراحه عادي جدا ما فيه شي مميز,عامة,متوسطة,synthetic
بعد عده زيارات تجربه عاديه جدا ما يستاهل الزياره,عامة,متوسطة,synthetic
بصراحه المطعم نزل مستواه كثير,عامة,متوسطة,synthetic
الصراحه تجربه فاشله!!!,عامة,متوسطة,synthetic
الفرع هذا لان المستوى ما يستاهل ولن اكرر التجربه,عامة,متوسطة,synthetic
تجربه باهته خياراتكم خارجه افضل بكثير,عامة,متوسطة,synthetic
والله تجربه باهته ما تتذكر ،,عامة,متوسطة,synthetic
تجربه عاديه جدا مع هذا الفرع لان المستوى ما يستاهل,عامة,متوسطة,synthetic
بشكل عام زياره مخيبه مع المكان ما يستاهل الزياره,عامة,متوسطة,synthetic
تجربه باهته مع هذا المطعم بسبب تراجع المستوى,عامة,متوسطة,synthetic
صراحه للاسف خيبه امل كبيره ،,عامة,متوسطة,synthetic
تجربه باهته كل شي كان متوسط لانهم ما يحترمون وقت الزبون.,عامة,متوسطة,synthetic
الصراحه ما انصح به...,عامة,متوسطة,synthetic
الصراحه خلاص شطبت المطعم من قائمتي,عامة,متوسطة,synthetic
زياره فاشله هذا المقهى خياراتكم خارجه افضل بكثير,عامة,متوسطة,synthetic
بشكل عام غير راضي عن الزياره مع الفرع هذا ما عجبني ابدا,عامة,متوسطة,synthetic
تجربه احباط مع المكان بسبب تراجع المستوى,عامة,متوسطة,synthetic
يا جماعه كل شي عادي تجربه عاديه,عامة,متوسطة,synthetic
بصراحه للاسف,عامة,متوسطة,synthetic
زياره مخيبه ابحثوا عن مكان افضل,عامة,متوسطة,synthetic
للاسف خلاص شطبت المطعم من قائمتي ،,عامة,متوسطة,synthetic
المكان لان السعر ما يتناسب مع الخدمه وما اعود حتى لو دفعوا لي...,عامة,متوسطة,synthetic
لا انصح به المطعم لاسباب كثيره,عامة,متوسطة,synthetic
زياره فاشله هذا المطعم خياراتكم خارجه افضل بكثير,عامة,متوسطة,synthetic
توقعاتي كانت اعلى هذا النوع من المطاعم بسبب اللامبالاه!!!,عامة,متوسطة,synthetic
المكان لان الجوده متدنيه عموما ولا انصح به,عامة,متوسطة,synthetic
بصراحه value مو مناسب ،,عامة,متوسطة,synthetic
تجربه سيئه المطعم لن اعود مره ثانيه!!!,عامة,متوسطة,synthetic
والله المطعم بشكل عام لان الجوده متدنيه عموما وما عجبني ابدا,عامة,متوسطة,synthetic
صراحه تجربه سيئه,عامة,متوسطة,synthetic
تجربه ما تستاهل كل شي كان متوسط بسبب تراجع المستوى,عامة,متوسطة,synthetic
والله خلاص شطبت المطعم من قائمتي ،,عامة,متوسطة,synthetic
ما اعجبتني التجربه المطعم الافضل الذهاب لمكان ثاني,عامة,متوسطة,synthetic
بشكل عام تجربه ضعيفه مع المكان ابحثوا عن مكان افضل,عامة,متوسطة,synthetic
تجربتي كانت اقل من المتوقع هذا المطعم لعدم اهتمامهم بالعميل,عامة,متوسطة,synthetic
توقعاتي كانت اعلى المكان بسبب سوء التنظيم العام,عامة,متوسطة,synthetic
خيبه امل هذا المقهى ما اعود حتى لو دفعوا لي ،,عامة,متوسطة,synthetic
زياره فاشله لن اكرر التجربه,عامة,متوسطة,synthetic
خيبه امل كل شي كان متوسط بسبب سوء التنظيم العام,عامة,متوسطة,synthetic
تجربه ضعيفه هذا المقهى لن اعود مره ثانيه,عامة,متوسطة,synthetic
تخيل تراجع كبير في الجوده والخدمه ،,عامة,متوسطة,synthetic
قسما السمعه افضل من الواقع تجربه ما تستاهل وما يستاهل الزياره,عامة,متوسطة,synthetic
تخيل والله ما يستحق الزياره,عامة,متوسطة,synthetic
كل شي فيه سيء ،,عامة,متوسطة,synthetic
لن اكرر التجربه المكان بسبب اللامبالاه,عامة,متوسطة,synthetic
تجربه دون المستوى هذا المقهى لن اعود مره ثانيه,عامة,متوسطة,synthetic
السمعه افضل من الواقع تجربه سيئه والافضل الذهاب لمكان ثاني,عامة,متوسطة,synthetic
ما اعجبتني التجربه مع هذي السلسله لان السعر ما يتناسب مع الخدمه...,عامة,متوسطة,synthetic
المطعم بشكل عام ما اقنعني لانهم تغيروا للاسوا,عامة,متوسطة,synthetic
شوفوا يا اخي تجربه فاشله ما تستاهل,عامة,متوسطة,synthetic
السمعه افضل من الواقع تجربه سيئه وما اعود حتى لو دفعوا لي,عامة,متوسطة,synthetic
بعد عده زيارات غير راضي عن الزياره الافضل الذهاب لمكان ثاني!!!,عامة,متوسطة,synthetic
اقسم بالله value مو مناسب,عامة,متوسطة,synthetic
تجربه سيئه مع المحل لان الجوده متدنيه عموما,عامة,متوسطة,synthetic
تجربه احباط كل شي كان متوسط لاسباب كثيره,عامة,متوسطة,synthetic
توقعاتي كانت اعلى هذا المطعم بسبب تراجع المستوى.,عامة,متوسطة,synthetic
خيبه امل لن اعود مره ثانيه!!!,عامة,متوسطة,synthetic
ما اعجبتني التجربه مع المطعم لان المستوى ما يستاهل,عامة,متوسطة,synthetic
قسما تجربه ضعيفه هذا النوع من المطاعم لن اكرر التجربه,عامة,متوسطة,synthetic
تجربه سيئه مع المطعم لان الجوده متدنيه عموما,عامة,متوسطة,synthetic
لن اعود مره ثانيه هذي السلسله بسبب تراجع المستوى,عامة,متوسطة,synthetic
بعد عده زيارات خيبه امل لن اعود مره ثانيه.,عامة,متوسطة,synthetic
تجربه احباط الفرع هذا لن اعود مره ثانيه,عامة,متوسطة,synthetic
السمعه افضل من الواقع تجربه ضعيفه وما عجبني ابدا,عامة,متوسطة,synthetic
المكان بسبب اللامبالاه وما عجبني ابدا,عامة,متوسطة,synthetic
تجربه محبطه المطعم بشكل عام لا انصح به...,عامة,متوسطة,synthetic
يا جماعه عادي جدا ما فيه شي مميز!!!,عامة,متوسطة,synthetic
ما يستاهل الزياره المطعم بشكل عام لان السعر ما يتناسب مع الخدمه,عامة,متوسطة,synthetic
تخيل لن اكرر التجربه المطعم لانهم تغيروا للاسوا,عامة,متوسطة,synthetic
بعد عده زيارات تجربه سيئه ما يستاهل الزياره,عامة,متوسطة,synthetic
لن اكرر التجربه هذا النوع من المطاعم لاسباب كثيره!!!,عامة,متوسطة,synthetic
السمعه افضل من الواقع تجربه عاديه جدا وخياراتكم خارجه افضل بكثير.,عامة,متوسطة,synthetic
بشكل عام تجربه ضعيفه مع الفرع هذا لن اكرر التجربه,عامة,متوسطة,synthetic
المكان ما اقنعني لاسباب كثيره,عامة,متوسطة,synthetic
توقعاتي كانت اعلى الفرع هذا لان الجوده متدنيه عموما.,عامة,متوسطة,synthetic
تخيل محبط...,عامة,متوسطة,synthetic
اقسم بالله تجربه فاشله,عامة,متوسطة,synthetic
المطعم بشكل عام لاسباب كثيره والافضل الذهاب لمكان ثاني,عامة,متوسطة,synthetic
تركت المطعم خلاص لين يحسنون!!!,عامة,متوسطة,synthetic
والله ما اعود حتى لو دفعوا لي,عامة,متوسطة,synthetic
تجربه ضعيفه لن اعود مره ثانيه,عامة,متوسطة,synthetic
بشكل عام تجربه احباط مع هذا المقهى الافضل الذهاب لمكان ثاني,عامة,متوسطة,synthetic
تخيل يا اخي تجربه فاشله ما تستاهل!!!,عامة,متوسطة,synthetic
المطعم نزل مستواه كثير...,عامة,متوسطة,synthetic
السمعه افضل من الواقع تجربه عاديه جدا وما عجبني ابدا,عامة,متوسطة,synthetic
الصراحه كانت بدايته قويه لكن انحدر مستواه,عامة,متوسطة,synthetic
خيبه امل كل شي كان متوسط لان الجوده متدنيه عموما,عامة,متوسطة,synthetic
بشكل عام خيبه امل مع هذا الفرع الافضل الذهاب لمكان ثاني...,عامة,متوسطة,synthetic
بعد عده زيارات ما اعجبتني التجربه الافضل الذهاب لمكان ثاني,عامة,متوسطة,synthetic
زياره مخيبه مع هذا النوع من المطاعم لان الجوده متدنيه عموما,عامة,متوسطة,synthetic
تخيل الافضل الذهاب لمكان ثاني المطعم بسبب سوء التنظيم العام,عامة,متوسطة,synthetic
ابحثوا عن مكان افضل المحل بسبب اللامبالاه,عامة,متوسطة,synthetic
المكان لاسباب كثيره وما عجبني ابدا!!!,عامة,متوسطة,synthetic
الصراحه تجربتي كانت اقل من المتوقع هذا النوع من المطاعم لعدم اهتمامهم بالعميل,عامة,متوسطة,synthetic
خيبه امل خياراتكم خارجه افضل بكثير,عامة,متوسطة,synthetic
بشكل عام زياره مخيبه مع المكان ابحثوا عن مكان افضل,عامة,متوسطة,synthetic
تجربه احباط كل شي كان متوسط لانهم ما يحترمون وقت الزبون,عامة,متوسطة,synthetic
والله تراجع كبير في الجوده والخدمه,عامة,متوسطة,synthetic
تجربه محبطه مع المحل بسبب اللامبالاه,عامة,متوسطة,synthetic
شوفوا زياره فاشله لا انصح به,عامة,متوسطة,synthetic
يا اخي ما اعود.,عامة,متوسطة,synthetic
يا جماعه هذا الفرع ما اقنعني بسبب اللامبالاه,عامة,متوسطة,synthetic
تجربه دون المستوى المطعم ما عجبني ابدا,عامة,متوسطة,synthetic
تجربه ما تستاهل كل شي كان متوسط بسبب تراجع المستوى.,عامة,متوسطة,synthetic
كل شي فيه سيء!!!,عامة,متوسطة,synthetic
للاسف ما توقعت يكون بهذا المستوى,عامة,متوسطة,synthetic
بعد عده زيارات تجربه ضعيفه لن اعود مره ثانيه,عامة,متوسطة,synthetic
تجربه دون المستوى هذا الفرع الافضل الذهاب لمكان ثاني,عامة,متوسطة,synthetic
قسما value مو مناسب,عامة,متوسطة,synthetic
خيبه امل ابحثوا عن مكان افضل,عامة,متوسطة,synthetic
بشكل عام تجربه عاديه جدا مع هذه السلسله لن اكرر التجربه,عامة,متوسطة,synthetic
تجربه عاديه جدا كل شي كان متوسط لان الجوده متدنيه عموما,عامة,متوسطة,synthetic
توقعاتي كانت اعلى هذه السلسله لان السعر ما يتناسب مع الخدمه.,عامة,متوسطة,synthetic
تجربه سيئه مع هذا النوع من المطاعم لاسباب كثيره,عامة,متوسطة,synthetic
بصراحه بعد عده زيارات تجربه عاديه جدا الافضل الذهاب لمكان ثاني,عامة,متوسطة,synthetic
تجربه محبطه كل شي كان متوسط لاسباب كثيره,عامة,متوسطة,synthetic
