id,weak_label,ambience_subtype,ambience_subtype_all,contains_ambience_keyword,is_hard_negative,risk_keyword,high_precision_hits,single_token_hits,hard_negative_hits,score,review_status,notes,label_confidence,polarity
hadyelsahar/ar_res_reviews:3,review_needed,general_place_vibe,general_place_vibe,True,False,المطعم,,المطعم,البطاطس | الدجاج,1.3,unreviewed,only ambiguous risky tokens present - needs human judgment,weak,1
hadyelsahar/ar_res_reviews:4,review_needed,temperature_ac,seating_comfort | general_place_vibe | temperature_ac,True,False,الطاوله | المطعم | بارد | زيت | قديم,,الطاوله | المطعم | بارد | قديم,الخبز | الطعم | الفاتوره | طعمها | ناقص,5.5,unreviewed,only ambiguous risky tokens present - needs human judgment,weak,0
hadyelsahar/ar_res_reviews:5,review_needed,general_place_vibe,general_place_vibe,True,False,المطعم,,المطعم,,1.3,unreviewed,only ambiguous risky tokens present - needs human judgment,weak,0
hadyelsahar/ar_res_reviews:6,review_needed,general_place_vibe,general_place_vibe,True,False,المطعم,,المطعم,الاسعار,1.3,unreviewed,only ambiguous risky tokens present - needs human judgment,weak,0
hadyelsahar/ar_res_reviews:9,review_needed,general_place_vibe,general_place_vibe,True,False,المطعم,,المطعم,,1.3,unreviewed,only ambiguous risky tokens present - needs human judgment,weak,1
hadyelsahar/ar_res_reviews:13,review_needed,general_place_vibe,general_place_vibe,True,False,المطعم | المكان,,المطعم | المكان,الخبز | الدجاج | السعر | الشاورما | غاليه,2.6,unreviewed,only ambiguous risky tokens present - needs human judgment,weak,1
hadyelsahar/ar_res_reviews:14,review_needed,general_place_vibe,general_place_vibe,True,False,المطعم | المكان,,المطعم | المكان,الاسعار | اللحم,2.6,unreviewed,only ambiguous risky tokens present - needs human judgment,weak,1
hadyelsahar/ar_res_reviews:20,review_needed,general_place_vibe,general_place_vibe,True,False,المطعم,,المطعم,,1.3,unreviewed,only ambiguous risky tokens present - needs human judgment,weak,1
hadyelsahar/ar_res_reviews:22,review_needed,temperature_ac,general_place_vibe | temperature_ac,True,False,المطعم | بارد | بارده,,المطعم | بارد,الاكل | البطاطس | الطعام,2.9,unreviewed,only ambiguous risky tokens present - needs human judgment,weak,0
hadyelsahar/ar_res_reviews:23,review_needed,,,False,False,بارده,,,,0.3,unreviewed,only ambiguous risky tokens present - needs human judgment,weak,1
hadyelsahar/ar_res_reviews:25,review_needed,general_place_vibe,general_place_vibe,True,False,المطعم,,المطعم,الخبز | الوجبه,1.3,unreviewed,only ambiguous risky tokens present - needs human judgment,weak,1
hadyelsahar/ar_res_reviews:26,review_needed,general_place_vibe,general_place_vibe,True,False,المطعم,,المطعم,,1.3,unreviewed,only ambiguous risky tokens present - needs human judgment,weak,0
hadyelsahar/ar_res_reviews:37,review_needed,temperature_ac,general_place_vibe | temperature_ac,True,False,المطعم | حار,,المطعم | حار,الخبز | غالي,2.6,unreviewed,only ambiguous risky tokens present - needs human judgment,weak,1
hadyelsahar/ar_res_reviews:41,review_needed,general_place_vibe,general_place_vibe,True,False,المطعم,,المطعم,الاكل | البرجر | النكهه,1.3,unreviewed,only ambiguous risky tokens present - needs human judgment,weak,0
hadyelsahar/ar_res_reviews:46,review_needed,general_place_vibe,general_place_vibe,True,False,المطعم,,المطعم,اللحم,1.3,unreviewed,only ambiguous risky tokens present - needs human judgment,weak,1
hadyelsahar/ar_res_reviews:49,review_needed,general_place_vibe,general_place_vibe,True,False,المطعم,,المطعم,,1.3,unreviewed,only ambiguous risky tokens present - needs human judgment,weak,1
hadyelsahar/ar_res_reviews:50,review_needed,general_place_vibe,general_place_vibe,True,False,المطعم,,المطعم,غالي,1.3,unreviewed,only ambiguous risky tokens present - needs human judgment,weak,1
hadyelsahar/ar_res_reviews:53,review_needed,smell,smell,True,False,ريحه,,ريحه,الاكل | البرجر | اللحمه,1.3,unreviewed,only ambiguous risky tokens present - needs human judgment,weak,0
hadyelsahar/ar_res_reviews:56,review_needed,smell,smell,True,False,ريحه,,ريحه,الدجاج,1.3,unreviewed,only ambiguous risky tokens present - needs human judgment,weak,1
hadyelsahar/ar_res_reviews:60,review_needed,,,False,False,عاليه,,,الدجاج | الطعم,0.3,unreviewed,only ambiguous risky tokens present - needs human judgment,weak,1
hadyelsahar/ar_res_reviews:61,review_needed,general_place_vibe,general_place_vibe,True,False,المطعم,,المطعم,البطاطس,1.3,unreviewed,only ambiguous risky tokens present - needs human judgment,weak,0
hadyelsahar/ar_res_reviews:63,review_needed,general_place_vibe,general_place_vibe,True,False,المطعم,,المطعم,,1.3,unreviewed,only ambiguous risky tokens present - needs human judgment,weak,1
hadyelsahar/ar_res_reviews:75,review_needed,general_place_vibe,general_place_vibe,True,False,المطعم | زيت,,المطعم,البرجر | طعمه,1.6,unreviewed,only ambiguous risky tokens present - needs human judgment,weak,1
hadyelsahar/ar_res_reviews:79,review_needed,general_place_vibe,general_place_vibe,True,False,المطعم,,المطعم,,1.3,unreviewed,only ambiguous risky tokens present - needs human judgment,weak,1
hadyelsahar/ar_res_reviews:83,review_needed,general_place_vibe,general_place_vibe,True,False,المكان,,المكان,,1.3,unreviewed,only ambiguous risky tokens present - needs human judgment,weak,0
hadyelsahar/ar_res_reviews:87,review_needed,general_place_vibe,general_place_vibe,True,False,المطعم,,المطعم,الاكل,1.3,unreviewed,only ambiguous risky tokens present - needs human judgment,weak,1
hadyelsahar/ar_res_reviews:94,review_needed,temperature_ac,general_place_vibe | temperature_ac,True,False,المطعم | بارد,,المطعم | بارد,,2.6,unreviewed,only ambiguous risky tokens present - needs human judgment,weak,1
hadyelsahar/ar_res_reviews:97,review_needed,general_place_vibe,general_place_vibe,True,False,المطعم,,المطعم,,1.3,unreviewed,only ambiguous risky tokens present - needs human judgment,weak,1
hadyelsahar/ar_res_reviews:100,review_needed,general_place_vibe,general_place_vibe,True,False,المطعم,,المطعم,الخبز | الدجاج | غالي,1.3,unreviewed,only ambiguous risky tokens present - needs human judgment,weak,1
hadyelsahar/ar_res_reviews:101,review_needed,general_place_vibe,general_place_vibe,True,False,الفرع,,الفرع,,1.3,unreviewed,only ambiguous risky tokens present - needs human judgment,weak,0
hadyelsahar/ar_res_reviews:102,review_needed,general_place_vibe,general_place_vibe,True,False,المطعم,,المطعم,الخبز | الدجاج | الساندويتش | السعر | اللحم,1.3,unreviewed,only ambiguous risky tokens present - needs human judgment,weak,1
hadyelsahar/ar_res_reviews:104,review_needed,general_place_vibe,general_place_vibe,True,False,المكان,,المكان,الاسعار | البرجر | الدجاج,1.3,unreviewed,only ambiguous risky tokens present - needs human judgment,weak,1
hadyelsahar/ar_res_reviews:110,review_needed,general_place_vibe,general_place_vibe,True,False,المحل | المطعم,,المحل | المطعم,الاكل | الدجاج,2.6,unreviewed,only ambiguous risky tokens present - needs human judgment,weak,1
hadyelsahar/ar_res_reviews:113,review_needed,general_place_vibe,general_place_vibe,True,False,المطعم | زيت,,المطعم,البرجر | الخبز | الطعم,1.6,unreviewed,only ambiguous risky tokens present - needs human judgment,weak,0
hadyelsahar/ar_res_reviews:116,review_needed,,,False,False,بارده,,,الخبز,0.3,unreviewed,only ambiguous risky tokens present - needs human judgment,weak,0
hadyelsahar/ar_res_reviews:117,review_needed,general_place_vibe,general_place_vibe,True,False,المطعم | بارده,,المطعم,الساندويتش | الطعم,1.6,unreviewed,only ambiguous risky tokens present - needs human judgment,weak,1
hadyelsahar/ar_res_reviews:120,review_needed,general_place_vibe,general_place_vibe,True,False,الفرع,,الفرع,,1.3,unreviewed,only ambiguous risky tokens present - needs human judgment,weak,0
hadyelsahar/ar_res_reviews:131,review_needed,general_place_vibe,general_place_vibe,True,False,المطعم,,المطعم,,1.3,unreviewed,only ambiguous risky tokens present - needs human judgment,weak,1
hadyelsahar/ar_res_reviews:133,review_needed,general_place_vibe,general_place_vibe,True,False,المطعم,,المطعم,,1.3,unreviewed,only ambiguous risky tokens present - needs human judgment,weak,1
hadyelsahar/ar_res_reviews:134,review_needed,general_place_vibe,general_place_vibe,True,False,المطعم,,المطعم,البطاطس | الدجاج,1.3,unreviewed,only ambiguous risky tokens present - needs human judgment,weak,1
hadyelsahar/ar_res_reviews:135,review_needed,general_place_vibe,general_place_vibe,True,False,المطعم,,المطعم,,1.3,unreviewed,only ambiguous risky tokens present - needs human judgment,weak,1
hadyelsahar/ar_res_reviews:141,review_needed,general_place_vibe,general_place_vibe,True,False,المطعم,,المطعم,,1.3,unreviewed,only ambiguous risky tokens present - needs human judgment,weak,1
hadyelsahar/ar_res_reviews:152,review_needed,general_place_vibe,general_place_vibe,True,False,المطعم,,المطعم,البيتزا,1.3,unreviewed,only ambiguous risky tokens present - needs human judgment,weak,1
hadyelsahar/ar_res_reviews:159,review_needed,general_place_vibe,general_place_vibe,True,False,المطعم,,المطعم,انتظرت,1.3,unreviewed,only ambiguous risky tokens present - needs human judgment,weak,0
hadyelsahar/ar_res_reviews:160,review_needed,general_place_vibe,general_place_vibe,True,False,المطعم,,المطعم,الارز | الاكل,1.3,unreviewed,only ambiguous risky tokens present - needs human judgment,weak,1
hadyelsahar/ar_res_reviews:162,review_needed,general_place_vibe,general_place_vibe,True,False,المطعم,,المطعم,,1.3,unreviewed,only ambiguous risky tokens present - needs human judgment,weak,1
hadyelsahar/ar_res_reviews:165,review_needed,general_place_vibe,general_place_vibe,True,False,المطعم,,المطعم,,1.3,unreviewed,only ambiguous risky tokens present - needs human judgment,weak,1
hadyelsahar/ar_res_reviews:167,review_needed,general_place_vibe,general_place_vibe,True,False,المكان | عالي,,المكان,الدجاج,1.6,unreviewed,only ambiguous risky tokens present - needs human judgment,weak,1
hadyelsahar/ar_res_reviews:169,review_needed,general_place_vibe,general_place_vibe,True,False,المطعم,,المطعم,الدجاج | الرز | الطعام,1.3,unreviewed,only ambiguous risky tokens present - needs human judgment,weak,1
hadyelsahar/ar_res_reviews:171,review_needed,general_place_vibe,general_place_vibe,True,False,المطعم,,المطعم,البيتزا,1.3,unreviewed,only ambiguous risky tokens present - needs human judgment,weak,1
hadyelsahar/ar_res_reviews:176,review_needed,seating_comfort,seating_comfort | general_place_vibe,True,False,الطاوله | المطعم,,الطاوله | المطعم,الاكل | البيتزا,2.6,unreviewed,only ambiguous risky tokens present - needs human judgment,weak,1
hadyelsahar/ar_res_reviews:177,review_needed,general_place_vibe,general_place_vibe,True,False,الفرع,,الفرع,,1.3,unreviewed,only ambiguous risky tokens present - needs human judgment,weak,1
hadyelsahar/ar_res_reviews:178,review_needed,general_place_vibe,general_place_vibe,True,False,المطعم,,المطعم,,1.3,unreviewed,only ambiguous risky tokens present - needs human judgment,weak,1
hadyelsahar/ar_res_reviews:180,review_needed,general_place_vibe,general_place_vibe,True,False,المطعم,,المطعم,البيتزا,1.3,unreviewed,only ambiguous risky tokens present - needs human judgment,weak,0
hadyelsahar/ar_res_reviews:181,review_needed,general_place_vibe,general_place_vibe,True,False,المطعم,,المطعم,,1.3,unreviewed,only ambiguous risky tokens present - needs human judgment,weak,0
hadyelsahar/ar_res_reviews:185,review_needed,general_place_vibe,general_place_vibe,True,False,المطعم,,المطعم,,1.3,unreviewed,only ambiguous risky tokens present - needs human judgment,weak,1
hadyelsahar/ar_res_reviews:188,review_needed,general_place_vibe,general_place_vibe,True,False,المطعم,,المطعم,الطعام,1.3,unreviewed,only ambiguous risky tokens present - needs human judgment,weak,0
hadyelsahar/ar_res_reviews:195,review_needed,general_place_vibe,general_place_vibe,True,False,المطعم,,المطعم,الاكل | الطعم,1.3,unreviewed,only ambiguous risky tokens present - needs human judgment,weak,1
hadyelsahar/ar_res_reviews:200,review_needed,general_place_vibe,general_place_vibe,True,False,المطعم,,المطعم,البيتزا,1.3,unreviewed,only ambiguous risky tokens present - needs human judgment,weak,0
hadyelsahar/ar_res_reviews:201,review_needed,general_place_vibe,general_place_vibe,True,False,المطعم,,المطعم,البيتزا,1.3,unreviewed,only ambiguous risky tokens present - needs human judgment,weak,1
hadyelsahar/ar_res_reviews:216,review_needed,general_place_vibe,general_place_vibe,True,False,المطعم,,المطعم,,1.3,unreviewed,only ambiguous risky tokens present - needs human judgment,weak,1
hadyelsahar/ar_res_reviews:218,review_needed,general_place_vibe,general_place_vibe,True,False,المطعم,,المطعم,,1.3,unreviewed,only ambiguous risky tokens present - needs human judgment,weak,1
hadyelsahar/ar_res_reviews:221,review_needed,general_place_vibe,general_place_vibe,True,False,المطعم,,المطعم,الاكل | التوصيل | حشره | خطا,1.3,unreviewed,only ambiguous risky tokens present - needs human judgment,weak,0
hadyelsahar/ar_res_reviews:223,review_needed,general_place_vibe,general_place_vibe,True,False,المطعم,,المطعم,,1.3,unreviewed,only ambiguous risky tokens present - needs human judgment,weak,1
hadyelsahar/ar_res_reviews:225,review_needed,general_place_vibe,general_place_vibe,True,False,المطعم,,المطعم,الخبز,1.3,unreviewed,only ambiguous risky tokens present - needs human judgment,weak,1
hadyelsahar/ar_res_reviews:228,review_needed,general_place_vibe,general_place_vibe,True,False,المطعم,,المطعم,الطعم | الموظفين | طلبات | غاليه,1.3,unreviewed,only ambiguous risky tokens present - needs human judgment,weak,1
hadyelsahar/ar_res_reviews:230,review_needed,temperature_ac,temperature_ac,True,False,حار,,حار,,1.3,unreviewed,only ambiguous risky tokens present - needs human judgment,weak,1
hadyelsahar/ar_res_reviews:237,review_needed,general_place_vibe,general_place_vibe,True,False,المطعم,,المطعم,,1.3,unreviewed,only ambiguous risky tokens present - needs human judgment,weak,1
hadyelsahar/ar_res_reviews:239,review_needed,general_place_vibe,general_place_vibe,True,False,المطعم,,المطعم,,1.3,unreviewed,only ambiguous risky tokens present - needs human judgment,weak,1
hadyelsahar/ar_res_reviews:246,review_needed,general_place_vibe,general_place_vibe,True,False,المطعم,,المطعم,الاسعار,1.3,unreviewed,only ambiguous risky tokens present - needs human judgment,weak,1
hadyelsahar/ar_res_reviews:249,review_needed,outdoor_view,outdoor_view,True,False,برا,,برا,الساندويتش | الطعم | جاهز,1.3,unreviewed,only ambiguous risky tokens present - needs human judgment,weak,0
hadyelsahar/ar_res_reviews:251,review_needed,general_place_vibe,general_place_vibe,True,False,المطعم,,المطعم,غاليه,1.3,unreviewed,only ambiguous risky tokens present - needs human judgment,weak,1
hadyelsahar/ar_res_reviews:257,review_needed,general_place_vibe,general_place_vibe,True,False,المطعم,,المطعم,,1.3,unreviewed,only ambiguous risky tokens present - needs human judgment,weak,1
hadyelsahar/ar_res_reviews:264,review_needed,seating_comfort,seating_comfort | general_place_vibe,True,False,الطاوله | قديم | وسخه,,الطاوله | قديم,الاكل | الخبز | السعر | اللحم,2.9,unreviewed,only ambiguous risky tokens present - needs human judgment,weak,0
hadyelsahar/ar_res_reviews:266,review_needed,temperature_ac,general_place_vibe | temperature_ac,True,False,المطعم | حار,,المطعم | حار,البطاطس | الدجاج,2.6,unreviewed,only ambiguous risky tokens present - needs human judgment,weak,1
hadyelsahar/ar_res_reviews:268,review_needed,general_place_vibe,general_place_vibe,True,False,المطعم,,المطعم,البطاطس | الدجاج | اللحم,1.3,unreviewed,only ambiguous risky tokens present - needs human judgment,weak,0
hadyelsahar/ar_res_reviews:269,review_needed,general_place_vibe,general_place_vibe,True,False,المطعم,,المطعم,البرجر | الدجاج | اللحم,1.3,unreviewed,only ambiguous risky tokens present - needs human judgment,weak,0
hadyelsahar/ar_res_reviews:270,review_needed,temperature_ac,temperature_ac,True,False,حار,,حار,البطاطس | غالي,1.3,unreviewed,only ambiguous risky tokens present - needs human judgment,weak,1
hadyelsahar/ar_res_reviews:276,review_needed,general_place_vibe,general_place_vibe,True,False,المطعم,,المطعم,الوجبه,1.3,unreviewed,only ambiguous risky tokens present - needs human judgment,weak,1
hadyelsahar/ar_res_reviews:293,review_needed,temperature_ac,temperature_ac,True,False,بارد | حار,,بارد | حار,طعمها,2.6,unreviewed,only ambiguous risky tokens present - needs human judgment,weak,1
hadyelsahar/ar_res_reviews:294,review_needed,general_place_vibe,general_place_vibe,True,False,المطعم | بارده,,المطعم,البطاطس | الدجاج | الساندويتش | اللحم,1.6,unreviewed,only ambiguous risky tokens present - needs human judgment,weak,0
hadyelsahar/ar_res_reviews:297,review_needed,temperature_ac,general_place_vibe | temperature_ac,True,False,المطعم | حار,,المطعم | حار,البطاطس | التوصيل | الدجاج | اللحم,2.6,unreviewed,only ambiguous risky tokens present - needs human judgment,weak,0
hadyelsahar/ar_res_reviews:299,review_needed,,,False,False,بارده | حاره,,,الاسعار,0.6,unreviewed,only ambiguous risky tokens present - needs human judgment,weak,1
hadyelsahar/ar_res_reviews:305,review_needed,,,False,False,عاليه,,,,0.3,unreviewed,only ambiguous risky tokens present - needs human judgment,weak,0
hadyelsahar/ar_res_reviews:310,review_needed,temperature_ac,temperature_ac,True,False,حار,,حار,البطاطس,1.3,unreviewed,only ambiguous risky tokens present - needs human judgment,weak,1
hadyelsahar/ar_res_reviews:313,review_needed,outdoor_view,outdoor_view,True,False,برا,,برا,,1.3,unreviewed,only ambiguous risky tokens present - needs human judgment,weak,0
hadyelsahar/ar_res_reviews:319,review_needed,general_place_vibe,general_place_vibe,True,False,الفرع | المطعم,,الفرع | المطعم,,2.6,unreviewed,only ambiguous risky tokens present - needs human judgment,weak,1
hadyelsahar/ar_res_reviews:322,review_needed,general_place_vibe,general_place_vibe,True,False,المطعم,,المطعم,الاكل,1.3,unreviewed,only ambiguous risky tokens present - needs human judgment,weak,0
hadyelsahar/ar_res_reviews:323,review_needed,general_place_vibe,general_place_vibe,True,False,المطعم,,المطعم,الاكل,1.3,unreviewed,only ambiguous risky tokens present - needs human judgment,weak,1
hadyelsahar/ar_res_reviews:330,review_needed,,,False,False,زيت,,,الطعام | الطعم,0.3,unreviewed,only ambiguous risky tokens present - needs human judgment,weak,0
hadyelsahar/ar_res_reviews:331,review_needed,general_place_vibe,general_place_vibe,True,False,المطعم,,المطعم,اللحم,1.3,unreviewed,only ambiguous risky tokens present - needs human judgment,weak,1
hadyelsahar/ar_res_reviews:339,review_needed,general_place_vibe,general_place_vibe,True,False,المطعم,,المطعم,,1.3,unreviewed,only ambiguous risky tokens present - needs human judgment,weak,1
hadyelsahar/ar_res_reviews:343,review_needed,general_place_vibe,general_place_vibe,True,False,المطعم,,المطعم,,1.3,unreviewed,only ambiguous risky tokens present - needs human judgment,weak,0
hadyelsahar/ar_res_reviews:345,review_needed,general_place_vibe,general_place_vibe,True,False,المطعم,,المطعم,البرجر | غالي,1.3,unreviewed,only ambiguous risky tokens present - needs human judgment,weak,0
hadyelsahar/ar_res_reviews:346,review_needed,general_place_vibe,general_place_vibe,True,False,المطعم,,المطعم,الموظف | طعمه,1.3,unreviewed,only ambiguous risky tokens present - needs human judgment,weak,1
hadyelsahar/ar_res_reviews:349,review_needed,general_place_vibe,general_place_vibe,True,False,المطعم,,المطعم,,1.3,unreviewed,only ambiguous risky tokens present - needs human judgment,weak,1
hadyelsahar/ar_res_reviews:350,review_needed,general_place_vibe,general_place_vibe,True,False,المطعم,,المطعم,,1.3,unreviewed,only ambiguous risky tokens present - needs human judgment,weak,0
hadyelsahar/ar_res_reviews:356,review_needed,general_place_vibe,general_place_vibe,True,False,المطعم,,المطعم,الموظفين,1.3,unreviewed,only ambiguous risky tokens present - needs human judgment,weak,0
hadyelsahar/ar_res_reviews:358,review_needed,general_place_vibe,general_place_vibe,True,False,المطعم,,المطعم,الطعام,1.3,unreviewed,only ambiguous risky tokens present - needs human judgment,weak,0
hadyelsahar/ar_res_reviews:359,review_needed,general_place_vibe,general_place_vibe,True,False,المطعم,,المطعم,البيتزا | اللحم,1.3,unreviewed,only ambiguous risky tokens present - needs human judgment,weak,0
hadyelsahar/ar_res_reviews:360,review_needed,,,False,False,زيت,,,,0.3,unreviewed,only ambiguous risky tokens present - needs human judgment,weak,0
hadyelsahar/ar_res_reviews:370,review_needed,,,False,False,عاليه,,,,0.3,unreviewed,only ambiguous risky tokens present - needs human judgment,weak,1
hadyelsahar/ar_res_reviews:372,review_needed,general_place_vibe,general_place_vibe,True,False,المطعم,,المطعم,الاكل,1.3,unreviewed,only ambiguous risky tokens present - needs human judgment,weak,0
hadyelsahar/ar_res_reviews:375,review_needed,temperature_ac,temperature_ac,True,False,بارد,,بارد,,1.3,unreviewed,only ambiguous risky tokens present - needs human judgment,weak,0
hadyelsahar/ar_res_reviews:377,review_needed,,,False,False,زيت,,,البيتزا,0.3,unreviewed,only ambiguous risky tokens present - needs human judgment,weak,0
hadyelsahar/ar_res_reviews:381,review_needed,general_place_vibe,general_place_vibe,True,False,المطعم,,المطعم,,1.3,unreviewed,only ambiguous risky tokens present - needs human judgment,weak,1
hadyelsahar/ar_res_reviews:384,review_needed,general_place_vibe,general_place_vibe,True,False,المطعم,,المطعم,البيتزا,1.3,unreviewed,only ambiguous risky tokens present - needs human judgment,weak,1
hadyelsahar/ar_res_reviews:388,review_needed,outdoor_view,outdoor_view,True,False,برا,,برا,,1.3,unreviewed,only ambiguous risky tokens present - needs human judgment,weak,0
hadyelsahar/ar_res_reviews:393,review_needed,general_place_vibe,general_place_vibe,True,False,المطعم,,المطعم,الاكل,1.3,unreviewed,only ambiguous risky tokens present - needs human judgment,weak,0
hadyelsahar/ar_res_reviews:399,review_needed,temperature_ac,temperature_ac,True,False,بارد,,بارد,,1.3,unreviewed,only ambiguous risky tokens present - needs human judgment,weak,0
hadyelsahar/ar_res_reviews:401,review_needed,general_place_vibe,general_place_vibe,True,False,الفرع | المطعم,,الفرع | المطعم,البيتزا,2.6,unreviewed,only ambiguous risky tokens present - needs human judgment,weak,1
hadyelsahar/ar_res_reviews:403,review_needed,general_place_vibe,general_place_vibe,True,False,المحل,,المحل,طعمه,1.3,unreviewed,only ambiguous risky tokens present - needs human judgment,weak,1
hadyelsahar/ar_res_reviews:404,review_needed,,,False,False,زيت,,,البيتزا | الشاورما,0.3,unreviewed,only ambiguous risky tokens present - needs human judgment,weak,0
hadyelsahar/ar_res_reviews:405,review_needed,general_place_vibe,general_place_vibe,True,False,الفرع | المحل | زيت,,الفرع | المحل,الاكل,2.9,unreviewed,only ambiguous risky tokens present - needs human judgment,weak,1
hadyelsahar/ar_res_reviews:409,review_needed,general_place_vibe,general_place_vibe,True,False,المطعم,,المطعم,الاكل | الطعم,1.3,unreviewed,only ambiguous risky tokens present - needs human judgment,weak,0
hadyelsahar/ar_res_reviews:420,review_needed,general_place_vibe,general_place_vibe,True,False,المطعم,,المطعم,الوجبه,1.3,unreviewed,only ambiguous risky tokens present - needs human judgment,weak,0
hadyelsahar/ar_res_reviews:423,review_needed,general_place_vibe,general_place_vibe,True,False,المطعم,,المطعم,الاكل | مالح,1.3,unreviewed,only ambiguous risky tokens present - needs human judgment,weak,0
hadyelsahar/ar_res_reviews:429,review_needed,general_place_vibe,general_place_vibe,True,False,الفرع | المطعم,,الفرع | المطعم,,2.6,unreviewed,only ambiguous risky tokens present - needs human judgment,weak,0
hadyelsahar/ar_res_reviews:430,review_needed,general_place_vibe,general_place_vibe,True,False,المطعم,,المطعم,,1.3,unreviewed,only ambiguous risky tokens present - needs human judgment,weak,0
hadyelsahar/ar_res_reviews:431,review_needed,general_place_vibe,general_place_vibe,True,False,المطعم,,المطعم,,1.3,unreviewed,only ambiguous risky tokens present - needs human judgment,weak,0
hadyelsahar/ar_res_reviews:433,review_needed,general_place_vibe,general_place_vibe,True,False,المطعم,,المطعم,,1.3,unreviewed,only ambiguous risky tokens present - needs human judgment,weak,1
hadyelsahar/ar_res_reviews:438,review_needed,general_place_vibe,general_place_vibe,True,False,المطعم,,المطعم,طعمه,1.3,unreviewed,only ambiguous risky tokens present - needs human judgment,weak,1
hadyelsahar/ar_res_reviews:439,review_needed,general_place_vibe,general_place_vibe,True,False,المطعم,,المطعم,,1.3,unreviewed,only ambiguous risky tokens present - needs human judgment,weak,1
hadyelsahar/ar_res_reviews:441,review_needed,general_place_vibe,general_place_vibe,True,False,المكان,,المكان,,1.3,unreviewed,only ambiguous risky tokens present - needs human judgment,weak,1
hadyelsahar/ar_res_reviews:442,review_needed,general_place_vibe,general_place_vibe,True,False,المطعم,,المطعم,الاكل | الوجبه,1.3,unreviewed,only ambiguous risky tokens present - needs human judgment,weak,1
hadyelsahar/ar_res_reviews:460,review_needed,general_place_vibe,general_place_vibe,True,False,المطعم,,المطعم,,1.3,unreviewed,only ambiguous risky tokens present - needs human judgment,weak,0
hadyelsahar/ar_res_reviews:466,review_needed,general_place_vibe,general_place_vibe,True,False,المطعم | المكان,,المطعم | المكان,,2.6,unreviewed,only ambiguous risky tokens present - needs human judgment,weak,0
hadyelsahar/ar_res_reviews:469,review_needed,general_place_vibe,general_place_vibe,True,False,المطعم | زيت,,المطعم,الاكل | بقع,1.6,unreviewed,only ambiguous risky tokens present - needs human judgment,weak,0
hadyelsahar/ar_res_reviews:474,review_needed,general_place_vibe,general_place_vibe,True,False,المطعم,,المطعم,البيتزا,1.3,unreviewed,only ambiguous risky tokens present - needs human judgment,weak,1
hadyelsahar/ar_res_reviews:478,review_needed,general_place_vibe,general_place_vibe,True,False,المطعم,,المطعم,التوصيل,1.3,unreviewed,only ambiguous risky tokens present - needs human judgment,weak,0
hadyelsahar/ar_res_reviews:482,review_needed,,,False,False,قديمه,,,الوجبه,0.3,unreviewed,only ambiguous risky tokens present - needs human judgment,weak,0
hadyelsahar/ar_res_reviews:484,review_needed,general_place_vibe,general_place_vibe,True,False,المطعم,,المطعم,الاسعار | البطاطس,1.3,unreviewed,only ambiguous risky tokens present - needs human judgment,weak,0
hadyelsahar/ar_res_reviews:486,review_needed,general_place_vibe,general_place_vibe,True,False,المطعم,,المطعم,الدجاج,1.3,unreviewed,only ambiguous risky tokens present - needs human judgment,weak,1
hadyelsahar/ar_res_reviews:489,review_needed,general_place_vibe,general_place_vibe,True,False,المطعم,,المطعم,الوجبه,1.3,unreviewed,only ambiguous risky tokens present - needs human judgment,weak,1
hadyelsahar/ar_res_reviews:490,review_needed,general_place_vibe,general_place_vibe,True,False,الفرع,,الفرع,الطعم | الكاشير | الموظفين | النكهه | الوجبه,1.3,unreviewed,only ambiguous risky tokens present - needs human judgment,weak,1
hadyelsahar/ar_res_reviews:496,review_needed,general_place_vibe,general_place_vibe,True,False,المطعم,,المطعم,التوصيل,1.3,unreviewed,only ambiguous risky tokens present - needs human judgment,weak,1
hadyelsahar/ar_res_reviews:502,review_needed,general_place_vibe,general_place_vibe,True,False,المطعم,,المطعم,,1.3,unreviewed,only ambiguous risky tokens present - needs human judgment,weak,1
hadyelsahar/ar_res_reviews:503,review_needed,general_place_vibe,general_place_vibe,True,False,المطعم,,المطعم,,1.3,unreviewed,only ambiguous risky tokens present - needs human judgment,weak,1
hadyelsahar/ar_res_reviews:511,review_needed,general_place_vibe,general_place_vibe,True,False,الفرع | المطعم,,الفرع | المطعم,الاكل | الخبز,2.6,unreviewed,only ambiguous risky tokens present - needs human judgment,weak,0
hadyelsahar/ar_res_reviews:521,review_needed,temperature_ac,temperature_ac,True,False,بارد,,بارد,,1.3,unreviewed,only ambiguous risky tokens present - needs human judgment,weak,0
hadyelsahar/ar_res_reviews:522,review_needed,general_place_vibe,general_place_vibe,True,False,المطعم,,المطعم,الطعام,1.3,unreviewed,only ambiguous risky tokens present - needs human judgment,weak,1
hadyelsahar/ar_res_reviews:546,review_needed,general_place_vibe,general_place_vibe,True,False,الفرع,,الفرع,,1.3,unreviewed,only ambiguous risky tokens present - needs human judgment,weak,0
hadyelsahar/ar_res_reviews:551,review_needed,general_place_vibe,general_place_vibe,True,False,المطعم,,المطعم,التوصيل,1.3,unreviewed,only ambiguous risky tokens present - needs human judgment,weak,1
hadyelsahar/ar_res_reviews:552,review_needed,,,False,False,عاليه,,,,0.3,unreviewed,only ambiguous risky tokens present - needs human judgment,weak,1
hadyelsahar/ar_res_reviews:554,review_needed,general_place_vibe,general_place_vibe,True,False,المطعم,,المطعم,,1.3,unreviewed,only ambiguous risky tokens present - needs human judgment,weak,1
hadyelsahar/ar_res_reviews:555,review_needed,,,False,False,عاليه,,,,0.3,unreviewed,only ambiguous risky tokens present - needs human judgment,weak,1
hadyelsahar/ar_res_reviews:559,review_needed,general_place_vibe,general_place_vibe,True,False,الفرع,,الفرع,الدجاج,1.3,unreviewed,only ambiguous risky tokens present - needs human judgment,weak,0
hadyelsahar/ar_res_reviews:563,review_needed,general_place_vibe,general_place_vibe,True,False,المحل,,المحل,,1.3,unreviewed,only ambiguous risky tokens present - needs human judgment,weak,0
hadyelsahar/ar_res_reviews:564,review_needed,general_place_vibe,general_place_vibe,True,False,المطعم,,المطعم,,1.3,unreviewed,only ambiguous risky tokens present - needs human judgment,weak,1
hadyelsahar/ar_res_reviews:568,review_needed,smell,smell,True,False,ريحه,,ريحه,الدجاج | اللحم,1.3,unreviewed,only ambiguous risky tokens present - needs human judgment,weak,0
hadyelsahar/ar_res_reviews:569,review_needed,smell,smell,True,False,ريحه,,ريحه,الاكل | التوصيل | بطء,1.3,unreviewed,only ambiguous risky tokens present - needs human judgment,weak,1
hadyelsahar/ar_res_reviews:570,review_needed,general_place_vibe,general_place_vibe,True,False,المطعم,,المطعم,الدجاج,1.3,unreviewed,only ambiguous risky tokens present - needs human judgment,weak,1
hadyelsahar/ar_res_reviews:574,review_needed,general_place_vibe,general_place_vibe,True,False,الفرع,,الفرع,,1.3,unreviewed,only ambiguous risky tokens present - needs human judgment,weak,1
hadyelsahar/ar_res_reviews:575,review_needed,general_place_vibe,general_place_vibe,True,False,المطعم,,المطعم,,1.3,unreviewed,only ambiguous risky tokens present - needs human judgment,weak,0
hadyelsahar/ar_res_reviews:577,review_needed,general_place_vibe,general_place_vibe,True,False,المطعم,,المطعم,,1.3,unreviewed,only ambiguous risky tokens present - needs human judgment,weak,0
hadyelsahar/ar_res_reviews:581,review_needed,general_place_vibe,general_place_vibe,True,False,المطعم,,المطعم,,1.3,unreviewed,only ambiguous risky tokens present - needs human judgment,weak,1
hadyelsahar/ar_res_reviews:583,review_needed,general_place_vibe,general_place_vibe,True,False,المكان,,المكان,النادل,1.3,unreviewed,only ambiguous risky tokens present - needs human judgment,weak,1
hadyelsahar/ar_res_reviews:585,review_needed,general_place_vibe,general_place_vibe,True,False,المطعم,,المطعم,,1.3,unreviewed,only ambiguous risky tokens present - needs human judgment,weak,0
hadyelsahar/ar_res_reviews:591,review_needed,general_place_vibe,general_place_vibe,True,False,المطعم,,المطعم,البطاطس | التوصيل | النكهه | الوجبه,1.3,unreviewed,only ambiguous risky tokens present - needs human judgment,weak,1
hadyelsahar/ar_res_reviews:592,review_needed,general_place_vibe,general_place_vibe,True,False,المكان,,المكان,البطاطس | الطعام,1.3,unreviewed,only ambiguous risky tokens present - needs human judgment,weak,0
hadyelsahar/ar_res_reviews:594,review_needed,general_place_vibe,general_place_vibe,True,False,المطعم,,المطعم,,1.3,unreviewed,only ambiguous risky tokens present - needs human judgment,weak,0
hadyelsahar/ar_res_reviews:596,review_needed,general_place_vibe,general_place_vibe,True,False,المطعم,,المطعم,,1.3,unreviewed,only ambiguous risky tokens present - needs human judgment,weak,0
hadyelsahar/ar_res_reviews:603,review_needed,general_place_vibe,general_place_vibe,True,False,المطعم | قديم,,المطعم | قديم,,2.6,unreviewed,only ambiguous risky tokens present - needs human judgment,weak,0
hadyelsahar/ar_res_reviews:609,review_needed,general_place_vibe,general_place_vibe,True,False,زيت | قديم,,قديم,الاسعار | الاكل | البطاطس | التوصيل | الخبز | الدجاج | الرز | السلطه | الشاورما | الطعم | طعمها,1.6,unreviewed,only ambiguous risky tokens present - needs human judgment,weak,1
hadyelsahar/ar_res_reviews:618,review_needed,general_place_vibe,general_place_vibe,True,False,المكان,,المكان,البطاطس | الوجبه,1.3,unreviewed,only ambiguous risky tokens present - needs human judgment,weak,1
hadyelsahar/ar_res_reviews:619,review_needed,general_place_vibe,general_place_vibe,True,False,المطعم | حاره,,المطعم,الدجاج,1.6,unreviewed,only ambiguous risky tokens present - needs human judgment,weak,0
hadyelsahar/ar_res_reviews:628,review_needed,,,False,False,زيت,,,,0.3,unreviewed,only ambiguous risky tokens present - needs human judgment,weak,1
hadyelsahar/ar_res_reviews:630,review_needed,,,False,False,عاليه,,,,0.3,unreviewed,only ambiguous risky tokens present - needs human judgment,weak,1
hadyelsahar/ar_res_reviews:631,review_needed,general_place_vibe,general_place_vibe,True,False,المطعم,,المطعم,,1.3,unreviewed,only ambiguous risky tokens present - needs human judgment,weak,1
hadyelsahar/ar_res_reviews:632,review_needed,general_place_vibe,general_place_vibe,True,False,المحل | المكان,,المحل | المكان,اسلوبه | الاكل,2.6,unreviewed,only ambiguous risky tokens present - needs human judgment,weak,0
hadyelsahar/ar_res_reviews:633,review_needed,general_place_vibe,general_place_vibe,True,False,المطعم,,المطعم,,1.3,unreviewed,only ambiguous risky tokens present - needs human judgment,weak,1
hadyelsahar/ar_res_reviews:635,review_needed,general_place_vibe,general_place_vibe,True,False,المطعم,,المطعم,,1.3,unreviewed,only ambiguous risky tokens present - needs human judgment,weak,0
hadyelsahar/ar_res_reviews:649,review_needed,general_place_vibe,general_place_vibe,True,False,الفرع | المطعم,,الفرع | المطعم,الكاشير | الوجبه | انتظرت | غلط,2.6,unreviewed,only ambiguous risky tokens present - needs human judgment,weak,0
hadyelsahar/ar_res_reviews:650,review_needed,general_place_vibe,general_place_vibe,True,False,المطعم,,المطعم,,1.3,unreviewed,only ambiguous risky tokens present - needs human judgment,weak,0
hadyelsahar/ar_res_reviews:654,review_needed,general_place_vibe,general_place_vibe,True,False,المطعم,,المطعم,غالي,1.3,unreviewed,only ambiguous risky tokens present - needs human judgment,weak,0
hadyelsahar/ar_res_reviews:655,review_needed,general_place_vibe,general_place_vibe,True,False,المطعم,,المطعم,اسلوبه | الاكل,1.3,unreviewed,only ambiguous risky tokens present - needs human judgment,weak,1
hadyelsahar/ar_res_reviews:658,review_needed,general_place_vibe,general_place_vibe,True,False,المطعم,,المطعم,البطاطس | الوجبه | طعمه | غالي,1.3,unreviewed,only ambiguous risky tokens present - needs human judgment,weak,1
hadyelsahar/ar_res_reviews:663,review_needed,general_place_vibe,general_place_vibe,True,False,المطعم,,المطعم,الكاشير,1.3,unreviewed,only ambiguous risky tokens present - needs human judgment,weak,0
hadyelsahar/ar_res_reviews:670,review_needed,temperature_ac,general_place_vibe | temperature_ac,True,False,المطعم | حار,,المطعم | حار,,2.6,unreviewed,only ambiguous risky tokens present - needs human judgment,weak,1
hadyelsahar/ar_res_reviews:680,review_needed,general_place_vibe,general_place_vibe,True,False,المطعم,,المطعم,الاسعار | الدجاج | الموظفين,1.3,unreviewed,only ambiguous risky tokens present - needs human judgment,weak,1
hadyelsahar/ar_res_reviews:681,review_needed,general_place_vibe,general_place_vibe,True,False,المطعم,,المطعم,البرجر,1.3,unreviewed,only ambiguous risky tokens present - needs human judgment,weak,1
hadyelsahar/ar_res_reviews:688,review_needed,general_place_vibe,general_place_vibe,True,False,المطعم,,المطعم,,1.3,unreviewed,only ambiguous risky tokens present - needs human judgment,weak,1
hadyelsahar/ar_res_reviews:689,review_needed,general_place_vibe,general_place_vibe,True,False,المطعم,,المطعم,الطعام,1.3,unreviewed,only ambiguous risky tokens present - needs human judgment,weak,1
hadyelsahar/ar_res_reviews:693,review_needed,general_place_vibe,general_place_vibe,True,False,المطعم,,المطعم,,1.3,unreviewed,only ambiguous risky tokens present - needs human judgment,weak,1
hadyelsahar/ar_res_reviews:694,review_needed,general_place_vibe,general_place_vibe,True,False,المطعم,,المطعم,الاكل | طعمه,1.3,unreviewed,only ambiguous risky tokens present - needs human judgment,weak,1
hadyelsahar/ar_res_reviews:696,review_needed,general_place_vibe,general_place_vibe,True,False,المطعم,,المطعم,الاسعار | الاكل | النكهه | طلبات,1.3,unreviewed,only ambiguous risky tokens present - needs human judgment,weak,1
hadyelsahar/ar_res_reviews:698,review_needed,general_place_vibe,general_place_vibe,True,False,المطعم,,المطعم,,1.3,unreviewed,only ambiguous risky tokens present - needs human judgment,weak,1
hadyelsahar/ar_res_reviews:700,review_needed,general_place_vibe,general_place_vibe,True,False,المطعم,,المطعم,غاليه,1.3,unreviewed,only ambiguous risky tokens present - needs human judgment,weak,0
hadyelsahar/ar_res_reviews:701,review_needed,general_place_vibe,general_place_vibe,True,False,المكان,,المكان,الاكل,1.3,unreviewed,only ambiguous risky tokens present - needs human judgment,weak,1
hadyelsahar/ar_res_reviews:707,review_needed,general_place_vibe,general_place_vibe,True,False,المطعم,,المطعم,,1.3,unreviewed,only ambiguous risky tokens present - needs human judgment,weak,1
hadyelsahar/ar_res_reviews:709,review_needed,general_place_vibe,general_place_vibe,True,False,المطعم,,المطعم,,1.3,unreviewed,only ambiguous risky tokens present - needs human judgment,weak,1
hadyelsahar/ar_res_reviews:715,review_needed,general_place_vibe,general_place_vibe,True,False,المطعم,,المطعم,الطعم,1.3,unreviewed,only ambiguous risky tokens present - needs human judgment,weak,0
hadyelsahar/ar_res_reviews:717,review_needed,general_place_vibe,general_place_vibe,True,False,المكان,,المكان,,1.3,unreviewed,only ambiguous risky tokens present - needs human judgment,weak,1
hadyelsahar/ar_res_reviews:721,review_needed,general_place_vibe,general_place_vibe,True,False,المطعم,,المطعم,,1.3,unreviewed,only ambiguous risky tokens present - needs human judgment,weak,0
hadyelsahar/ar_res_reviews:722,review_needed,general_place_vibe,general_place_vibe,True,False,المطعم | المكان,,المطعم | المكان,البرجر | الوجبه,2.6,unreviewed,only ambiguous risky tokens present - needs human judgment,weak,1
hadyelsahar/ar_res_reviews:726,review_needed,general_place_vibe,general_place_vibe,True,False,المطعم | زيت | قديم,,المطعم | قديم,البطاطس | البيتزا,2.9,unreviewed,only ambiguous risky tokens present - needs human judgment,weak,0
hadyelsahar/ar_res_reviews:733,review_needed,general_place_vibe,general_place_vibe,True,False,المطعم,,المطعم,,1.3,unreviewed,only ambiguous risky tokens present - needs human judgment,weak,1
hadyelsahar/ar_res_reviews:735,review_needed,general_place_vibe,general_place_vibe,True,False,المكان | عالي,,المكان,البيتزا | السعر,1.6,unreviewed,only ambiguous risky tokens present - needs human judgment,weak,0
hadyelsahar/ar_res_reviews:748,review_needed,general_place_vibe,general_place_vibe,True,False,المحل,,المحل,البيتزا | السعر,1.3,unreviewed,only ambiguous risky tokens present - needs human judgment,weak,1
hadyelsahar/ar_res_reviews:749,review_needed,temperature_ac,temperature_ac,True,False,حار,,حار,الاكل | البيتزا,1.3,unreviewed,only ambiguous risky tokens present - needs human judgment,weak,1
hadyelsahar/ar_res_reviews:754,review_needed,,,False,False,بارده,,,البيتزا | ساعتين,0.3,unreviewed,only ambiguous risky tokens present - needs human judgment,weak,0
hadyelsahar/ar_res_reviews:757,review_needed,general_place_vibe,general_place_vibe,True,False,المحل,,المحل,,1.3,unreviewed,only ambiguous risky tokens present - needs human judgment,weak,1
hadyelsahar/ar_res_reviews:758,review_needed,general_place_vibe,general_place_vibe,True,False,المطعم,,المطعم,التوصيل,1.3,unreviewed,only ambiguous risky tokens present - needs human judgment,weak,1
hadyelsahar/ar_res_reviews:759,review_needed,temperature_ac,temperature_ac,True,False,حار,,حار,الدجاج,1.3,unreviewed,only ambiguous risky tokens present - needs human judgment,weak,1
hadyelsahar/ar_res_reviews:760,review_needed,general_place_vibe,general_place_vibe,True,False,المطعم | زيت,,المطعم,الاسعار | البيتزا | الخبز | الدجاج,1.6,unreviewed,only ambiguous risky tokens present - needs human judgment,weak,1
hadyelsahar/ar_res_reviews:763,review_needed,outdoor_view,outdoor_view,True,False,برا | حاره,,برا,البيتزا | التوصيل,1.6,unreviewed,only ambiguous risky tokens present - needs human judgment,weak,1
hadyelsahar/ar_res_reviews:766,review_needed,outdoor_view,outdoor_view,True,False,برا,,برا,,1.3,unreviewed,only ambiguous risky tokens present - needs human judgment,weak,1
hadyelsahar/ar_res_reviews:770,review_needed,temperature_ac,general_place_vibe | temperature_ac,True,False,المطعم | حار,,المطعم | حار,البيتزا | التوصيل | الدجاج,2.6,unreviewed,only ambiguous risky tokens present - needs human judgment,weak,1
hadyelsahar/ar_res_reviews:771,review_needed,general_place_vibe,general_place_vibe,True,False,المطعم,,المطعم,,1.3,unreviewed,only ambiguous risky tokens present - needs human judgment,weak,1
hadyelsahar/ar_res_reviews:774,review_needed,,,False,False,حاره,,,,0.3,unreviewed,only ambiguous risky tokens present - needs human judgment,weak,1
hadyelsahar/ar_res_reviews:779,review_needed,general_place_vibe,general_place_vibe,True,False,المطعم,,المطعم,التوصيل,1.3,unreviewed,only ambiguous risky tokens present - needs human judgment,weak,0
hadyelsahar/ar_res_reviews:788,review_needed,general_place_vibe,general_place_vibe,True,False,المطعم,,المطعم,,1.3,unreviewed,only ambiguous risky tokens present - needs human judgment,weak,1
hadyelsahar/ar_res_reviews:798,review_needed,general_place_vibe,general_place_vibe,True,False,المطعم | زيت,,المطعم,البيتزا,1.6,unreviewed,only ambiguous risky tokens present - needs human judgment,weak,1
hadyelsahar/ar_res_reviews:803,review_needed,general_place_vibe,general_place_vibe,True,False,المطعم,,المطعم,التوصيل | الفاتوره | الكاشير,1.3,unreviewed,only ambiguous risky tokens present - needs human judgment,weak,0
hadyelsahar/ar_res_reviews:816,review_needed,general_place_vibe,general_place_vibe,True,False,المطعم,,المطعم,الدجاج,1.3,unreviewed,only ambiguous risky tokens present - needs human judgment,weak,1
hadyelsahar/ar_res_reviews:817,review_needed,general_place_vibe,general_place_vibe,True,False,المطعم,,المطعم,,1.3,unreviewed,only ambiguous risky tokens present - needs human judgment,weak,1
hadyelsahar/ar_res_reviews:818,review_needed,general_place_vibe,general_place_vibe,True,False,المطعم,,المطعم,,1.3,unreviewed,only ambiguous risky tokens present - needs human judgment,weak,0
hadyelsahar/ar_res_reviews:822,review_needed,,,False,False,حاره,,,البيتزا,0.3,unreviewed,only ambiguous risky tokens present - needs human judgment,weak,1
hadyelsahar/ar_res_reviews:824,review_needed,general_place_vibe,general_place_vibe,True,False,المطعم,,المطعم,التوصيل | ساعتين,1.3,unreviewed,only ambiguous risky tokens present - needs human judgment,weak,1
hadyelsahar/ar_res_reviews:827,review_needed,general_place_vibe,general_place_vibe,True,False,المطعم,,المطعم,السعر,1.3,unreviewed,only ambiguous risky tokens present - needs human judgment,weak,1
hadyelsahar/ar_res_reviews:834,review_needed,general_place_vibe,general_place_vibe,True,False,المطعم,,المطعم,,1.3,unreviewed,only ambiguous risky tokens present - needs human judgment,weak,1
hadyelsahar/ar_res_reviews:835,review_needed,general_place_vibe,general_place_vibe,True,False,المطعم,,المطعم,بايخ,1.3,unreviewed,only ambiguous risky tokens present - needs human judgment,weak,0
hadyelsahar/ar_res_reviews:837,review_needed,general_place_vibe,general_place_vibe,True,False,المطعم,,المطعم,,1.3,unreviewed,only ambiguous risky tokens present - needs human judgment,weak,1
hadyelsahar/ar_res_reviews:838,review_needed,smell,smell,True,False,رائحه,,رائحه,,1.3,unreviewed,only ambiguous risky tokens present - needs human judgment,weak,0
hadyelsahar/ar_res_reviews:843,review_needed,general_place_vibe,general_place_vibe,True,False,المطعم,,المطعم,غاليه,1.3,unreviewed,only ambiguous risky tokens present - needs human judgment,weak,1
hadyelsahar/ar_res_reviews:844,review_needed,general_place_vibe,general_place_vibe,True,False,المطعم,,المطعم,,1.3,unreviewed,only ambiguous risky tokens present - needs human judgment,weak,1
hadyelsahar/ar_res_reviews:845,review_needed,general_place_vibe,general_place_vibe,True,False,المكان,,المكان,النكهه,1.3,unreviewed,only ambiguous risky tokens present - needs human judgment,weak,1
hadyelsahar/ar_res_reviews:847,review_needed,general_place_vibe,general_place_vibe,True,False,المطعم,,المطعم,البرجر,1.3,unreviewed,only ambiguous risky tokens present - needs human judgment,weak,1
hadyelsahar/ar_res_reviews:849,review_needed,general_place_vibe,general_place_vibe,True,False,المطعم,,المطعم,البطاطس | اللحم | طعمه,1.3,unreviewed,only ambiguous risky tokens present - needs human judgment,weak,0
hadyelsahar/ar_res_reviews:850,review_needed,general_place_vibe,general_place_vibe,True,False,المطعم,,المطعم,,1.3,unreviewed,only ambiguous risky tokens present - needs human judgment,weak,0
hadyelsahar/ar_res_reviews:852,review_needed,general_place_vibe,general_place_vibe,True,False,المطعم,,المطعم,الاكل,1.3,unreviewed,only ambiguous risky tokens present - needs human judgment,weak,0
hadyelsahar/ar_res_reviews:853,review_needed,,,False,False,بارده,,,,0.3,unreviewed,only ambiguous risky tokens present - needs human judgment,weak,1
hadyelsahar/ar_res_reviews:856,review_needed,,,False,False,زيت,,,البطاطس | الخبز | السعر | الوجبه,0.3,unreviewed,only ambiguous risky tokens present - needs human judgment,weak,0
hadyelsahar/ar_res_reviews:857,review_needed,general_place_vibe,general_place_vibe,True,False,المطعم,,المطعم,,1.3,unreviewed,only ambiguous risky tokens present - needs human judgment,weak,0
hadyelsahar/ar_res_reviews:858,review_needed,general_place_vibe,general_place_vibe,True,False,الفرع,,الفرع,البطاطس | الوجبه,1.3,unreviewed,only ambiguous risky tokens present - needs human judgment,weak,0
hadyelsahar/ar_res_reviews:861,review_needed,general_place_vibe,general_place_vibe,True,False,المطعم,,المطعم,التوصيل,1.3,unreviewed,only ambiguous risky tokens present - needs human judgment,weak,0
hadyelsahar/ar_res_reviews:862,review_needed,,,False,False,زيت,,,البرجر | البطاطس | اللحم,0.3,unreviewed,only ambiguous risky tokens present - needs human judgment,weak,0
hadyelsahar/ar_res_reviews:863,review_needed,general_place_vibe,general_place_vibe,True,False,المطعم,,المطعم,الاكل,1.3,unreviewed,only ambiguous risky tokens present - needs human judgment,weak,1
hadyelsahar/ar_res_reviews:871,review_needed,temperature_ac,temperature_ac,True,False,حار,,حار,,1.3,unreviewed,only ambiguous risky tokens present - needs human judgment,weak,1
hadyelsahar/ar_res_reviews:872,review_needed,temperature_ac,temperature_ac,True,False,حار,,حار,,1.3,unreviewed,only ambiguous risky tokens present - needs human judgment,weak,1
hadyelsahar/ar_res_reviews:879,review_needed,general_place_vibe,general_place_vibe,True,False,المطعم,,المطعم,الاكل | الدجاج | الموظفين,1.3,unreviewed,only ambiguous risky tokens present - needs human judgment,weak,0
hadyelsahar/ar_res_reviews:880,review_needed,general_place_vibe,general_place_vibe,True,False,المطعم,,المطعم,الكاشير,1.3,unreviewed,only ambiguous risky tokens present - needs human judgment,weak,0
hadyelsahar/ar_res_reviews:885,review_needed,general_place_vibe,general_place_vibe,True,False,المطعم,,المطعم,,1.3,unreviewed,only ambiguous risky tokens present - needs human judgment,weak,1
hadyelsahar/ar_res_reviews:886,review_needed,,,False,False,زيت,,,البطاطس | الدجاج | النكهه | طعمه | طعمها,0.3,unreviewed,only ambiguous risky tokens present - needs human judgment,weak,0
hadyelsahar/ar_res_reviews:894,review_needed,general_place_vibe,general_place_vibe,True,False,المطعم,,المطعم,الاكل | الدجاج,1.3,unreviewed,only ambiguous risky tokens present - needs human judgment,weak,0
hadyelsahar/ar_res_reviews:902,review_needed,seating_comfort,seating_comfort | general_place_vibe,True,False,الطاوله | المكان,,الطاوله | المكان,الاكل | الدجاج | الكاشير,2.6,unreviewed,only ambiguous risky tokens present - needs human judgment,weak,0
hadyelsahar/ar_res_reviews:904,review_needed,general_place_vibe,general_place_vibe,True,False,المطعم,,المطعم,,1.3,unreviewed,only ambiguous risky tokens present - needs human judgment,weak,0
hadyelsahar/ar_res_reviews:916,review_needed,general_place_vibe,general_place_vibe,True,False,المطعم,,المطعم,الدجاج,1.3,unreviewed,only ambiguous risky tokens present - needs human judgment,weak,0
hadyelsahar/ar_res_reviews:937,review_needed,general_place_vibe,general_place_vibe,True,False,المطعم,,المطعم,الاكل,1.3,unreviewed,only ambiguous risky tokens present - needs human judgment,weak,0
hadyelsahar/ar_res_reviews:939,review_needed,,,False,False,وسخ,,,,0.3,unreviewed,only ambiguous risky tokens present - needs human judgment,weak,0
hadyelsahar/ar_res_reviews:940,review_needed,temperature_ac,temperature_ac | smell,True,False,بارد | ريحه,,بارد | ريحه,التوصيل,2.6,unreviewed,only ambiguous risky tokens present - needs human judgment,weak,0
hadyelsahar/ar_res_reviews:945,review_needed,temperature_ac,temperature_ac,True,False,بارد,,بارد,الدجاج,1.3,unreviewed,only ambiguous risky tokens present - needs human judgment,weak,0
hadyelsahar/ar_res_reviews:946,review_needed,temperature_ac,general_place_vibe | temperature_ac | smell,True,False,الفرع | بارد | ريحه,,الفرع | بارد | ريحه,,3.9,unreviewed,only ambiguous risky tokens present - needs human judgment,weak,0
hadyelsahar/ar_res_reviews:954,review_needed,general_place_vibe,general_place_vibe,True,False,المحل | المطعم,,المحل | المطعم,,2.6,unreviewed,only ambiguous risky tokens present - needs human judgment,weak,0
hadyelsahar/ar_res_reviews:973,review_needed,,,False,False,زيت,,,,0.3,unreviewed,only ambiguous risky tokens present - needs human judgment,weak,0
hadyelsahar/ar_res_reviews:981,review_needed,,,False,False,زيت,,,الاكل | البطاطس | الدجاج | السلطه | الطعم | طعمه,0.3,unreviewed,only ambiguous risky tokens present - needs human judgment,weak,0
hadyelsahar/ar_res_reviews:982,review_needed,temperature_ac,temperature_ac,True,False,بارد,,بارد,الاكل | ناقصه,1.3,unreviewed,only ambiguous risky tokens present - needs human judgment,weak,0
hadyelsahar/ar_res_reviews:983,review_needed,temperature_ac,general_place_vibe | temperature_ac,True,False,المطعم | بارد | حار,,المطعم | بارد | حار,الدجاج | الطعم | مالح,3.9,unreviewed,only ambiguous risky tokens present - needs human judgment,weak,1
hadyelsahar/ar_res_reviews:990,review_needed,general_place_vibe,general_place_vibe,True,False,المطعم,,المطعم,,1.3,unreviewed,only ambiguous risky tokens present - needs human judgment,weak,0
hadyelsahar/ar_res_reviews:993,review_needed,general_place_vibe,general_place_vibe,True,False,المطعم,,المطعم,,1.3,unreviewed,only ambiguous risky tokens present - needs human judgment,weak,0
hadyelsahar/ar_res_reviews:994,review_needed,general_place_vibe,general_place_vibe,True,False,المطعم,,المطعم,,1.3,unreviewed,only ambiguous risky tokens present - needs human judgment,weak,1
hadyelsahar/ar_res_reviews:995,review_needed,,,False,False,زيت,,,,0.3,unreviewed,only ambiguous risky tokens present - needs human judgment,weak,0
hadyelsahar/ar_res_reviews:1000,review_needed,general_place_vibe,general_place_vibe,True,False,الفرع,,الفرع,الدجاج | الموظفين,1.3,unreviewed,only ambiguous risky tokens present - needs human judgment,weak,0
hadyelsahar/ar_res_reviews:1007,review_needed,,,False,False,زيت,,,الاكل | ساعتين,0.3,unreviewed,only ambiguous risky tokens present - needs human judgment,weak,0
hadyelsahar/ar_res_reviews:1009,review_needed,general_place_vibe,general_place_vibe,True,False,الفرع,,الفرع,,1.3,unreviewed,only ambiguous risky tokens present - needs human judgment,weak,1
hadyelsahar/ar_res_reviews:1010,review_needed,general_place_vibe,general_place_vibe,True,False,المطعم,,المطعم,,1.3,unreviewed,only ambiguous risky tokens present - needs human judgment,weak,0
hadyelsahar/ar_res_reviews:1012,review_needed,temperature_ac,general_place_vibe | temperature_ac,True,False,المطعم | بارد | زيت,,المطعم | بارد,,2.9,unreviewed,only ambiguous risky tokens present - needs human judgment,weak,0
hadyelsahar/ar_res_reviews:1013,review_needed,general_place_vibe,general_place_vibe,True,False,المطعم | وسخ,,المطعم,الاكل,1.6,unreviewed,only ambiguous risky tokens present - needs human judgment,weak,1
hadyelsahar/ar_res_reviews:1016,review_needed,general_place_vibe,general_place_vibe,True,False,المطعم,,المطعم,البطاطس | طعمها,1.3,unreviewed,only ambiguous risky tokens present - needs human judgment,weak,1
hadyelsahar/ar_res_reviews:1017,review_needed,general_place_vibe,general_place_vibe,True,False,المطعم,,المطعم,,1.3,unreviewed,only ambiguous risky tokens present - needs human judgment,weak,1
hadyelsahar/ar_res_reviews:1020,review_needed,temperature_ac,temperature_ac,True,False,حار,,حار,,1.3,unreviewed,only ambiguous risky tokens present - needs human judgment,weak,0
hadyelsahar/ar_res_reviews:1024,review_needed,general_place_vibe,general_place_vibe,True,False,المطعم,,المطعم,طعمها,1.3,unreviewed,only ambiguous risky tokens present - needs human judgment,weak,1
hadyelsahar/ar_res_reviews:1026,review_needed,general_place_vibe,general_place_vibe,True,False,المطعم,,المطعم,,1.3,unreviewed,only ambiguous risky tokens present - needs human judgment,weak,0
hadyelsahar/ar_res_reviews:1030,review_needed,temperature_ac,temperature_ac,True,False,بارد,,بارد,,1.3,unreviewed,only ambiguous risky tokens present - needs human judgment,weak,1
hadyelsahar/ar_res_reviews:1031,review_needed,smell,smell,True,False,ريحه | زيت,,ريحه,الاكل,1.6,unreviewed,only ambiguous risky tokens present - needs human judgment,weak,0
hadyelsahar/ar_res_reviews:1042,review_needed,decor_furniture,decor_furniture,True,False,الارضيه,,الارضيه,السلطه,1.3,unreviewed,only ambiguous risky tokens present - needs human judgment,weak,0
hadyelsahar/ar_res_reviews:1046,review_needed,general_place_vibe,general_place_vibe,True,False,المطعم,,المطعم,,1.3,unreviewed,only ambiguous risky tokens present - needs human judgment,weak,0
hadyelsahar/ar_res_reviews:1050,review_needed,general_place_vibe,general_place_vibe,True,False,قديم,,قديم,الاكل,1.3,unreviewed,only ambiguous risky tokens present - needs human judgment,weak,0
hadyelsahar/ar_res_reviews:1053,review_needed,general_place_vibe,general_place_vibe,True,False,المطعم,,المطعم,الدجاج,1.3,unreviewed,only ambiguous risky tokens present - needs human judgment,weak,0
hadyelsahar/ar_res_reviews:1054,review_needed,general_place_vibe,general_place_vibe,True,False,المطعم,,المطعم,الدجاج,1.3,unreviewed,only ambiguous risky tokens present - needs human judgment,weak,0
hadyelsahar/ar_res_reviews:1056,review_needed,general_place_vibe,general_place_vibe,True,False,المطعم,,المطعم,,1.3,unreviewed,only ambiguous risky tokens present - needs human judgment,weak,0
hadyelsahar/ar_res_reviews:1062,review_needed,general_place_vibe,general_place_vibe,True,False,المطعم,,المطعم,اللحمه,1.3,unreviewed,only ambiguous risky tokens present - needs human judgment,weak,1
hadyelsahar/ar_res_reviews:1066,review_needed,general_place_vibe,general_place_vibe,True,False,المطعم,,المطعم,,1.3,unreviewed,only ambiguous risky tokens present - needs human judgment,weak,1
hadyelsahar/ar_res_reviews:1085,review_needed,,,False,False,عالي,,,غالي,0.3,unreviewed,only ambiguous risky tokens present - needs human judgment,weak,0
hadyelsahar/ar_res_reviews:1088,review_needed,general_place_vibe,general_place_vibe,True,False,المطعم,,المطعم,,1.3,unreviewed,only ambiguous risky tokens present - needs human judgment,weak,1
hadyelsahar/ar_res_reviews:1093,review_needed,general_place_vibe,general_place_vibe,True,False,المطعم,,المطعم,,1.3,unreviewed,only ambiguous risky tokens present - needs human judgment,weak,1
hadyelsahar/ar_res_reviews:1100,review_needed,general_place_vibe,general_place_vibe,True,False,المكان,,المكان,الاكل | الدجاج | اللحم | ساعتين,1.3,unreviewed,only ambiguous risky tokens present - needs human judgment,weak,0
hadyelsahar/ar_res_reviews:1101,review_needed,general_place_vibe,general_place_vibe,True,False,المطعم,,المطعم,,1.3,unreviewed,only ambiguous risky tokens present - needs human judgment,weak,1
hadyelsahar/ar_res_reviews:1103,review_needed,,,False,False,زيت,,,,0.3,unreviewed,only ambiguous risky tokens present - needs human judgment,weak,1
hadyelsahar/ar_res_reviews:1104,review_needed,general_place_vibe,general_place_vibe,True,False,المطعم,,المطعم,,1.3,unreviewed,only ambiguous risky tokens present - needs human judgment,weak,0
hadyelsahar/ar_res_reviews:1109,review_needed,general_place_vibe,general_place_vibe,True,False,المكان,,المكان,الاكل,1.3,unreviewed,only ambiguous risky tokens present - needs human judgment,weak,1
hadyelsahar/ar_res_reviews:1118,review_needed,general_place_vibe,general_place_vibe,True,False,المطعم,,المطعم,الخبز | العيش,1.3,unreviewed,only ambiguous risky tokens present - needs human judgment,weak,1
hadyelsahar/ar_res_reviews:1120,review_needed,temperature_ac,temperature_ac,True,False,بارد,,بارد,الاسعار | البرجر | البطاطس,1.3,unreviewed,only ambiguous risky tokens present - needs human judgment,weak,0
hadyelsahar/ar_res_reviews:1121,review_needed,general_place_vibe,general_place_vibe,True,False,المطعم,,المطعم,,1.3,unreviewed,only ambiguous risky tokens present - needs human judgment,weak,0
hadyelsahar/ar_res_reviews:1131,review_needed,general_place_vibe,general_place_vibe,True,False,المطعم,,المطعم,,1.3,unreviewed,only ambiguous risky tokens present - needs human judgment,weak,0
hadyelsahar/ar_res_reviews:1132,review_needed,general_place_vibe,general_place_vibe,True,False,المطعم,,المطعم,,1.3,unreviewed,only ambiguous risky tokens present - needs human judgment,weak,0
hadyelsahar/ar_res_reviews:1133,review_needed,general_place_vibe,general_place_vibe,True,False,المطعم,,المطعم,,1.3,unreviewed,only ambiguous risky tokens present - needs human judgment,weak,0
hadyelsahar/ar_res_reviews:1138,review_needed,general_place_vibe,general_place_vibe,True,False,المطعم,,المطعم,الاكل | البرجر | ذباب | طعمها,1.3,unreviewed,only ambiguous risky tokens present - needs human judgment,weak,0
hadyelsahar/ar_res_reviews:1142,review_needed,general_place_vibe,general_place_vibe,True,False,المطعم,,المطعم,اللحم,1.3,unreviewed,only ambiguous risky tokens present - needs human judgment,weak,0
hadyelsahar/ar_res_reviews:1144,review_needed,general_place_vibe,general_place_vibe,True,False,المطعم,,المطعم,السعر,1.3,unreviewed,only ambiguous risky tokens present - needs human judgment,weak,0
hadyelsahar/ar_res_reviews:1158,review_needed,general_place_vibe,general_place_vibe,True,False,المطعم | المكان,,المطعم | المكان,الفاتوره,2.6,unreviewed,only ambiguous risky tokens present - needs human judgment,weak,0
hadyelsahar/ar_res_reviews:1161,review_needed,temperature_ac,general_place_vibe | temperature_ac,True,False,المطعم | بارد,,المطعم | بارد,الاكل,2.6,unreviewed,only ambiguous risky tokens present - needs human judgment,weak,0
hadyelsahar/ar_res_reviews:1172,review_needed,seating_comfort,seating_comfort,True,False,الطاوله,,الطاوله,الاكل | بطء,1.3,unreviewed,only ambiguous risky tokens present - needs human judgment,weak,1
hadyelsahar/ar_res_reviews:1180,review_needed,,,False,False,عالي,,,,0.3,unreviewed,only ambiguous risky tokens present - needs human judgment,weak,1
hadyelsahar/ar_res_reviews:1181,review_needed,,,False,False,بارده,,,النكهه,0.3,unreviewed,only ambiguous risky tokens present - needs human judgment,weak,1
hadyelsahar/ar_res_reviews:1186,review_needed,smell,smell,True,False,رائحه,,رائحه,الطعم | النكهه,1.3,unreviewed,only ambiguous risky tokens present - needs human judgment,weak,1
hadyelsahar/ar_res_reviews:1196,review_needed,temperature_ac,general_place_vibe | temperature_ac,True,False,المحل | بارد,,المحل | بارد,,2.6,unreviewed,only ambiguous risky tokens present - needs human judgment,weak,1
hadyelsahar/ar_res_reviews:1211,review_needed,outdoor_view,outdoor_view,True,False,برا,,برا,,1.3,unreviewed,only ambiguous risky tokens present - needs human judgment,weak,1
hadyelsahar/ar_res_reviews:1217,review_needed,general_place_vibe,general_place_vibe,True,False,المحل,,المحل,,1.3,unreviewed,only ambiguous risky tokens present - needs human judgment,weak,1
hadyelsahar/ar_res_reviews:1231,review_needed,temperature_ac,temperature_ac,True,False,بارد,,بارد,,1.3,unreviewed,only ambiguous risky tokens present - needs human judgment,weak,1
hadyelsahar/ar_res_reviews:1233,review_needed,general_place_vibe,general_place_vibe,True,False,المطعم,,المطعم,,1.3,unreviewed,only ambiguous risky tokens present - needs human judgment,weak,1
hadyelsahar/ar_res_reviews:1245,review_needed,general_place_vibe,general_place_vibe,True,False,المطعم,,المطعم,غالي,1.3,unreviewed,only ambiguous risky tokens present - needs human judgment,weak,1
hadyelsahar/ar_res_reviews:1252,review_needed,general_place_vibe,general_place_vibe,True,False,المطعم,,المطعم,,1.3,unreviewed,only ambiguous risky tokens present - needs human judgment,weak,1
hadyelsahar/ar_res_reviews:1253,review_needed,general_place_vibe,general_place_vibe,True,False,المطعم,,المطعم,الدجاج,1.3,unreviewed,only ambiguous risky tokens present - needs human judgment,weak,1
hadyelsahar/ar_res_reviews:1254,review_needed,general_place_vibe,general_place_vibe,True,False,المطعم,,المطعم,الطعم,1.3,unreviewed,only ambiguous risky tokens present - needs human judgment,weak,1
hadyelsahar/ar_res_reviews:1267,review_needed,temperature_ac,general_place_vibe | temperature_ac,True,False,الفرع | بارد,,الفرع | بارد,,2.6,unreviewed,only ambiguous risky tokens present - needs human judgment,weak,0
hadyelsahar/ar_res_reviews:1268,review_needed,smell,smell,True,False,ريحه,,ريحه,البرجر | الدجاج | اللحم,1.3,unreviewed,only ambiguous risky tokens present - needs human judgment,weak,1
hadyelsahar/ar_res_reviews:1273,review_needed,general_place_vibe,general_place_vibe,True,False,المطعم | عاليه,,المطعم,الاسعار | الطعام,1.6,unreviewed,only ambiguous risky tokens present - needs human judgment,weak,1
hadyelsahar/ar_res_reviews:1277,review_needed,temperature_ac,temperature_ac,True,False,بارد,,بارد,الاكل,1.3,unreviewed,only ambiguous risky tokens present - needs human judgment,weak,0
hadyelsahar/ar_res_reviews:1278,review_needed,,,False,False,حاره,,,البرجر | الطعم | طعمه,0.3,unreviewed,only ambiguous risky tokens present - needs human judgment,weak,1
hadyelsahar/ar_res_reviews:1290,review_needed,general_place_vibe,general_place_vibe,True,False,المطعم,,المطعم,غالي,1.3,unreviewed,only ambiguous risky tokens present - needs human judgment,weak,1
hadyelsahar/ar_res_reviews:1295,review_needed,general_place_vibe,general_place_vibe,True,False,المطعم,,المطعم,,1.3,unreviewed,only ambiguous risky tokens present - needs human judgment,weak,1
hadyelsahar/ar_res_reviews:1296,review_needed,general_place_vibe,general_place_vibe,True,False,المطعم,,المطعم,الدجاج | غالي,1.3,unreviewed,only ambiguous risky tokens present - needs human judgment,weak,1
hadyelsahar/ar_res_reviews:1297,review_needed,general_place_vibe,general_place_vibe,True,False,المطعم,,المطعم,طلبات,1.3,unreviewed,only ambiguous risky tokens present - needs human judgment,weak,1
hadyelsahar/ar_res_reviews:1299,review_needed,general_place_vibe,general_place_vibe,True,False,المطعم,,المطعم,غاليه,1.3,unreviewed,only ambiguous risky tokens present - needs human judgment,weak,0
hadyelsahar/ar_res_reviews:1301,review_needed,general_place_vibe,general_place_vibe,True,False,المحل,,المحل,,1.3,unreviewed,only ambiguous risky tokens present - needs human judgment,weak,1
hadyelsahar/ar_res_reviews:1305,review_needed,seating_comfort,seating_comfort | general_place_vibe,True,False,الطاوله | المحل,,الطاوله | المحل,الاكل,2.6,unreviewed,only ambiguous risky tokens present - needs human judgment,weak,1
hadyelsahar/ar_res_reviews:1306,review_needed,general_place_vibe,general_place_vibe,True,False,المطعم,,المطعم,المضيفه,1.3,unreviewed,only ambiguous risky tokens present - needs human judgment,weak,1
hadyelsahar/ar_res_reviews:1307,review_needed,temperature_ac,general_place_vibe | temperature_ac,True,False,المطعم | بارد,,المطعم | بارد,الدجاج | طعمه,2.6,unreviewed,only ambiguous risky tokens present - needs human judgment,weak,0
hadyelsahar/ar_res_reviews:1317,review_needed,general_place_vibe,general_place_vibe,True,False,المطعم,,المطعم,الطعام | اللحم,1.3,unreviewed,only ambiguous risky tokens present - needs human judgment,weak,0
hadyelsahar/ar_res_reviews:1320,review_needed,general_place_vibe,general_place_vibe,True,False,المطعم,,المطعم,البطاطس | الخبز,1.3,unreviewed,only ambiguous risky tokens present - needs human judgment,weak,0
hadyelsahar/ar_res_reviews:1334,review_needed,general_place_vibe,general_place_vibe,True,False,المكان,,المكان,,1.3,unreviewed,only ambiguous risky tokens present - needs human judgment,weak,1
hadyelsahar/ar_res_reviews:1338,review_needed,general_place_vibe,general_place_vibe,True,False,المحل | المطعم,,المحل | المطعم,الخبز | اللحم | النكهه | طعمه,2.6,unreviewed,only ambiguous risky tokens present - needs human judgment,weak,1
hadyelsahar/ar_res_reviews:1351,review_needed,general_place_vibe,general_place_vibe,True,False,الفرع,,الفرع,,1.3,unreviewed,only ambiguous risky tokens present - needs human judgment,weak,1
hadyelsahar/ar_res_reviews:1353,review_needed,smell,smell,True,False,رائحه,,رائحه,الاكل,1.3,unreviewed,only ambiguous risky tokens present - needs human judgment,weak,0
hadyelsahar/ar_res_reviews:1366,review_needed,general_place_vibe,general_place_vibe,True,False,المطعم,,المطعم,,1.3,unreviewed,only ambiguous risky tokens present - needs human judgment,weak,1
hadyelsahar/ar_res_reviews:1368,review_needed,temperature_ac,seating_comfort | general_place_vibe | temperature_ac,True,False,الطاوله | المطعم | بارد | حار,,الطاوله | المطعم | بارد | حار,الاكل | الطعام | غالي | نسي,5.2,unreviewed,only ambiguous risky tokens present - needs human judgment,weak,0
hadyelsahar/ar_res_reviews:1370,review_needed,temperature_ac,general_place_vibe | temperature_ac,True,False,المطعم | حار,,المطعم | حار,الاكل,2.6,unreviewed,only ambiguous risky tokens present - needs human judgment,weak,1
hadyelsahar/ar_res_reviews:1373,review_needed,temperature_ac,temperature_ac,True,False,بارد,,بارد,,1.3,unreviewed,only ambiguous risky tokens present - needs human judgment,weak,0
hadyelsahar/ar_res_reviews:1376,review_needed,temperature_ac,general_place_vibe | temperature_ac,True,False,المطعم | بارد | عاليه,,المطعم | بارد,البرجر | الطعم | الوجبه,2.9,unreviewed,only ambiguous risky tokens present - needs human judgment,weak,1
hadyelsahar/ar_res_reviews:1382,review_needed,general_place_vibe,general_place_vibe,True,False,المحل | المطعم,,المحل | المطعم,السلطه,2.6,unreviewed,only ambiguous risky tokens present - needs human judgment,weak,1
hadyelsahar/ar_res_reviews:1388,review_needed,general_place_vibe,general_place_vibe,True,False,المطعم,,المطعم,الطعم,1.3,unreviewed,only ambiguous risky tokens present - needs human judgment,weak,0
hadyelsahar/ar_res_reviews:1407,review_needed,general_place_vibe,general_place_vibe,True,False,المطعم | بارده,,المطعم,طلبات,1.6,unreviewed,only ambiguous risky tokens present - needs human judgment,weak,0
hadyelsahar/ar_res_reviews:1408,review_needed,general_place_vibe,general_place_vibe,True,False,الفرع,,الفرع,,1.3,unreviewed,only ambiguous risky tokens present - needs human judgment,weak,1
hadyelsahar/ar_res_reviews:1410,review_needed,,,False,False,زيت,,,,0.3,unreviewed,only ambiguous risky tokens present - needs human judgment,weak,0
hadyelsahar/ar_res_reviews:1412,review_needed,general_place_vibe,general_place_vibe,True,False,المطعم,,المطعم,الاكل | الطعام | اللحم,1.3,unreviewed,only ambiguous risky tokens present - needs human judgment,weak,1
hadyelsahar/ar_res_reviews:1413,review_needed,general_place_vibe,general_place_vibe,True,False,المطعم,,المطعم,,1.3,unreviewed,only ambiguous risky tokens present - needs human judgment,weak,1
hadyelsahar/ar_res_reviews:1415,review_needed,general_place_vibe,general_place_vibe,True,False,المطعم,,المطعم,,1.3,unreviewed,only ambiguous risky tokens present - needs human judgment,weak,0
hadyelsahar/ar_res_reviews:1428,review_needed,general_place_vibe,general_place_vibe,True,False,المطعم,,المطعم,,1.3,unreviewed,only ambiguous risky tokens present - needs human judgment,weak,0
hadyelsahar/ar_res_reviews:1432,review_needed,general_place_vibe,general_place_vibe,True,False,المطعم,,المطعم,الاسعار,1.3,unreviewed,only ambiguous risky tokens present - needs human judgment,weak,1
hadyelsahar/ar_res_reviews:1436,review_needed,general_place_vibe,general_place_vibe,True,False,المطعم | زيت,,المطعم,,1.6,unreviewed,only ambiguous risky tokens present - needs human judgment,weak,1
hadyelsahar/ar_res_reviews:1437,review_needed,general_place_vibe,general_place_vibe,True,False,المطعم,,المطعم,,1.3,unreviewed,only ambiguous risky tokens present - needs human judgment,weak,1
hadyelsahar/ar_res_reviews:1446,review_needed,general_place_vibe,general_place_vibe,True,False,المطعم,,المطعم,,1.3,unreviewed,only ambiguous risky tokens present - needs human judgment,weak,1
hadyelsahar/ar_res_reviews:1456,review_needed,smell,smell,True,False,رائحه,,رائحه,الطعام,1.3,unreviewed,only ambiguous risky tokens present - needs human judgment,weak,0
hadyelsahar/ar_res_reviews:1457,review_needed,general_place_vibe,general_place_vibe,True,False,المحل | المطعم,,المحل | المطعم,الموظف,2.6,unreviewed,only ambiguous risky tokens present - needs human judgment,weak,0
hadyelsahar/ar_res_reviews:1458,review_needed,general_place_vibe,general_place_vibe,True,False,الفرع,,الفرع,الدجاج | الطعم,1.3,unreviewed,only ambiguous risky tokens present - needs human judgment,weak,0
hadyelsahar/ar_res_reviews:1482,review_needed,general_place_vibe,general_place_vibe,True,False,المطعم,,المطعم,الاكل,1.3,unreviewed,only ambiguous risky tokens present - needs human judgment,weak,0
hadyelsahar/ar_res_reviews:1485,review_needed,general_place_vibe,general_place_vibe,True,False,المطعم,,المطعم,البطاطس | مالح,1.3,unreviewed,only ambiguous risky tokens present - needs human judgment,weak,1
hadyelsahar/ar_res_reviews:1486,review_needed,general_place_vibe,general_place_vibe,True,False,المطعم,,المطعم,طعمه,1.3,unreviewed,only ambiguous risky tokens present - needs human judgment,weak,1
hadyelsahar/ar_res_reviews:1488,review_needed,general_place_vibe,general_place_vibe,True,False,المطعم,,المطعم,,1.3,unreviewed,only ambiguous risky tokens present - needs human judgment,weak,1
hadyelsahar/ar_res_reviews:1496,review_needed,general_place_vibe,general_place_vibe,True,False,قديم,,قديم,اللحم,1.3,unreviewed,only ambiguous risky tokens present - needs human judgment,weak,0
hadyelsahar/ar_res_reviews:1498,review_needed,general_place_vibe,general_place_vibe,True,False,المطعم,,المطعم,,1.3,unreviewed,only ambiguous risky tokens present - needs human judgment,weak,0
hadyelsahar/ar_res_reviews:1499,review_needed,general_place_vibe,general_place_vibe,True,False,المطعم,,المطعم,,1.3,unreviewed,only ambiguous risky tokens present - needs human judgment,weak,1
hadyelsahar/ar_res_reviews:1502,review_needed,,,False,False,بارده,,,الاكل | البطاطس | التوصيل | طعمه,0.3,unreviewed,only ambiguous risky tokens present - needs human judgment,weak,1
hadyelsahar/ar_res_reviews:1503,review_needed,general_place_vibe,general_place_vibe,True,False,المطعم,,المطعم,,1.3,unreviewed,only ambiguous risky tokens present - needs human judgment,weak,1
hadyelsahar/ar_res_reviews:1504,review_needed,general_place_vibe,general_place_vibe,True,False,المطعم,,المطعم,,1.3,unreviewed,only ambiguous risky tokens present - needs human judgment,weak,1
hadyelsahar/ar_res_reviews:1506,review_needed,,,False,False,بارده | عالي,,,طعمه,0.6,unreviewed,only ambiguous risky tokens present - needs human judgment,weak,1
hadyelsahar/ar_res_reviews:1508,review_needed,general_place_vibe,general_place_vibe,True,False,المحل,,المحل,,1.3,unreviewed,only ambiguous risky tokens present - needs human judgment,weak,1
hadyelsahar/ar_res_reviews:1517,review_needed,,,False,False,عالي,,,,0.3,unreviewed,only ambiguous risky tokens present - needs human judgment,weak,1
hadyelsahar/ar_res_reviews:1519,review_needed,general_place_vibe,general_place_vibe,True,False,المطعم,,المطعم,,1.3,unreviewed,only ambiguous risky tokens present - needs human judgment,weak,1
hadyelsahar/ar_res_reviews:1526,review_needed,general_place_vibe,general_place_vibe,True,False,المطعم,,المطعم,,1.3,unreviewed,only ambiguous risky tokens present - needs human judgment,weak,1
hadyelsahar/ar_res_reviews:1528,review_needed,general_place_vibe,general_place_vibe,True,False,المطعم,,المطعم,الاكل | الدجاج,1.3,unreviewed,only ambiguous risky tokens present - needs human judgment,weak,0
hadyelsahar/ar_res_reviews:1531,review_needed,general_place_vibe,general_place_vibe,True,False,المطعم,,المطعم,الطعم,1.3,unreviewed,only ambiguous risky tokens present - needs human judgment,weak,1
hadyelsahar/ar_res_reviews:1541,review_needed,general_place_vibe,general_place_vibe,True,False,المطعم,,المطعم,الدجاج | الطعم,1.3,unreviewed,only ambiguous risky tokens present - needs human judgment,weak,1
hadyelsahar/ar_res_reviews:1545,review_needed,general_place_vibe,general_place_vibe,True,False,المطعم,,المطعم,الطعم | الوجبه | غاليه,1.3,unreviewed,only ambiguous risky tokens present - needs human judgment,weak,0
hadyelsahar/ar_res_reviews:1549,review_needed,general_place_vibe,general_place_vibe,True,False,الفرع,,الفرع,الكاشير,1.3,unreviewed,only ambiguous risky tokens present - needs human judgment,weak,0
hadyelsahar/ar_res_reviews:1550,review_needed,,,False,False,بارده | حاره,,,,0.6,unreviewed,only ambiguous risky tokens present - needs human judgment,weak,0
hadyelsahar/ar_res_reviews:1554,review_needed,,,False,False,زيت,,,,0.3,unreviewed,only ambiguous risky tokens present - needs human judgment,weak,0
hadyelsahar/ar_res_reviews:1555,review_needed,general_place_vibe,general_place_vibe,True,False,المطعم,,المطعم,الاسعار | الاكل | البرجر,1.3,unreviewed,only ambiguous risky tokens present - needs human judgment,weak,0
hadyelsahar/ar_res_reviews:1557,review_needed,general_place_vibe,general_place_vibe,True,False,المطعم,,المطعم,,1.3,unreviewed,only ambiguous risky tokens present - needs human judgment,weak,1
hadyelsahar/ar_res_reviews:1560,review_needed,general_place_vibe,general_place_vibe,True,False,المطعم,,المطعم,,1.3,unreviewed,only ambiguous risky tokens present - needs human judgment,weak,0
hadyelsahar/ar_res_reviews:1572,review_needed,general_place_vibe,general_place_vibe,True,False,المطعم,,المطعم,البرجر,1.3,unreviewed,only ambiguous risky tokens present - needs human judgment,weak,1
hadyelsahar/ar_res_reviews:1573,review_needed,general_place_vibe,general_place_vibe,True,False,المطعم | المكان,,المطعم | المكان,الطعم,2.6,unreviewed,only ambiguous risky tokens present - needs human judgment,weak,1
hadyelsahar/ar_res_reviews:1575,review_needed,seating_comfort,seating_comfort | general_place_vibe,True,False,الطاوله | المكان,,الطاوله | المكان,الخبز | الدجاج | الطعام | الطعم,2.6,unreviewed,only ambiguous risky tokens present - needs human judgment,weak,1
hadyelsahar/ar_res_reviews:1579,review_needed,general_place_vibe,general_place_vibe,True,False,المطعم,,المطعم,مالح,1.3,unreviewed,only ambiguous risky tokens present - needs human judgment,weak,1
hadyelsahar/ar_res_reviews:1598,review_needed,general_place_vibe,general_place_vibe,True,False,المحل,,المحل,,1.3,unreviewed,only ambiguous risky tokens present - needs human judgment,weak,1
hadyelsahar/ar_res_reviews:1601,review_needed,general_place_vibe,general_place_vibe,True,False,المطعم,,المطعم,,1.3,unreviewed,only ambiguous risky tokens present - needs human judgment,weak,1
hadyelsahar/ar_res_reviews:1602,review_needed,general_place_vibe,general_place_vibe,True,False,المطعم,,المطعم,,1.3,unreviewed,only ambiguous risky tokens present - needs human judgment,weak,0
hadyelsahar/ar_res_reviews:1603,review_needed,general_place_vibe,general_place_vibe,True,False,المطعم,,المطعم,الاكل,1.3,unreviewed,only ambiguous risky tokens present - needs human judgment,weak,0
hadyelsahar/ar_res_reviews:1604,review_needed,general_place_vibe,general_place_vibe,True,False,المطعم,,المطعم,,1.3,unreviewed,only ambiguous risky tokens present - needs human judgment,weak,1
hadyelsahar/ar_res_reviews:1606,review_needed,general_place_vibe,general_place_vibe,True,False,المطعم,,المطعم,,1.3,unreviewed,only ambiguous risky tokens present - needs human judgment,weak,0
hadyelsahar/ar_res_reviews:1608,review_needed,general_place_vibe,general_place_vibe,True,False,المطعم,,المطعم,,1.3,unreviewed,only ambiguous risky tokens present - needs human judgment,weak,1
hadyelsahar/ar_res_reviews:1609,review_needed,general_place_vibe,general_place_vibe,True,False,المطعم,,المطعم,الاسعار,1.3,unreviewed,only ambiguous risky tokens present - needs human judgment,weak,1
hadyelsahar/ar_res_reviews:1610,review_needed,general_place_vibe,general_place_vibe,True,False,المطعم | المكان,,المطعم | المكان,الطعام | اللحم | طعمه,2.6,unreviewed,only ambiguous risky tokens present - needs human judgment,weak,1
hadyelsahar/ar_res_reviews:1612,review_needed,general_place_vibe,general_place_vibe,True,False,المطعم | المكان,,المطعم | المكان,الاكل | البيتزا,2.6,unreviewed,only ambiguous risky tokens present - needs human judgment,weak,0
hadyelsahar/ar_res_reviews:1613,review_needed,general_place_vibe,general_place_vibe,True,False,المطعم,,المطعم,الاكل,1.3,unreviewed,only ambiguous risky tokens present - needs human judgment,weak,0
hadyelsahar/ar_res_reviews:1615,review_needed,general_place_vibe,general_place_vibe,True,False,المطعم,,المطعم,البيتزا | السلطه,1.3,unreviewed,only ambiguous risky tokens present - needs human judgment,weak,1
hadyelsahar/ar_res_reviews:1617,review_needed,general_place_vibe,general_place_vibe,True,False,المطعم,,المطعم,اسلوب | الاسعار,1.3,unreviewed,only ambiguous risky tokens present - needs human judgment,weak,1
hadyelsahar/ar_res_reviews:1621,review_needed,temperature_ac,general_place_vibe | temperature_ac,True,False,المطعم | بارد,,المطعم | بارد,الاكل,2.6,unreviewed,only ambiguous risky tokens present - needs human judgment,weak,0
hadyelsahar/ar_res_reviews:1623,review_needed,general_place_vibe,general_place_vibe,True,False,المطعم,,المطعم,الاكل | الفاتوره,1.3,unreviewed,only ambiguous risky tokens present - needs human judgment,weak,0
hadyelsahar/ar_res_reviews:1631,review_needed,general_place_vibe,general_place_vibe,True,False,المطعم,,المطعم,الاكل,1.3,unreviewed,only ambiguous risky tokens present - needs human judgment,weak,1
hadyelsahar/ar_res_reviews:1635,review_needed,general_place_vibe,general_place_vibe,True,False,المطعم,,المطعم,,1.3,unreviewed,only ambiguous risky tokens present - needs human judgment,weak,1
hadyelsahar/ar_res_reviews:1641,review_needed,general_place_vibe,general_place_vibe,True,False,الفرع | المطعم,,الفرع | المطعم,الاكل | الخبز | غالي,2.6,unreviewed,only ambiguous risky tokens present - needs human judgment,weak,1
hadyelsahar/ar_res_reviews:1642,review_needed,outdoor_view,general_place_vibe | outdoor_view,True,False,المطعم | برا,,المطعم | برا,الاسعار | النكهه,2.6,unreviewed,only ambiguous risky tokens present - needs human judgment,weak,0
hadyelsahar/ar_res_reviews:1643,review_needed,general_place_vibe,general_place_vibe,True,False,الفرع,,الفرع,الاكل | البرجر | البطاطس | جاهز | طلبات,1.3,unreviewed,only ambiguous risky tokens present - needs human judgment,weak,1
hadyelsahar/ar_res_reviews:1644,review_needed,smell,smell,True,False,رائحه | زيت,,رائحه,الدجاج,1.6,unreviewed,only ambiguous risky tokens present - needs human judgment,weak,0
hadyelsahar/ar_res_reviews:1646,review_needed,general_place_vibe,general_place_vibe,True,False,المطعم,,المطعم,,1.3,unreviewed,only ambiguous risky tokens present - needs human judgment,weak,0
hadyelsahar/ar_res_reviews:1651,review_needed,,,False,False,زيت,,,,0.3,unreviewed,only ambiguous risky tokens present - needs human judgment,weak,1
hadyelsahar/ar_res_reviews:1655,review_needed,general_place_vibe,general_place_vibe,True,False,المطعم,,المطعم,الدجاج | اللحم,1.3,unreviewed,only ambiguous risky tokens present - needs human judgment,weak,0
hadyelsahar/ar_res_reviews:1657,review_needed,general_place_vibe,general_place_vibe,True,False,المطعم,,المطعم,,1.3,unreviewed,only ambiguous risky tokens present - needs human judgment,weak,0
hadyelsahar/ar_res_reviews:1662,review_needed,general_place_vibe,general_place_vibe,True,False,المطعم | المكان,,المطعم | المكان,الارز | الدجاج | السعر | اللحم,2.6,unreviewed,only ambiguous risky tokens present - needs human judgment,weak,0
hadyelsahar/ar_res_reviews:1663,review_needed,general_place_vibe,general_place_vibe,True,False,المطعم,,المطعم,,1.3,unreviewed,only ambiguous risky tokens present - needs human judgment,weak,0
hadyelsahar/ar_res_reviews:1664,review_needed,general_place_vibe,general_place_vibe,True,False,المحل,,المحل,,1.3,unreviewed,only ambiguous risky tokens present - needs human judgment,weak,1
hadyelsahar/ar_res_reviews:1666,review_needed,temperature_ac,general_place_vibe | temperature_ac,True,False,المطعم | حار,,المطعم | حار,البطاطس | الدجاج | السلطه | الوجبه | طعمه,2.6,unreviewed,only ambiguous risky tokens present - needs human judgment,weak,1
hadyelsahar/ar_res_reviews:1672,review_needed,general_place_vibe,general_place_vibe,True,False,المطعم,,المطعم,,1.3,unreviewed,only ambiguous risky tokens present - needs human judgment,weak,1
hadyelsahar/ar_res_reviews:1674,review_needed,general_place_vibe,general_place_vibe,True,False,المطعم,,المطعم,,1.3,unreviewed,only ambiguous risky tokens present - needs human judgment,weak,1
hadyelsahar/ar_res_reviews:1681,review_needed,general_place_vibe,general_place_vibe,True,False,الفرع,,الفرع,البطاطس,1.3,unreviewed,only ambiguous risky tokens present - needs human judgment,weak,1
hadyelsahar/ar_res_reviews:1691,review_needed,smell,smell,True,False,ريحه,,ريحه,,1.3,unreviewed,only ambiguous risky tokens present - needs human judgment,weak,0
hadyelsahar/ar_res_reviews:1696,review_needed,,,False,False,عاليه,,,الدجاج | الموظفين,0.3,unreviewed,only ambiguous risky tokens present - needs human judgment,weak,1
hadyelsahar/ar_res_reviews:1709,review_needed,general_place_vibe,general_place_vibe,True,False,المطعم,,المطعم,اللحم | النكهه,1.3,unreviewed,only ambiguous risky tokens present - needs human judgment,weak,1
hadyelsahar/ar_res_reviews:1714,review_needed,temperature_ac,temperature_ac,True,False,بارد,,بارد,,1.3,unreviewed,only ambiguous risky tokens present - needs human judgment,weak,0
hadyelsahar/ar_res_reviews:1719,review_needed,general_place_vibe,general_place_vibe,True,False,المطعم,,المطعم,البطاطس | اللحم | الوجبه,1.3,unreviewed,only ambiguous risky tokens present - needs human judgment,weak,0
hadyelsahar/ar_res_reviews:1721,review_needed,general_place_vibe,general_place_vibe,True,False,المكان,,المكان,البرجر | البطاطس | الموظفين | طعمها,1.3,unreviewed,only ambiguous risky tokens present - needs human judgment,weak,1
hadyelsahar/ar_res_reviews:1725,review_needed,general_place_vibe,general_place_vibe,True,False,المطعم,,المطعم,الاكل | البطاطس,1.3,unreviewed,only ambiguous risky tokens present - needs human judgment,weak,1
hadyelsahar/ar_res_reviews:1731,review_needed,general_place_vibe,general_place_vibe,True,False,المطعم,,المطعم,البطاطس | الطعم | العيش,1.3,unreviewed,only ambiguous risky tokens present - needs human judgment,weak,1
hadyelsahar/ar_res_reviews:1732,review_needed,general_place_vibe,general_place_vibe,True,False,المطعم,,المطعم,التوصيل,1.3,unreviewed,only ambiguous risky tokens present - needs human judgment,weak,1
hadyelsahar/ar_res_reviews:1738,review_needed,general_place_vibe,general_place_vibe,True,False,المطعم,,المطعم,,1.3,unreviewed,only ambiguous risky tokens present - needs human judgment,weak,0
hadyelsahar/ar_res_reviews:1749,review_needed,general_place_vibe,general_place_vibe,True,False,المطعم,,المطعم,,1.3,unreviewed,only ambiguous risky tokens present - needs human judgment,weak,1
hadyelsahar/ar_res_reviews:1754,review_needed,seating_comfort,seating_comfort | general_place_vibe,True,False,الطاوله | المطعم,,الطاوله | المطعم,الدجاج | السلطه | الطعام,2.6,unreviewed,only ambiguous risky tokens present - needs human judgment,weak,1
hadyelsahar/ar_res_reviews:1755,review_needed,general_place_vibe,general_place_vibe,True,False,المطعم | المكان,,المطعم | المكان,الاسعار | البطاطس | اللحم,2.6,unreviewed,only ambiguous risky tokens present - needs human judgment,weak,0
hadyelsahar/ar_res_reviews:1757,review_needed,seating_comfort,seating_comfort | general_place_vibe,True,False,الطاوله | المطعم,,الطاوله | المطعم,الدجاج | الكاشير,2.6,unreviewed,only ambiguous risky tokens present - needs human judgment,weak,1
hadyelsahar/ar_res_reviews:1775,review_needed,,,False,False,عاليه,,,الدجاج | السعر | اللحم,0.3,unreviewed,only ambiguous risky tokens present - needs human judgment,weak,1
hadyelsahar/ar_res_reviews:1778,review_needed,general_place_vibe,general_place_vibe,True,False,المطعم,,المطعم,,1.3,unreviewed,only ambiguous risky tokens present - needs human judgment,weak,1
hadyelsahar/ar_res_reviews:1785,review_needed,general_place_vibe,general_place_vibe,True,False,المطعم,,المطعم,البطاطس,1.3,unreviewed,only ambiguous risky tokens present - needs human judgment,weak,1
hadyelsahar/ar_res_reviews:1789,review_needed,general_place_vibe,general_place_vibe,True,False,المطعم,,المطعم,الطعم,1.3,unreviewed,only ambiguous risky tokens present - needs human judgment,weak,1
hadyelsahar/ar_res_reviews:1790,review_needed,temperature_ac,general_place_vibe | temperature_ac,True,False,المطعم | بارد,,المطعم | بارد,,2.6,unreviewed,only ambiguous risky tokens present - needs human judgment,weak,1
hadyelsahar/ar_res_reviews:1794,review_needed,general_place_vibe,general_place_vibe,True,False,المطعم,,المطعم,البرجر,1.3,unreviewed,only ambiguous risky tokens present - needs human judgment,weak,1
hadyelsahar/ar_res_reviews:1796,review_needed,temperature_ac,general_place_vibe | temperature_ac,True,False,المطعم | حار,,المطعم | حار,البيتزا | الطعم | حشره,2.6,unreviewed,only ambiguous risky tokens present - needs human judgment,weak,0
hadyelsahar/ar_res_reviews:1798,review_needed,general_place_vibe,general_place_vibe,True,False,المطعم,,المطعم,البرجر,1.3,unreviewed,only ambiguous risky tokens present - needs human judgment,weak,0
hadyelsahar/ar_res_reviews:1801,review_needed,general_place_vibe,general_place_vibe,True,False,المطعم,,المطعم,البيتزا,1.3,unreviewed,only ambiguous risky tokens present - needs human judgment,weak,0
hadyelsahar/ar_res_reviews:1802,review_needed,general_place_vibe,general_place_vibe,True,False,المطعم,,المطعم,,1.3,unreviewed,only ambiguous risky tokens present - needs human judgment,weak,1
hadyelsahar/ar_res_reviews:1820,review_needed,general_place_vibe,general_place_vibe,True,False,المطعم | المكان,,المطعم | المكان,الاكل,2.6,unreviewed,only ambiguous risky tokens present - needs human judgment,weak,1
hadyelsahar/ar_res_reviews:1833,review_needed,general_place_vibe,general_place_vibe,True,False,المطعم,,المطعم,,1.3,unreviewed,only ambiguous risky tokens present - needs human judgment,weak,0
hadyelsahar/ar_res_reviews:1834,review_needed,general_place_vibe,general_place_vibe,True,False,المطعم | المكان,,المطعم | المكان,الدجاج | السعر | الطعم | الوجبه,2.6,unreviewed,only ambiguous risky tokens present - needs human judgment,weak,0
hadyelsahar/ar_res_reviews:1836,review_needed,general_place_vibe,general_place_vibe,True,False,المطعم | المكان | زيت,,المطعم | المكان,النادل | الوجبه,2.9,unreviewed,only ambiguous risky tokens present - needs human judgment,weak,1
hadyelsahar/ar_res_reviews:1843,review_needed,general_place_vibe,general_place_vibe,True,False,الفرع,,الفرع,,1.3,unreviewed,only ambiguous risky tokens present - needs human judgment,weak,1
hadyelsahar/ar_res_reviews:1845,review_needed,smell,smell,True,False,رائحه,,رائحه,طعمه,1.3,unreviewed,only ambiguous risky tokens present - needs human judgment,weak,1
hadyelsahar/ar_res_reviews:1848,review_needed,general_place_vibe,general_place_vibe,True,False,المطعم,,المطعم,الدجاج,1.3,unreviewed,only ambiguous risky tokens present - needs human judgment,weak,1
hadyelsahar/ar_res_reviews:1849,review_needed,general_place_vibe,general_place_vibe,True,False,المطعم,,المطعم,الدجاج,1.3,unreviewed,only ambiguous risky tokens present - needs human judgment,weak,1
hadyelsahar/ar_res_reviews:1850,review_needed,general_place_vibe,general_place_vibe,True,False,المطعم,,المطعم,الاسعار | الوجبه,1.3,unreviewed,only ambiguous risky tokens present - needs human judgment,weak,0
hadyelsahar/ar_res_reviews:1851,review_needed,general_place_vibe,general_place_vibe,True,False,المطعم,,المطعم,,1.3,unreviewed,only ambiguous risky tokens present - needs human judgment,weak,0
hadyelsahar/ar_res_reviews:1857,review_needed,general_place_vibe,general_place_vibe,True,False,المطعم,,المطعم,الطعم,1.3,unreviewed,only ambiguous risky tokens present - needs human judgment,weak,0
hadyelsahar/ar_res_reviews:1871,review_needed,general_place_vibe,general_place_vibe,True,False,المكان,,المكان,,1.3,unreviewed,only ambiguous risky tokens present - needs human judgment,weak,1
hadyelsahar/ar_res_reviews:1879,review_needed,general_place_vibe,general_place_vibe,True,False,المطعم,,المطعم,البطاطس | الدجاج | الموظفين | محروق,1.3,unreviewed,only ambiguous risky tokens present - needs human judgment,weak,0
hadyelsahar/ar_res_reviews:1882,review_needed,general_place_vibe,general_place_vibe,True,False,المطعم,,المطعم,البطاطس | الدجاج,1.3,unreviewed,only ambiguous risky tokens present - needs human judgment,weak,1
hadyelsahar/ar_res_reviews:1887,review_needed,general_place_vibe,general_place_vibe,True,False,المطعم,,المطعم,,1.3,unreviewed,only ambiguous risky tokens present - needs human judgment,weak,0
hadyelsahar/ar_res_reviews:1893,review_needed,,,False,False,عالي,,,,0.3,unreviewed,only ambiguous risky tokens present - needs human judgment,weak,1
hadyelsahar/ar_res_reviews:1899,review_needed,general_place_vibe,general_place_vibe,True,False,المطعم,,المطعم,,1.3,unreviewed,only ambiguous risky tokens present - needs human judgment,weak,0
hadyelsahar/ar_res_reviews:1903,review_needed,general_place_vibe,general_place_vibe,True,False,المطعم,,المطعم,الاسعار,1.3,unreviewed,only ambiguous risky tokens present - needs human judgment,weak,1
hadyelsahar/ar_res_reviews:1910,review_needed,general_place_vibe,general_place_vibe,True,False,المطعم,,المطعم,الدجاج,1.3,unreviewed,only ambiguous risky tokens present - needs human judgment,weak,1
hadyelsahar/ar_res_reviews:1914,review_needed,,,False,False,عاليه,,,,0.3,unreviewed,only ambiguous risky tokens present - needs human judgment,weak,1
hadyelsahar/ar_res_reviews:1917,review_needed,general_place_vibe,general_place_vibe,True,False,المطعم,,المطعم,,1.3,unreviewed,only ambiguous risky tokens present - needs human judgment,weak,1
hadyelsahar/ar_res_reviews:1921,review_needed,general_place_vibe,general_place_vibe,True,False,المطعم | المكان,,المطعم | المكان,الاسعار | الاكل | الطعم,2.6,unreviewed,only ambiguous risky tokens present - needs human judgment,weak,1
hadyelsahar/ar_res_reviews:1924,review_needed,general_place_vibe,general_place_vibe,True,False,المحل,,المحل,,1.3,unreviewed,only ambiguous risky tokens present - needs human judgment,weak,1
hadyelsahar/ar_res_reviews:1929,review_needed,general_place_vibe,general_place_vibe,True,False,المطعم,,المطعم,,1.3,unreviewed,only ambiguous risky tokens present - needs human judgment,weak,1
hadyelsahar/ar_res_reviews:1933,review_needed,general_place_vibe,general_place_vibe,True,False,المكان,,المكان,السعر | الطعم,1.3,unreviewed,only ambiguous risky tokens present - needs human judgment,weak,1
hadyelsahar/ar_res_reviews:1934,review_needed,general_place_vibe,general_place_vibe,True,False,المطعم,,المطعم,الاكل | الخبز,1.3,unreviewed,only ambiguous risky tokens present - needs human judgment,weak,1
hadyelsahar/ar_res_reviews:1935,review_needed,seating_comfort,seating_comfort | general_place_vibe,True,False,الطاوله | المطعم | عالي,,الطاوله | المطعم,الاسعار | الطعام,2.9,unreviewed,only ambiguous risky tokens present - needs human judgment,weak,1
hadyelsahar/ar_res_reviews:1936,review_needed,general_place_vibe,general_place_vibe,True,False,المطعم,,المطعم,البرجر | الدجاج,1.3,unreviewed,only ambiguous risky tokens present - needs human judgment,weak,1
hadyelsahar/ar_res_reviews:1938,review_needed,general_place_vibe,general_place_vibe,True,False,المطعم,,المطعم,,1.3,unreviewed,only ambiguous risky tokens present - needs human judgment,weak,1
hadyelsahar/ar_res_reviews:1939,review_needed,general_place_vibe,general_place_vibe,True,False,المطعم,,المطعم,الاكل | السعر,1.3,unreviewed,only ambiguous risky tokens present - needs human judgment,weak,0
hadyelsahar/ar_res_reviews:1940,review_needed,general_place_vibe,general_place_vibe,True,False,المطعم,,المطعم,الطعام,1.3,unreviewed,only ambiguous risky tokens present - needs human judgment,weak,1
hadyelsahar/ar_res_reviews:1941,review_needed,general_place_vibe,general_place_vibe,True,False,المحل | المطعم,,المحل | المطعم,الموظفين,2.6,unreviewed,only ambiguous risky tokens present - needs human judgment,weak,1
hadyelsahar/ar_res_reviews:1942,review_needed,general_place_vibe,general_place_vibe,True,False,المحل | المطعم,,المحل | المطعم,الموظفين,2.6,unreviewed,only ambiguous risky tokens present - needs human judgment,weak,1
hadyelsahar/ar_res_reviews:1946,review_needed,general_place_vibe,general_place_vibe,True,False,المطعم,,المطعم,,1.3,unreviewed,only ambiguous risky tokens present - needs human judgment,weak,1
hadyelsahar/ar_res_reviews:1951,review_needed,general_place_vibe,general_place_vibe,True,False,المطعم,,المطعم,,1.3,unreviewed,only ambiguous risky tokens present - needs human judgment,weak,1
hadyelsahar/ar_res_reviews:1955,review_needed,general_place_vibe,general_place_vibe,True,False,المطعم,,المطعم,البطاطس,1.3,unreviewed,only ambiguous risky tokens present - needs human judgment,weak,1
hadyelsahar/ar_res_reviews:1963,review_needed,general_place_vibe,general_place_vibe,True,False,المطعم | بارده,,المطعم,الاسعار | الاكل,1.6,unreviewed,only ambiguous risky tokens present - needs human judgment,weak,1
hadyelsahar/ar_res_reviews:1976,review_needed,general_place_vibe,general_place_vibe,True,False,المطعم,,المطعم,الطعام | طعمه,1.3,unreviewed,only ambiguous risky tokens present - needs human judgment,weak,1
hadyelsahar/ar_res_reviews:1981,review_needed,general_place_vibe,general_place_vibe,True,False,الفرع | المطعم,,الفرع | المطعم,البيتزا | الطعام,2.6,unreviewed,only ambiguous risky tokens present - needs human judgment,weak,1
hadyelsahar/ar_res_reviews:1982,review_needed,general_place_vibe,general_place_vibe,True,False,المطعم,,المطعم,الدجاج,1.3,unreviewed,only ambiguous risky tokens present - needs human judgment,weak,1
hadyelsahar/ar_res_reviews:1983,review_needed,general_place_vibe,general_place_vibe,True,False,المطعم | بارده,,المطعم,الاكل | الرز | الوجبه,1.6,unreviewed,only ambiguous risky tokens present - needs human judgment,weak,1
hadyelsahar/ar_res_reviews:1987,review_needed,general_place_vibe,general_place_vibe,True,False,المطعم,,المطعم,,1.3,unreviewed,only ambiguous risky tokens present - needs human judgment,weak,1
hadyelsahar/ar_res_reviews:1989,review_needed,general_place_vibe,general_place_vibe,True,False,المكان,,المكان,,1.3,unreviewed,only ambiguous risky tokens present - needs human judgment,weak,1
hadyelsahar/ar_res_reviews:1991,review_needed,general_place_vibe,general_place_vibe,True,False,المطعم,,المطعم,,1.3,unreviewed,only ambiguous risky tokens present - needs human judgment,weak,1
hadyelsahar/ar_res_reviews:1994,review_needed,general_place_vibe,general_place_vibe,True,False,الفرع,,الفرع,,1.3,unreviewed,only ambiguous risky tokens present - needs human judgment,weak,0
hadyelsahar/ar_res_reviews:1996,review_needed,general_place_vibe,general_place_vibe,True,False,المطعم,,المطعم,,1.3,unreviewed,only ambiguous risky tokens present - needs human judgment,weak,1
hadyelsahar/ar_res_reviews:1999,review_needed,general_place_vibe,general_place_vibe,True,False,المطعم,,المطعم,الطعام,1.3,unreviewed,only ambiguous risky tokens present - needs human judgment,weak,1
hadyelsahar/ar_res_reviews:2000,review_needed,general_place_vibe,general_place_vibe,True,False,المطعم,,المطعم,الاكل | البيتزا | الويتر | ناقصه,1.3,unreviewed,only ambiguous risky tokens present - needs human judgment,weak,1
hadyelsahar/ar_res_reviews:2001,review_needed,general_place_vibe,general_place_vibe,True,False,المطعم,,المطعم,,1.3,unreviewed,only ambiguous risky tokens present - needs human judgment,weak,1
hadyelsahar/ar_res_reviews:2008,review_needed,general_place_vibe,general_place_vibe,True,False,المكان,,المكان,,1.3,unreviewed,only ambiguous risky tokens present - needs human judgment,weak,1
hadyelsahar/ar_res_reviews:2014,review_needed,general_place_vibe,general_place_vibe,True,False,الفرع | المطعم,,الفرع | المطعم,الاكل,2.6,unreviewed,only ambiguous risky tokens present - needs human judgment,weak,0
hadyelsahar/ar_res_reviews:2017,review_needed,general_place_vibe,general_place_vibe,True,False,المطعم,,المطعم,,1.3,unreviewed,only ambiguous risky tokens present - needs human judgment,weak,0
hadyelsahar/ar_res_reviews:2018,review_needed,general_place_vibe,general_place_vibe,True,False,المطعم,,المطعم,,1.3,unreviewed,only ambiguous risky tokens present - needs human judgment,weak,0
hadyelsahar/ar_res_reviews:2020,review_needed,general_place_vibe,general_place_vibe,True,False,المطعم,,المطعم,الاسعار,1.3,unreviewed,only ambiguous risky tokens present - needs human judgment,weak,1
hadyelsahar/ar_res_reviews:2027,review_needed,,,False,False,زيت,,,اللحم,0.3,unreviewed,only ambiguous risky tokens present - needs human judgment,weak,0
hadyelsahar/ar_res_reviews:2029,review_needed,general_place_vibe,general_place_vibe,True,False,المكان | عالي,,المكان,الاكل | السعر | طعمه,1.6,unreviewed,only ambiguous risky tokens present - needs human judgment,weak,1
hadyelsahar/ar_res_reviews:2034,review_needed,,,False,False,عاليه,,,,0.3,unreviewed,only ambiguous risky tokens present - needs human judgment,weak,1
hadyelsahar/ar_res_reviews:2038,review_needed,general_place_vibe,general_place_vibe,True,False,المحل,,المحل,الاسعار,1.3,unreviewed,only ambiguous risky tokens present - needs human judgment,weak,1
hadyelsahar/ar_res_reviews:2042,review_needed,general_place_vibe,general_place_vibe,True,False,المطعم,,المطعم,,1.3,unreviewed,only ambiguous risky tokens present - needs human judgment,weak,1
hadyelsahar/ar_res_reviews:2044,review_needed,general_place_vibe,general_place_vibe,True,False,المطعم,,المطعم,الاسعار | الطعام,1.3,unreviewed,only ambiguous risky tokens present - needs human judgment,weak,1
hadyelsahar/ar_res_reviews:2066,review_needed,general_place_vibe,general_place_vibe,True,False,المطعم,,المطعم,الرز,1.3,unreviewed,only ambiguous risky tokens present - needs human judgment,weak,1
hadyelsahar/ar_res_reviews:2067,review_needed,general_place_vibe,general_place_vibe,True,False,المطعم,,المطعم,,1.3,unreviewed,only ambiguous risky tokens present - needs human judgment,weak,1
hadyelsahar/ar_res_reviews:2070,review_needed,general_place_vibe,general_place_vibe,True,False,المطعم,,المطعم,,1.3,unreviewed,only ambiguous risky tokens present - needs human judgment,weak,1
hadyelsahar/ar_res_reviews:2073,review_needed,general_place_vibe,general_place_vibe,True,False,المطعم,,المطعم,الطعام | طعمها,1.3,unreviewed,only ambiguous risky tokens present - needs human judgment,weak,1
hadyelsahar/ar_res_reviews:2077,review_needed,general_place_vibe,general_place_vibe,True,False,المطعم,,المطعم,الاكل | الطعم,1.3,unreviewed,only ambiguous risky tokens present - needs human judgment,weak,1
hadyelsahar/ar_res_reviews:2080,review_needed,general_place_vibe,general_place_vibe,True,False,المطعم | المكان,,المطعم | المكان,الاكل,2.6,unreviewed,only ambiguous risky tokens present - needs human judgment,weak,1
hadyelsahar/ar_res_reviews:2081,review_needed,general_place_vibe,general_place_vibe,True,False,الفرع,,الفرع,الرز,1.3,unreviewed,only ambiguous risky tokens present - needs human judgment,weak,1
hadyelsahar/ar_res_reviews:2088,review_needed,temperature_ac,general_place_vibe | temperature_ac,True,False,المطعم | حار,,المطعم | حار,الاكل | الخبز,2.6,unreviewed,only ambiguous risky tokens present - needs human judgment,weak,1
hadyelsahar/ar_res_reviews:2090,review_needed,general_place_vibe,general_place_vibe,True,False,المطعم,,المطعم,,1.3,unreviewed,only ambiguous risky tokens present - needs human judgment,weak,1
hadyelsahar/ar_res_reviews:2091,review_needed,general_place_vibe,general_place_vibe,True,False,المطعم,,المطعم,,1.3,unreviewed,only ambiguous risky tokens present - needs human judgment,weak,1
hadyelsahar/ar_res_reviews:2092,review_needed,general_place_vibe,general_place_vibe,True,False,الفرع | المطعم,,الفرع | المطعم,الخبز | الساندويتش,2.6,unreviewed,only ambiguous risky tokens present - needs human judgment,weak,0
hadyelsahar/ar_res_reviews:2093,review_needed,general_place_vibe,general_place_vibe,True,False,المكان,,المكان,بايخ,1.3,unreviewed,only ambiguous risky tokens present - needs human judgment,weak,1
hadyelsahar/ar_res_reviews:2097,review_needed,general_place_vibe,general_place_vibe,True,False,المطعم,,المطعم,غالي,1.3,unreviewed,only ambiguous risky tokens present - needs human judgment,weak,1
hadyelsahar/ar_res_reviews:2098,review_needed,general_place_vibe,general_place_vibe,True,False,المطعم,,المطعم,,1.3,unreviewed,only ambiguous risky tokens present - needs human judgment,weak,1
hadyelsahar/ar_res_reviews:2099,review_needed,general_place_vibe,general_place_vibe,True,False,المطعم,,المطعم,الاسعار,1.3,unreviewed,only ambiguous risky tokens present - needs human judgment,weak,0
hadyelsahar/ar_res_reviews:2101,review_needed,general_place_vibe,general_place_vibe,True,False,المطعم,,المطعم,,1.3,unreviewed,only ambiguous risky tokens present - needs human judgment,weak,1
hadyelsahar/ar_res_reviews:2103,review_needed,general_place_vibe,general_place_vibe,True,False,المطعم,,المطعم,,1.3,unreviewed,only ambiguous risky tokens present - needs human judgment,weak,1
hadyelsahar/ar_res_reviews:2104,review_needed,general_place_vibe,general_place_vibe,True,False,المطعم,,المطعم,,1.3,unreviewed,only ambiguous risky tokens present - needs human judgment,weak,1
hadyelsahar/ar_res_reviews:2109,review_needed,general_place_vibe,general_place_vibe,True,False,المكان,,المكان,الاكل,1.3,unreviewed,only ambiguous risky tokens present - needs human judgment,weak,1
hadyelsahar/ar_res_reviews:2122,review_needed,outdoor_view,outdoor_view,True,False,برا,,برا,,1.3,unreviewed,only ambiguous risky tokens present - needs human judgment,weak,1
hadyelsahar/ar_res_reviews:2126,review_needed,general_place_vibe,general_place_vibe,True,False,الفرع,,الفرع,الطعام,1.3,unreviewed,only ambiguous risky tokens present - needs human judgment,weak,0
hadyelsahar/ar_res_reviews:2128,review_needed,general_place_vibe,general_place_vibe,True,False,المحل,,المحل,,1.3,unreviewed,only ambiguous risky tokens present - needs human judgment,weak,1
hadyelsahar/ar_res_reviews:2130,review_needed,temperature_ac,temperature_ac,True,False,حار,,حار,,1.3,unreviewed,only ambiguous risky tokens present - needs human judgment,weak,1
hadyelsahar/ar_res_reviews:2132,review_needed,general_place_vibe,general_place_vibe,True,False,المطعم,,المطعم,,1.3,unreviewed,only ambiguous risky tokens present - needs human judgment,weak,1
hadyelsahar/ar_res_reviews:2133,review_needed,general_place_vibe,general_place_vibe,True,False,المطعم,,المطعم,الاكل,1.3,unreviewed,only ambiguous risky tokens present - needs human judgment,weak,1
hadyelsahar/ar_res_reviews:2134,review_needed,general_place_vibe,general_place_vibe,True,False,المطعم,,المطعم,الاكل | الدجاج | الوجبه,1.3,unreviewed,only ambiguous risky tokens present - needs human judgment,weak,1
hadyelsahar/ar_res_reviews:2135,review_needed,,,False,False,عاليه,,,الدجاج | الطعم | محروق,0.3,unreviewed,only ambiguous risky tokens present - needs human judgment,weak,1
hadyelsahar/ar_res_reviews:2138,review_needed,general_place_vibe,general_place_vibe,True,False,المطعم,,المطعم,الدجاج | اللحم,1.3,unreviewed,only ambiguous risky tokens present - needs human judgment,weak,1
hadyelsahar/ar_res_reviews:2146,review_needed,general_place_vibe,general_place_vibe,True,False,المطعم,,المطعم,,1.3,unreviewed,only ambiguous risky tokens present - needs human judgment,weak,1
hadyelsahar/ar_res_reviews:2148,review_needed,general_place_vibe,general_place_vibe,True,False,المطعم,,المطعم,,1.3,unreviewed,only ambiguous risky tokens present - needs human judgment,weak,1
hadyelsahar/ar_res_reviews:2151,review_needed,general_place_vibe,general_place_vibe,True,False,المطعم,,المطعم,,1.3,unreviewed,only ambiguous risky tokens present - needs human judgment,weak,0
hadyelsahar/ar_res_reviews:2153,review_needed,,,False,False,زيت,,,,0.3,unreviewed,only ambiguous risky tokens present - needs human judgment,weak,0
hadyelsahar/ar_res_reviews:2155,review_needed,general_place_vibe,general_place_vibe,True,False,المطعم,,المطعم,,1.3,unreviewed,only ambiguous risky tokens present - needs human judgment,weak,1
hadyelsahar/ar_res_reviews:2163,review_needed,general_place_vibe,general_place_vibe,True,False,المطعم,,المطعم,الاكل | السعر,1.3,unreviewed,only ambiguous risky tokens present - needs human judgment,weak,1
hadyelsahar/ar_res_reviews:2165,review_needed,general_place_vibe,general_place_vibe,True,False,المطعم,,المطعم,,1.3,unreviewed,only ambiguous risky tokens present - needs human judgment,weak,1
hadyelsahar/ar_res_reviews:2166,review_needed,general_place_vibe,general_place_vibe,True,False,المطعم,,المطعم,البطاطس,1.3,unreviewed,only ambiguous risky tokens present - needs human judgment,weak,0
hadyelsahar/ar_res_reviews:2167,review_needed,general_place_vibe,general_place_vibe,True,False,المطعم,,المطعم,اللحم,1.3,unreviewed,only ambiguous risky tokens present - needs human judgment,weak,0
hadyelsahar/ar_res_reviews:2170,review_needed,general_place_vibe,general_place_vibe,True,False,المطعم,,المطعم,,1.3,unreviewed,only ambiguous risky tokens present - needs human judgment,weak,0
hadyelsahar/ar_res_reviews:2173,review_needed,general_place_vibe,general_place_vibe,True,False,المطعم,,المطعم,,1.3,unreviewed,only ambiguous risky tokens present - needs human judgment,weak,1
hadyelsahar/ar_res_reviews:2174,review_needed,seating_comfort,seating_comfort,True,False,الطاوله,,الطاوله,,1.3,unreviewed,only ambiguous risky tokens present - needs human judgment,weak,0
hadyelsahar/ar_res_reviews:2176,review_needed,general_place_vibe,general_place_vibe,True,False,المطعم,,المطعم,,1.3,unreviewed,only ambiguous risky tokens present - needs human judgment,weak,1
hadyelsahar/ar_res_reviews:2177,review_needed,general_place_vibe,general_place_vibe,True,False,المطعم,,المطعم,الطعام,1.3,unreviewed,only ambiguous risky tokens present - needs human judgment,weak,0
hadyelsahar/ar_res_reviews:2178,review_needed,,,False,False,عاليه,,,,0.3,unreviewed,only ambiguous risky tokens present - needs human judgment,weak,0
hadyelsahar/ar_res_reviews:2182,review_needed,general_place_vibe,general_place_vibe,True,False,المطعم,,المطعم,الطعم | الموظفين,1.3,unreviewed,only ambiguous risky tokens present - needs human judgment,weak,1
hadyelsahar/ar_res_reviews:2188,review_needed,general_place_vibe,general_place_vibe,True,False,المطعم,,المطعم,غالي,1.3,unreviewed,only ambiguous risky tokens present - needs human judgment,weak,1
hadyelsahar/ar_res_reviews:2189,review_needed,general_place_vibe,general_place_vibe,True,False,المطعم,,المطعم,غالي | مالح,1.3,unreviewed,only ambiguous risky tokens present - needs human judgment,weak,0
hadyelsahar/ar_res_reviews:2192,review_needed,decor_furniture,seating_comfort | general_place_vibe,True,False,الطاوله | المطعم,,الطاوله | المطعم,الطعم | انتظرت | غالي,2.6,unreviewed,only ambiguous risky tokens present - needs human judgment,weak,0
hadyelsahar/ar_res_reviews:2193,review_needed,general_place_vibe,general_place_vibe,True,False,المطعم,,المطعم,,1.3,unreviewed,only ambiguous risky tokens present - needs human judgment,weak,0
hadyelsahar/ar_res_reviews:2197,review_needed,general_place_vibe,general_place_vibe,True,False,المطعم,,المطعم,,1.3,unreviewed,only ambiguous risky tokens present - needs human judgment,weak,1
hadyelsahar/ar_res_reviews:2198,review_needed,seating_comfort,seating_comfort | general_place_vibe,True,False,الطاوله | المطعم,,الطاوله | المطعم,,2.6,unreviewed,only ambiguous risky tokens present - needs human judgment,weak,1
hadyelsahar/ar_res_reviews:2203,review_needed,general_place_vibe,general_place_vibe,True,False,المطعم,,المطعم,الدجاج,1.3,unreviewed,only ambiguous risky tokens present - needs human judgment,weak,1
hadyelsahar/ar_res_reviews:2218,review_needed,general_place_vibe,general_place_vibe,True,False,المطعم,,المطعم,الاكل | السعر | غالي,1.3,unreviewed,only ambiguous risky tokens present - needs human judgment,weak,0
hadyelsahar/ar_res_reviews:2220,review_needed,general_place_vibe,general_place_vibe,True,False,المطعم,,المطعم,الخبز,1.3,unreviewed,only ambiguous risky tokens present - needs human judgment,weak,0
hadyelsahar/ar_res_reviews:2221,review_needed,general_place_vibe,general_place_vibe,True,False,المحل,,المحل,الاسعار,1.3,unreviewed,only ambiguous risky tokens present - needs human judgment,weak,1
hadyelsahar/ar_res_reviews:2222,review_needed,general_place_vibe,general_place_vibe,True,False,المطعم,,المطعم,الاكل | غاليه,1.3,unreviewed,only ambiguous risky tokens present - needs human judgment,weak,1
hadyelsahar/ar_res_reviews:2223,review_needed,general_place_vibe,general_place_vibe,True,False,المطعم,,المطعم,التوصيل | الرز | الطعام | اللحم,1.3,unreviewed,only ambiguous risky tokens present - needs human judgment,weak,1
hadyelsahar/ar_res_reviews:2231,review_needed,temperature_ac,temperature_ac,True,False,بارد,,بارد,النكهه,1.3,unreviewed,only ambiguous risky tokens present - needs human judgment,weak,1
hadyelsahar/ar_res_reviews:2233,review_needed,seating_comfort,seating_comfort,True,False,الطاوله,,الطاوله,النكهه,1.3,unreviewed,only ambiguous risky tokens present - needs human judgment,weak,0
hadyelsahar/ar_res_reviews:2247,review_needed,outdoor_view,outdoor_view,True,False,برا | حاره,,برا,الاكل,1.6,unreviewed,only ambiguous risky tokens present - needs human judgment,weak,1
hadyelsahar/ar_res_reviews:2259,review_needed,general_place_vibe,general_place_vibe,True,False,المكان,,المكان,,1.3,unreviewed,only ambiguous risky tokens present - needs human judgment,weak,0
hadyelsahar/ar_res_reviews:2267,review_needed,general_place_vibe,general_place_vibe,True,False,الفرع,,الفرع,,1.3,unreviewed,only ambiguous risky tokens present - needs human judgment,weak,1
hadyelsahar/ar_res_reviews:2280,review_needed,general_place_vibe,general_place_vibe,True,False,المحل,,المحل,,1.3,unreviewed,only ambiguous risky tokens present - needs human judgment,weak,0
hadyelsahar/ar_res_reviews:2285,review_needed,general_place_vibe,general_place_vibe,True,False,الفرع,,الفرع,,1.3,unreviewed,only ambiguous risky tokens present - needs human judgment,weak,1
hadyelsahar/ar_res_reviews:2294,review_needed,general_place_vibe,general_place_vibe,True,False,المحل,,المحل,,1.3,unreviewed,only ambiguous risky tokens present - needs human judgment,weak,1
hadyelsahar/ar_res_reviews:2295,review_needed,general_place_vibe,general_place_vibe,True,False,المطعم,,المطعم,الاسعار,1.3,unreviewed,only ambiguous risky tokens present - needs human judgment,weak,1
hadyelsahar/ar_res_reviews:2296,review_needed,general_place_vibe,general_place_vibe,True,False,المكان,,المكان,الفاتوره,1.3,unreviewed,only ambiguous risky tokens present - needs human judgment,weak,1
hadyelsahar/ar_res_reviews:2297,review_needed,general_place_vibe,general_place_vibe,True,False,المطعم,,المطعم,الاكل | الدجاج | الفاتوره | اللحم | طلبات,1.3,unreviewed,only ambiguous risky tokens present - needs human judgment,weak,1
hadyelsahar/ar_res_reviews:2307,review_needed,general_place_vibe,general_place_vibe,True,False,المطعم,,المطعم,البيتزا,1.3,unreviewed,only ambiguous risky tokens present - needs human judgment,weak,1
hadyelsahar/ar_res_reviews:2308,review_needed,general_place_vibe,general_place_vibe,True,False,المطعم,,المطعم,البيتزا,1.3,unreviewed,only ambiguous risky tokens present - needs human judgment,weak,1
hadyelsahar/ar_res_reviews:2309,review_needed,general_place_vibe,general_place_vibe,True,False,المطعم,,المطعم,,1.3,unreviewed,only ambiguous risky tokens present - needs human judgment,weak,1
hadyelsahar/ar_res_reviews:2310,review_needed,general_place_vibe,general_place_vibe,True,False,المطعم,,المطعم,,1.3,unreviewed,only ambiguous risky tokens present - needs human judgment,weak,1
hadyelsahar/ar_res_reviews:2311,review_needed,general_place_vibe,general_place_vibe,True,False,المطعم | عاليه,,المطعم,السعر | غالي,1.6,unreviewed,only ambiguous risky tokens present - needs human judgment,weak,1
hadyelsahar/ar_res_reviews:2313,review_needed,general_place_vibe,general_place_vibe,True,False,المكان | زيت,,المكان,البطاطس | اللحم,1.6,unreviewed,only ambiguous risky tokens present - needs human judgment,weak,0
hadyelsahar/ar_res_reviews:2318,review_needed,general_place_vibe,general_place_vibe,True,False,المطعم,,المطعم,,1.3,unreviewed,only ambiguous risky tokens present - needs human judgment,weak,1
hadyelsahar/ar_res_reviews:2320,review_needed,general_place_vibe,general_place_vibe,True,False,المطعم,,المطعم,الاكل | طلبات,1.3,unreviewed,only ambiguous risky tokens present - needs human judgment,weak,1
hadyelsahar/ar_res_reviews:2322,review_needed,temperature_ac,general_place_vibe | temperature_ac,True,False,الفرع | بارد,,الفرع | بارد,الاكل | الطعام,2.6,unreviewed,only ambiguous risky tokens present - needs human judgment,weak,0
hadyelsahar/ar_res_reviews:2323,review_needed,general_place_vibe,general_place_vibe,True,False,المطعم | زيت,,المطعم,الدجاج | السعر | الطعم | اللحم,1.6,unreviewed,only ambiguous risky tokens present - needs human judgment,weak,1
hadyelsahar/ar_res_reviews:2324,review_needed,general_place_vibe,general_place_vibe,True,False,المكان | حاره,,المكان,الطعام,1.6,unreviewed,only ambiguous risky tokens present - needs human judgment,weak,1
hadyelsahar/ar_res_reviews:2325,review_needed,general_place_vibe,general_place_vibe,True,False,المطعم,,المطعم,الاسعار | الدجاج | الطعام | اللحم,1.3,unreviewed,only ambiguous risky tokens present - needs human judgment,weak,1
hadyelsahar/ar_res_reviews:2334,review_needed,general_place_vibe,general_place_vibe,True,False,المطعم,,المطعم,,1.3,unreviewed,only ambiguous risky tokens present - needs human judgment,weak,1
hadyelsahar/ar_res_reviews:2337,review_needed,general_place_vibe,general_place_vibe,True,False,المطعم,,المطعم,,1.3,unreviewed,only ambiguous risky tokens present - needs human judgment,weak,1
hadyelsahar/ar_res_reviews:2344,review_needed,,,False,False,زيت,,,,0.3,unreviewed,only ambiguous risky tokens present - needs human judgment,weak,0
hadyelsahar/ar_res_reviews:2345,review_needed,general_place_vibe,general_place_vibe,True,False,المطعم,,المطعم,,1.3,unreviewed,only ambiguous risky tokens present - needs human judgment,weak,0
hadyelsahar/ar_res_reviews:2346,review_needed,general_place_vibe,general_place_vibe,True,False,المحل,,المحل,السندويش,1.3,unreviewed,only ambiguous risky tokens present - needs human judgment,weak,1
hadyelsahar/ar_res_reviews:2353,review_needed,general_place_vibe,general_place_vibe,True,False,المطعم,,المطعم,,1.3,unreviewed,only ambiguous risky tokens present - needs human judgment,weak,1
hadyelsahar/ar_res_reviews:2354,review_needed,general_place_vibe,general_place_vibe,True,False,المطعم,,المطعم,,1.3,unreviewed,only ambiguous risky tokens present - needs human judgment,weak,1
hadyelsahar/ar_res_reviews:2358,review_needed,general_place_vibe,general_place_vibe,True,False,المكان,,المكان,,1.3,unreviewed,only ambiguous risky tokens present - needs human judgment,weak,0
hadyelsahar/ar_res_reviews:2361,review_needed,general_place_vibe,general_place_vibe,True,False,المطعم,,المطعم,الدجاج | الوجبه,1.3,unreviewed,only ambiguous risky tokens present - needs human judgment,weak,1
hadyelsahar/ar_res_reviews:2368,review_needed,general_place_vibe,general_place_vibe,True,False,المطعم,,المطعم,السعر,1.3,unreviewed,only ambiguous risky tokens present - needs human judgment,weak,0
hadyelsahar/ar_res_reviews:2369,review_needed,general_place_vibe,general_place_vibe,True,False,المطعم,,المطعم,,1.3,unreviewed,only ambiguous risky tokens present - needs human judgment,weak,1
hadyelsahar/ar_res_reviews:2370,review_needed,general_place_vibe,general_place_vibe,True,False,المطعم,,المطعم,البيتزا,1.3,unreviewed,only ambiguous risky tokens present - needs human judgment,weak,1
hadyelsahar/ar_res_reviews:2374,review_needed,general_place_vibe,general_place_vibe,True,False,المطعم | قديم,,المطعم | قديم,,2.6,unreviewed,only ambiguous risky tokens present - needs human judgment,weak,0
hadyelsahar/ar_res_reviews:2375,review_needed,general_place_vibe,general_place_vibe,True,False,المطعم,,المطعم,,1.3,unreviewed,only ambiguous risky tokens present - needs human judgment,weak,0
hadyelsahar/ar_res_reviews:2381,review_needed,general_place_vibe,general_place_vibe,True,False,المكان,,المكان,الموظفين,1.3,unreviewed,only ambiguous risky tokens present - needs human judgment,weak,0
hadyelsahar/ar_res_reviews:2382,review_needed,general_place_vibe,general_place_vibe,True,False,المطعم,,المطعم,الاسعار | مكلف,1.3,unreviewed,only ambiguous risky tokens present - needs human judgment,weak,1
hadyelsahar/ar_res_reviews:2385,review_needed,temperature_ac,temperature_ac,True,False,بارد | حار,,بارد | حار,البطاطس,2.6,unreviewed,only ambiguous risky tokens present - needs human judgment,weak,0
hadyelsahar/ar_res_reviews:2387,review_needed,general_place_vibe,general_place_vibe,True,False,المطعم,,المطعم,غالي,1.3,unreviewed,only ambiguous risky tokens present - needs human judgment,weak,1
hadyelsahar/ar_res_reviews:2393,review_needed,,,False,False,زيت,,,الاكل,0.3,unreviewed,only ambiguous risky tokens present - needs human judgment,weak,0
hadyelsahar/ar_res_reviews:2397,review_needed,general_place_vibe,general_place_vibe,True,False,المطعم,,المطعم,,1.3,unreviewed,only ambiguous risky tokens present - needs human judgment,weak,1
hadyelsahar/ar_res_reviews:2402,review_needed,general_place_vibe,general_place_vibe,True,False,المطعم,,المطعم,,1.3,unreviewed,only ambiguous risky tokens present - needs human judgment,weak,0
hadyelsahar/ar_res_reviews:2409,review_needed,general_place_vibe,general_place_vibe,True,False,المطعم,,المطعم,الاكل,1.3,unreviewed,only ambiguous risky tokens present - needs human judgment,weak,0
hadyelsahar/ar_res_reviews:2410,review_needed,general_place_vibe,general_place_vibe,True,False,المطعم,,المطعم,السعر | الموظفين,1.3,unreviewed,only ambiguous risky tokens present - needs human judgment,weak,1
hadyelsahar/ar_res_reviews:2412,review_needed,general_place_vibe,general_place_vibe,True,False,المطعم,,المطعم,,1.3,unreviewed,only ambiguous risky tokens present - needs human judgment,weak,1
hadyelsahar/ar_res_reviews:2413,review_needed,general_place_vibe,general_place_vibe,True,False,المطعم,,المطعم,,1.3,unreviewed,only ambiguous risky tokens present - needs human judgment,weak,0
hadyelsahar/ar_res_reviews:2424,review_needed,general_place_vibe,general_place_vibe,True,False,المطعم,,المطعم,,1.3,unreviewed,only ambiguous risky tokens present - needs human judgment,weak,1
hadyelsahar/ar_res_reviews:2425,review_needed,temperature_ac,general_place_vibe | temperature_ac,True,False,المطعم | حار,,المطعم | حار,الاكل | النكهه | طعمه,2.6,unreviewed,only ambiguous risky tokens present - needs human judgment,weak,1
hadyelsahar/ar_res_reviews:2437,review_needed,general_place_vibe,general_place_vibe,True,False,المطعم,,المطعم,,1.3,unreviewed,only ambiguous risky tokens present - needs human judgment,weak,1
hadyelsahar/ar_res_reviews:2441,review_needed,general_place_vibe,general_place_vibe,True,False,المطعم,,المطعم,,1.3,unreviewed,only ambiguous risky tokens present - needs human judgment,weak,1
hadyelsahar/ar_res_reviews:2442,review_needed,general_place_vibe,general_place_vibe,True,False,المطعم,,المطعم,الدجاج,1.3,unreviewed,only ambiguous risky tokens present - needs human judgment,weak,0
hadyelsahar/ar_res_reviews:2443,review_needed,general_place_vibe,general_place_vibe,True,False,المطعم,,المطعم,الموظفين,1.3,unreviewed,only ambiguous risky tokens present - needs human judgment,weak,1
hadyelsahar/ar_res_reviews:2445,review_needed,general_place_vibe,general_place_vibe,True,False,المطعم,,المطعم,,1.3,unreviewed,only ambiguous risky tokens present - needs human judgment,weak,0
hadyelsahar/ar_res_reviews:2450,review_needed,general_place_vibe,general_place_vibe,True,False,المطعم,,المطعم,الدجاج,1.3,unreviewed,only ambiguous risky tokens present - needs human judgment,weak,1
hadyelsahar/ar_res_reviews:2462,review_needed,general_place_vibe,general_place_vibe,True,False,المطعم,,المطعم,,1.3,unreviewed,only ambiguous risky tokens present - needs human judgment,weak,1
hadyelsahar/ar_res_reviews:2471,review_needed,general_place_vibe,general_place_vibe,True,False,المطعم,,المطعم,,1.3,unreviewed,only ambiguous risky tokens present - needs human judgment,weak,0
hadyelsahar/ar_res_reviews:2475,review_needed,general_place_vibe,general_place_vibe,True,False,المطعم,,المطعم,,1.3,unreviewed,only ambiguous risky tokens present - needs human judgment,weak,1
hadyelsahar/ar_res_reviews:2482,review_needed,,,False,False,زيت,,,,0.3,unreviewed,only ambiguous risky tokens present - needs human judgment,weak,0
hadyelsahar/ar_res_reviews:2488,review_needed,general_place_vibe,general_place_vibe,True,False,المطعم,,المطعم,غالي,1.3,unreviewed,only ambiguous risky tokens present - needs human judgment,weak,0
hadyelsahar/ar_res_reviews:2490,review_needed,general_place_vibe,general_place_vibe,True,False,المطعم,,المطعم,,1.3,unreviewed,only ambiguous risky tokens present - needs human judgment,weak,1
hadyelsahar/ar_res_reviews:2497,review_needed,general_place_vibe,general_place_vibe,True,False,المطعم,,المطعم,الرز,1.3,unreviewed,only ambiguous risky tokens present - needs human judgment,weak,0
hadyelsahar/ar_res_reviews:2503,review_needed,general_place_vibe,general_place_vibe,True,False,المكان,,المكان,الاكل,1.3,unreviewed,only ambiguous risky tokens present - needs human judgment,weak,0
hadyelsahar/ar_res_reviews:2506,review_needed,general_place_vibe,general_place_vibe,True,False,المطعم,,المطعم,,1.3,unreviewed,only ambiguous risky tokens present - needs human judgment,weak,1
hadyelsahar/ar_res_reviews:2508,review_needed,general_place_vibe,general_place_vibe,True,False,المطعم,,المطعم,,1.3,unreviewed,only ambiguous risky tokens present - needs human judgment,weak,0
hadyelsahar/ar_res_reviews:2509,review_needed,general_place_vibe,general_place_vibe,True,False,المطعم,,المطعم,,1.3,unreviewed,only ambiguous risky tokens present - needs human judgment,weak,0
hadyelsahar/ar_res_reviews:2512,review_needed,general_place_vibe,general_place_vibe,True,False,المطعم,,المطعم,,1.3,unreviewed,only ambiguous risky tokens present - needs human judgment,weak,0
hadyelsahar/ar_res_reviews:2513,review_needed,general_place_vibe,general_place_vibe,True,False,الفرع | المحل,,الفرع | المحل,,2.6,unreviewed,only ambiguous risky tokens present - needs human judgment,weak,0
hadyelsahar/ar_res_reviews:2514,review_needed,general_place_vibe,general_place_vibe,True,False,الفرع,,الفرع,,1.3,unreviewed,only ambiguous risky tokens present - needs human judgment,weak,0
hadyelsahar/ar_res_reviews:2515,review_needed,general_place_vibe,general_place_vibe,True,False,المطعم,,المطعم,,1.3,unreviewed,only ambiguous risky tokens present - needs human judgment,weak,0
hadyelsahar/ar_res_reviews:2518,review_needed,general_place_vibe,general_place_vibe,True,False,المطعم,,المطعم,الاكل,1.3,unreviewed,only ambiguous risky tokens present - needs human judgment,weak,1
hadyelsahar/ar_res_reviews:2519,review_needed,general_place_vibe,general_place_vibe,True,False,المطعم,,المطعم,الاكل,1.3,unreviewed,only ambiguous risky tokens present - needs human judgment,weak,1
hadyelsahar/ar_res_reviews:2521,review_needed,general_place_vibe,general_place_vibe,True,False,المطعم,,المطعم,,1.3,unreviewed,only ambiguous risky tokens present - needs human judgment,weak,0
hadyelsahar/ar_res_reviews:2533,review_needed,,,False,False,بارده,,,السعر,0.3,unreviewed,only ambiguous risky tokens present - needs human judgment,weak,0
hadyelsahar/ar_res_reviews:2544,review_needed,general_place_vibe,general_place_vibe,True,False,المطعم,,المطعم,الاسعار | الدجاج | السعر,1.3,unreviewed,only ambiguous risky tokens present - needs human judgment,weak,1
hadyelsahar/ar_res_reviews:2547,review_needed,general_place_vibe,general_place_vibe,True,False,المطعم | زيت,,المطعم,,1.6,unreviewed,only ambiguous risky tokens present - needs human judgment,weak,0
hadyelsahar/ar_res_reviews:2548,review_needed,general_place_vibe,general_place_vibe,True,False,المطعم,,المطعم,السعر,1.3,unreviewed,only ambiguous risky tokens present - needs human judgment,weak,0
hadyelsahar/ar_res_reviews:2549,review_needed,general_place_vibe,general_place_vibe,True,False,المطعم,,المطعم,,1.3,unreviewed,only ambiguous risky tokens present - needs human judgment,weak,1
hadyelsahar/ar_res_reviews:2550,review_needed,general_place_vibe,general_place_vibe,True,False,المطعم,,المطعم,,1.3,unreviewed,only ambiguous risky tokens present - needs human judgment,weak,1
hadyelsahar/ar_res_reviews:2556,review_needed,general_place_vibe,general_place_vibe,True,False,المطعم,,المطعم,,1.3,unreviewed,only ambiguous risky tokens present - needs human judgment,weak,1
hadyelsahar/ar_res_reviews:2560,review_needed,general_place_vibe,general_place_vibe,True,False,المطعم,,المطعم,الارز,1.3,unreviewed,only ambiguous risky tokens present - needs human judgment,weak,1
hadyelsahar/ar_res_reviews:2568,review_needed,general_place_vibe,general_place_vibe,True,False,المطعم,,المطعم,الاسعار | الدجاج | الطعم | غاليه,1.3,unreviewed,only ambiguous risky tokens present - needs human judgment,weak,0
hadyelsahar/ar_res_reviews:2569,review_needed,general_place_vibe,general_place_vibe,True,False,المطعم,,المطعم,,1.3,unreviewed,only ambiguous risky tokens present - needs human judgment,weak,0
hadyelsahar/ar_res_reviews:2572,review_needed,general_place_vibe,general_place_vibe,True,False,المطعم,,المطعم,الطعم,1.3,unreviewed,only ambiguous risky tokens present - needs human judgment,weak,0
hadyelsahar/ar_res_reviews:2575,review_needed,,,False,False,وسخ,,,,0.3,unreviewed,only ambiguous risky tokens present - needs human judgment,weak,0
hadyelsahar/ar_res_reviews:2577,review_needed,temperature_ac,temperature_ac,True,False,حار,,حار,الاكل | جاهز,1.3,unreviewed,only ambiguous risky tokens present - needs human judgment,weak,1
hadyelsahar/ar_res_reviews:2587,review_needed,general_place_vibe,general_place_vibe,True,False,المطعم,,المطعم,,1.3,unreviewed,only ambiguous risky tokens present - needs human judgment,weak,0
hadyelsahar/ar_res_reviews:2597,review_needed,general_place_vibe,general_place_vibe,True,False,المطعم,,المطعم,,1.3,unreviewed,only ambiguous risky tokens present - needs human judgment,weak,1
hadyelsahar/ar_res_reviews:2600,review_needed,,,False,False,عاليه,,,الرز | طلبات,0.3,unreviewed,only ambiguous risky tokens present - needs human judgment,weak,1
hadyelsahar/ar_res_reviews:2601,review_needed,general_place_vibe,general_place_vibe,True,False,المطعم,,المطعم,,1.3,unreviewed,only ambiguous risky tokens present - needs human judgment,weak,1
hadyelsahar/ar_res_reviews:2605,review_needed,general_place_vibe,general_place_vibe,True,False,المطعم,,المطعم,الاكل,1.3,unreviewed,only ambiguous risky tokens present - needs human judgment,weak,0
hadyelsahar/ar_res_reviews:2606,review_needed,general_place_vibe,general_place_vibe,True,False,المطعم,,المطعم,الدجاج | الطعام,1.3,unreviewed,only ambiguous risky tokens present - needs human judgment,weak,1
hadyelsahar/ar_res_reviews:2608,review_needed,general_place_vibe,general_place_vibe,True,False,المطعم,,المطعم,الرز,1.3,unreviewed,only ambiguous risky tokens present - needs human judgment,weak,1
hadyelsahar/ar_res_reviews:2612,review_needed,general_place_vibe,general_place_vibe,True,False,المطعم,,المطعم,اسلوب | الدجاج | الرز | الموظفين,1.3,unreviewed,only ambiguous risky tokens present - needs human judgment,weak,1
hadyelsahar/ar_res_reviews:2613,review_needed,general_place_vibe,general_place_vibe,True,False,المطعم,,المطعم,الرز | الطعم,1.3,unreviewed,only ambiguous risky tokens present - needs human judgment,weak,0
hadyelsahar/ar_res_reviews:2626,review_needed,general_place_vibe,general_place_vibe,True,False,المطعم,,المطعم,,1.3,unreviewed,only ambiguous risky tokens present - needs human judgment,weak,1
hadyelsahar/ar_res_reviews:2628,review_needed,general_place_vibe,general_place_vibe,True,False,المطعم,,المطعم,الدجاج,1.3,unreviewed,only ambiguous risky tokens present - needs human judgment,weak,1
hadyelsahar/ar_res_reviews:2636,review_needed,general_place_vibe,general_place_vibe,True,False,المطعم,,المطعم,,1.3,unreviewed,only ambiguous risky tokens present - needs human judgment,weak,1
hadyelsahar/ar_res_reviews:2639,review_needed,general_place_vibe,general_place_vibe,True,False,المطعم,,المطعم,,1.3,unreviewed,only ambiguous risky tokens present - needs human judgment,weak,1
hadyelsahar/ar_res_reviews:2641,review_needed,general_place_vibe,general_place_vibe,True,False,المطعم,,المطعم,,1.3,unreviewed,only ambiguous risky tokens present - needs human judgment,weak,1
hadyelsahar/ar_res_reviews:2642,review_needed,general_place_vibe,general_place_vibe,True,False,المطعم,,المطعم,,1.3,unreviewed,only ambiguous risky tokens present - needs human judgment,weak,1
hadyelsahar/ar_res_reviews:2646,review_needed,general_place_vibe,general_place_vibe,True,False,المطعم,,المطعم,الاكل,1.3,unreviewed,only ambiguous risky tokens present - needs human judgment,weak,0
hadyelsahar/ar_res_reviews:2654,review_needed,general_place_vibe,general_place_vibe,True,False,المطعم,,المطعم,,1.3,unreviewed,only ambiguous risky tokens present - needs human judgment,weak,1
hadyelsahar/ar_res_reviews:2655,review_needed,general_place_vibe,general_place_vibe,True,False,المطعم,,المطعم,الاكل,1.3,unreviewed,only ambiguous risky tokens present - needs human judgment,weak,1
hadyelsahar/ar_res_reviews:2658,review_needed,outdoor_view,outdoor_view,True,False,بره,,بره,الرز | السعر | اللحم,1.3,unreviewed,only ambiguous risky tokens present - needs human judgment,weak,1
hadyelsahar/ar_res_reviews:2660,review_needed,temperature_ac,temperature_ac,True,False,حار,,حار,الاكل,1.3,unreviewed,only ambiguous risky tokens present - needs human judgment,weak,0
hadyelsahar/ar_res_reviews:2662,review_needed,general_place_vibe,general_place_vibe,True,False,المطعم,,المطعم,الارز,1.3,unreviewed,only ambiguous risky tokens present - needs human judgment,weak,0
hadyelsahar/ar_res_reviews:2676,review_needed,general_place_vibe,general_place_vibe,True,False,المطعم,,المطعم,,1.3,unreviewed,only ambiguous risky tokens present - needs human judgment,weak,0
hadyelsahar/ar_res_reviews:2678,review_needed,general_place_vibe,general_place_vibe,True,False,المحل,,المحل,الدجاج | الرز,1.3,unreviewed,only ambiguous risky tokens present - needs human judgment,weak,1
hadyelsahar/ar_res_reviews:2681,review_needed,general_place_vibe,general_place_vibe,True,False,المطعم | المكان,,المطعم | المكان,,2.6,unreviewed,only ambiguous risky tokens present - needs human judgment,weak,1
hadyelsahar/ar_res_reviews:2682,review_needed,general_place_vibe,general_place_vibe,True,False,المطعم,,المطعم,الدجاج,1.3,unreviewed,only ambiguous risky tokens present - needs human judgment,weak,0
hadyelsahar/ar_res_reviews:2683,review_needed,temperature_ac,temperature_ac,True,False,حار,,حار,الاسعار | الاكل | الخبز,1.3,unreviewed,only ambiguous risky tokens present - needs human judgment,weak,1
hadyelsahar/ar_res_reviews:2684,review_needed,general_place_vibe,general_place_vibe,True,False,المطعم,,المطعم,الاكل,1.3,unreviewed,only ambiguous risky tokens present - needs human judgment,weak,0
hadyelsahar/ar_res_reviews:2696,review_needed,general_place_vibe,general_place_vibe,True,False,المطعم,,المطعم,,1.3,unreviewed,only ambiguous risky tokens present - needs human judgment,weak,1
hadyelsahar/ar_res_reviews:2697,review_needed,general_place_vibe,general_place_vibe,True,False,الفرع,,الفرع,,1.3,unreviewed,only ambiguous risky tokens present - needs human judgment,weak,1
hadyelsahar/ar_res_reviews:2698,review_needed,general_place_vibe,general_place_vibe,True,False,المطعم,,المطعم,,1.3,unreviewed,only ambiguous risky tokens present - needs human judgment,weak,0
hadyelsahar/ar_res_reviews:2699,review_needed,general_place_vibe,general_place_vibe,True,False,المطعم,,المطعم,الاسعار,1.3,unreviewed,only ambiguous risky tokens present - needs human judgment,weak,0
hadyelsahar/ar_res_reviews:2701,review_needed,general_place_vibe,general_place_vibe,True,False,المطعم,,المطعم,,1.3,unreviewed,only ambiguous risky tokens present - needs human judgment,weak,1
hadyelsahar/ar_res_reviews:2702,review_needed,outdoor_view,general_place_vibe | outdoor_view,True,False,المطعم | برا,,المطعم | برا,اللحم | طعمه | طلبات,2.6,unreviewed,only ambiguous risky tokens present - needs human judgment,weak,0
hadyelsahar/ar_res_reviews:2718,review_needed,general_place_vibe,general_place_vibe,True,False,المطعم,,المطعم,,1.3,unreviewed,only ambiguous risky tokens present - needs human judgment,weak,0
hadyelsahar/ar_res_reviews:2719,review_needed,,,False,False,عاليه,,,,0.3,unreviewed,only ambiguous risky tokens present - needs human judgment,weak,0
hadyelsahar/ar_res_reviews:2720,review_needed,temperature_ac,temperature_ac,True,False,بارد,,بارد,الاكل | السعر,1.3,unreviewed,only ambiguous risky tokens present - needs human judgment,weak,0
hadyelsahar/ar_res_reviews:2730,review_needed,general_place_vibe,general_place_vibe,True,False,الفرع,,الفرع,,1.3,unreviewed,only ambiguous risky tokens present - needs human judgment,weak,0
hadyelsahar/ar_res_reviews:2733,review_needed,general_place_vibe,general_place_vibe,True,False,المطعم,,المطعم,الاكل | الرز,1.3,unreviewed,only ambiguous risky tokens present - needs human judgment,weak,1
hadyelsahar/ar_res_reviews:2739,review_needed,general_place_vibe,general_place_vibe,True,False,المطعم,,المطعم,,1.3,unreviewed,only ambiguous risky tokens present - needs human judgment,weak,1
hadyelsahar/ar_res_reviews:2742,review_needed,general_place_vibe,general_place_vibe,True,False,المطعم,,المطعم,,1.3,unreviewed,only ambiguous risky tokens present - needs human judgment,weak,1
hadyelsahar/ar_res_reviews:2744,review_needed,general_place_vibe,general_place_vibe,True,False,المطعم,,المطعم,الشاورما,1.3,unreviewed,only ambiguous risky tokens present - needs human judgment,weak,0
hadyelsahar/ar_res_reviews:2746,review_needed,general_place_vibe,general_place_vibe,True,False,المطعم,,المطعم,,1.3,unreviewed,only ambiguous risky tokens present - needs human judgment,weak,1
hadyelsahar/ar_res_reviews:2754,review_needed,general_place_vibe,general_place_vibe,True,False,المطعم,,المطعم,الشاورما,1.3,unreviewed,only ambiguous risky tokens present - needs human judgment,weak,1
hadyelsahar/ar_res_reviews:2757,review_needed,general_place_vibe,general_place_vibe,True,False,المطعم,,المطعم,,1.3,unreviewed,only ambiguous risky tokens present - needs human judgment,weak,1
hadyelsahar/ar_res_reviews:2762,review_needed,general_place_vibe,general_place_vibe,True,False,المطعم,,المطعم,,1.3,unreviewed,only ambiguous risky tokens present - needs human judgment,weak,1
hadyelsahar/ar_res_reviews:2763,review_needed,general_place_vibe,general_place_vibe,True,False,المطعم,,المطعم,,1.3,unreviewed,only ambiguous risky tokens present - needs human judgment,weak,1
hadyelsahar/ar_res_reviews:2766,review_needed,general_place_vibe,general_place_vibe,True,False,المطعم,,المطعم,,1.3,unreviewed,only ambiguous risky tokens present - needs human judgment,weak,0
hadyelsahar/ar_res_reviews:2767,review_needed,smell,smell,True,False,ريحه,,ريحه,الدجاج,1.3,unreviewed,only ambiguous risky tokens present - needs human judgment,weak,0
hadyelsahar/ar_res_reviews:2769,review_needed,general_place_vibe,general_place_vibe,True,False,المطعم,,المطعم,الاكل,1.3,unreviewed,only ambiguous risky tokens present - needs human judgment,weak,0
hadyelsahar/ar_res_reviews:2773,review_needed,general_place_vibe,general_place_vibe,True,False,المطعم,,المطعم,طعمه,1.3,unreviewed,only ambiguous risky tokens present - needs human judgment,weak,0
hadyelsahar/ar_res_reviews:2776,review_needed,general_place_vibe,general_place_vibe,True,False,المطعم,,المطعم,,1.3,unreviewed,only ambiguous risky tokens present - needs human judgment,weak,0
hadyelsahar/ar_res_reviews:2779,review_needed,general_place_vibe,general_place_vibe,True,False,المطعم,,المطعم,,1.3,unreviewed,only ambiguous risky tokens present - needs human judgment,weak,0
hadyelsahar/ar_res_reviews:2786,review_needed,general_place_vibe,general_place_vibe,True,False,المطعم,,المطعم,الشاورما,1.3,unreviewed,only ambiguous risky tokens present - needs human judgment,weak,1
hadyelsahar/ar_res_reviews:2787,review_needed,general_place_vibe,general_place_vibe,True,False,الفرع,,الفرع,الفاتوره,1.3,unreviewed,only ambiguous risky tokens present - needs human judgment,weak,0
hadyelsahar/ar_res_reviews:2795,review_needed,general_place_vibe,general_place_vibe,True,False,المطعم,,المطعم,الاكل,1.3,unreviewed,only ambiguous risky tokens present - needs human judgment,weak,0
hadyelsahar/ar_res_reviews:2797,review_needed,general_place_vibe,general_place_vibe,True,False,المطعم,,المطعم,الدجاج | الرز,1.3,unreviewed,only ambiguous risky tokens present - needs human judgment,weak,1
hadyelsahar/ar_res_reviews:2798,review_needed,general_place_vibe,general_place_vibe,True,False,المطعم,,المطعم,,1.3,unreviewed,only ambiguous risky tokens present - needs human judgment,weak,1
hadyelsahar/ar_res_reviews:2799,review_needed,general_place_vibe,general_place_vibe,True,False,المطعم,,المطعم,الرز,1.3,unreviewed,only ambiguous risky tokens present - needs human judgment,weak,0
hadyelsahar/ar_res_reviews:2800,review_needed,seating_comfort,seating_comfort | general_place_vibe,True,False,الطاوله | المطعم,,الطاوله | المطعم,,2.6,unreviewed,only ambiguous risky tokens present - needs human judgment,weak,0
hadyelsahar/ar_res_reviews:2801,review_needed,general_place_vibe,general_place_vibe,True,False,المطعم,,المطعم,الرز | الوجبه,1.3,unreviewed,only ambiguous risky tokens present - needs human judgment,weak,1
hadyelsahar/ar_res_reviews:2810,review_needed,general_place_vibe,general_place_vibe,True,False,قديم,,قديم,,1.3,unreviewed,only ambiguous risky tokens present - needs human judgment,weak,1
hadyelsahar/ar_res_reviews:2813,review_needed,,,False,False,حاره,,,,0.3,unreviewed,only ambiguous risky tokens present - needs human judgment,weak,1
hadyelsahar/ar_res_reviews:2817,review_needed,general_place_vibe,general_place_vibe,True,False,المطعم,,المطعم,,1.3,unreviewed,only ambiguous risky tokens present - needs human judgment,weak,1
hadyelsahar/ar_res_reviews:2821,review_needed,general_place_vibe,general_place_vibe,True,False,المطعم,,المطعم,السلطه,1.3,unreviewed,only ambiguous risky tokens present - needs human judgment,weak,1
hadyelsahar/ar_res_reviews:2826,review_needed,general_place_vibe,general_place_vibe,True,False,المطعم,,المطعم,الدجاج,1.3,unreviewed,only ambiguous risky tokens present - needs human judgment,weak,1
hadyelsahar/ar_res_reviews:2835,review_needed,general_place_vibe,general_place_vibe,True,False,المطعم,,المطعم,البرجر,1.3,unreviewed,only ambiguous risky tokens present - needs human judgment,weak,1
hadyelsahar/ar_res_reviews:2840,review_needed,general_place_vibe,general_place_vibe,True,False,المطعم,,المطعم,الاسعار | غاليه,1.3,unreviewed,only ambiguous risky tokens present - needs human judgment,weak,1
hadyelsahar/ar_res_reviews:2842,review_needed,general_place_vibe,general_place_vibe,True,False,المكان,,المكان,النادل,1.3,unreviewed,only ambiguous risky tokens present - needs human judgment,weak,1
hadyelsahar/ar_res_reviews:2845,review_needed,general_place_vibe,general_place_vibe,True,False,المطعم,,المطعم,,1.3,unreviewed,only ambiguous risky tokens present - needs human judgment,weak,1
hadyelsahar/ar_res_reviews:2852,review_needed,temperature_ac,temperature_ac,True,False,بارد,,بارد,البرجر,1.3,unreviewed,only ambiguous risky tokens present - needs human judgment,weak,1
hadyelsahar/ar_res_reviews:2854,review_needed,general_place_vibe,general_place_vibe,True,False,المطعم,,المطعم,,1.3,unreviewed,only ambiguous risky tokens present - needs human judgment,weak,1
hadyelsahar/ar_res_reviews:2855,review_needed,temperature_ac,temperature_ac,True,False,حار,,حار,,1.3,unreviewed,only ambiguous risky tokens present - needs human judgment,weak,0
hadyelsahar/ar_res_reviews:2868,review_needed,general_place_vibe,general_place_vibe,True,False,المكان,,المكان,الرز,1.3,unreviewed,only ambiguous risky tokens present - needs human judgment,weak,1
hadyelsahar/ar_res_reviews:2873,review_needed,temperature_ac,general_place_vibe | temperature_ac,True,False,المطعم | حار,,المطعم | حار,الاسعار | الاكل | اللحم,2.6,unreviewed,only ambiguous risky tokens present - needs human judgment,weak,1
hadyelsahar/ar_res_reviews:2877,review_needed,temperature_ac,general_place_vibe | temperature_ac,True,False,المطعم | بارد,,المطعم | بارد,الاكل | طلبات,2.6,unreviewed,only ambiguous risky tokens present - needs human judgment,weak,1
hadyelsahar/ar_res_reviews:2878,review_needed,general_place_vibe,general_place_vibe,True,False,المطعم,,المطعم,غاليه,1.3,unreviewed,only ambiguous risky tokens present - needs human judgment,weak,0
hadyelsahar/ar_res_reviews:2891,review_needed,,,False,False,بارده | عالي,,,الاسعار | السعر | السلطه,0.6,unreviewed,only ambiguous risky tokens present - needs human judgment,weak,0
hadyelsahar/ar_res_reviews:2894,review_needed,general_place_vibe,general_place_vibe,True,False,المطعم,,المطعم,,1.3,unreviewed,only ambiguous risky tokens present - needs human judgment,weak,1
hadyelsahar/ar_res_reviews:2899,review_needed,general_place_vibe,general_place_vibe,True,False,الفرع | المطعم,,الفرع | المطعم,,2.6,unreviewed,only ambiguous risky tokens present - needs human judgment,weak,1
hadyelsahar/ar_res_reviews:2902,review_needed,general_place_vibe,general_place_vibe,True,False,المطعم,,المطعم,الاسعار | الاكل,1.3,unreviewed,only ambiguous risky tokens present - needs human judgment,weak,0
hadyelsahar/ar_res_reviews:2916,review_needed,seating_comfort,seating_comfort | general_place_vibe,True,False,الطاوله | المطعم,,الطاوله | المطعم,السلطه | الطعم | اللحم,2.6,unreviewed,only ambiguous risky tokens present - needs human judgment,weak,1
hadyelsahar/ar_res_reviews:2917,review_needed,general_place_vibe,general_place_vibe,True,False,المطعم,,المطعم,السلطه,1.3,unreviewed,only ambiguous risky tokens present - needs human judgment,weak,1
hadyelsahar/ar_res_reviews:2918,review_needed,general_place_vibe,general_place_vibe,True,False,المطعم,,المطعم,الطعم,1.3,unreviewed,only ambiguous risky tokens present - needs human judgment,weak,1
hadyelsahar/ar_res_reviews:2919,review_needed,general_place_vibe,general_place_vibe,True,False,المطعم,,المطعم,الاكل | السعر,1.3,unreviewed,only ambiguous risky tokens present - needs human judgment,weak,1
hadyelsahar/ar_res_reviews:2920,review_needed,general_place_vibe,general_place_vibe,True,False,المطعم,,المطعم,,1.3,unreviewed,only ambiguous risky tokens present - needs human judgment,weak,1
hadyelsahar/ar_res_reviews:2921,review_needed,general_place_vibe,general_place_vibe,True,False,المطعم,,المطعم,,1.3,unreviewed,only ambiguous risky tokens present - needs human judgment,weak,1
hadyelsahar/ar_res_reviews:2923,review_needed,general_place_vibe,general_place_vibe,True,False,المطعم,,المطعم,,1.3,unreviewed,only ambiguous risky tokens present - needs human judgment,weak,1
hadyelsahar/ar_res_reviews:2924,review_needed,general_place_vibe,general_place_vibe,True,False,المطعم,,المطعم,الطعام | الموظفين,1.3,unreviewed,only ambiguous risky tokens present - needs human judgment,weak,1
hadyelsahar/ar_res_reviews:2931,review_needed,general_place_vibe,general_place_vibe,True,False,المطعم | عاليه,,المطعم,غالي,1.6,unreviewed,only ambiguous risky tokens present - needs human judgment,weak,1
hadyelsahar/ar_res_reviews:2933,review_needed,seating_comfort,seating_comfort,True,False,الطاوله,,الطاوله,الاكل | الرز | الفاتوره,1.3,unreviewed,only ambiguous risky tokens present - needs human judgment,weak,0
hadyelsahar/ar_res_reviews:2939,review_needed,general_place_vibe,general_place_vibe,True,False,المطعم,,المطعم,,1.3,unreviewed,only ambiguous risky tokens present - needs human judgment,weak,1
hadyelsahar/ar_res_reviews:2941,review_needed,general_place_vibe,general_place_vibe,True,False,المطعم,,المطعم,,1.3,unreviewed,only ambiguous risky tokens present - needs human judgment,weak,1
hadyelsahar/ar_res_reviews:2943,review_needed,temperature_ac,temperature_ac,True,False,بارد,,بارد,,1.3,unreviewed,only ambiguous risky tokens present - needs human judgment,weak,1
hadyelsahar/ar_res_reviews:2949,review_needed,general_place_vibe,general_place_vibe,True,False,المطعم,,المطعم,الطعم | طعمه | طعمها,1.3,unreviewed,only ambiguous risky tokens present - needs human judgment,weak,0
hadyelsahar/ar_res_reviews:2951,review_needed,temperature_ac,temperature_ac,True,False,حار,,حار,الارز | الاكل,1.3,unreviewed,only ambiguous risky tokens present - needs human judgment,weak,1
hadyelsahar/ar_res_reviews:2958,review_needed,general_place_vibe,general_place_vibe,True,False,المطعم,,المطعم,الاكل,1.3,unreviewed,only ambiguous risky tokens present - needs human judgment,weak,1
hadyelsahar/ar_res_reviews:2959,review_needed,general_place_vibe,general_place_vibe,True,False,المطعم,,المطعم,الرز,1.3,unreviewed,only ambiguous risky tokens present - needs human judgment,weak,1
hadyelsahar/ar_res_reviews:2960,review_needed,general_place_vibe,general_place_vibe,True,False,المكان,,المكان,الاكل,1.3,unreviewed,only ambiguous risky tokens present - needs human judgment,weak,0
hadyelsahar/ar_res_reviews:2961,review_needed,general_place_vibe,general_place_vibe,True,False,المطعم,,المطعم,الاكل | السعر,1.3,unreviewed,only ambiguous risky tokens present - needs human judgment,weak,0
hadyelsahar/ar_res_reviews:2964,review_needed,general_place_vibe,general_place_vibe,True,False,المطعم,,المطعم,,1.3,unreviewed,only ambiguous risky tokens present - needs human judgment,weak,1
hadyelsahar/ar_res_reviews:2968,review_needed,temperature_ac,general_place_vibe | temperature_ac,True,False,المكان | حار,,المكان | حار,الاكل,2.6,unreviewed,only ambiguous risky tokens present - needs human judgment,weak,1
hadyelsahar/ar_res_reviews:2969,review_needed,,,False,False,حاره,,,الفاتوره,0.3,unreviewed,only ambiguous risky tokens present - needs human judgment,weak,1
hadyelsahar/ar_res_reviews:2976,review_needed,general_place_vibe,general_place_vibe,True,False,المحل,,المحل,الاكل | الدجاج,1.3,unreviewed,only ambiguous risky tokens present - needs human judgment,weak,1
hadyelsahar/ar_res_reviews:2983,review_needed,general_place_vibe,general_place_vibe,True,False,المطعم,,المطعم,الدجاج,1.3,unreviewed,only ambiguous risky tokens present - needs human judgment,weak,1
hadyelsahar/ar_res_reviews:2986,review_needed,temperature_ac,temperature_ac,True,False,حار,,حار,الاكل | البطاطس | طعمه,1.3,unreviewed,only ambiguous risky tokens present - needs human judgment,weak,1
hadyelsahar/ar_res_reviews:2993,review_needed,general_place_vibe,general_place_vibe,True,False,المطعم,,المطعم,الاكل,1.3,unreviewed,only ambiguous risky tokens present - needs human judgment,weak,1
hadyelsahar/ar_res_reviews:2999,review_needed,general_place_vibe,general_place_vibe,True,False,المكان,,المكان,الاكل,1.3,unreviewed,only ambiguous risky tokens present - needs human judgment,weak,1
hadyelsahar/ar_res_reviews:3010,review_needed,temperature_ac,general_place_vibe | temperature_ac,True,False,المطعم | حار,,المطعم | حار,السعر,2.6,unreviewed,only ambiguous risky tokens present - needs human judgment,weak,1
hadyelsahar/ar_res_reviews:3011,review_needed,general_place_vibe,general_place_vibe,True,False,المطعم,,المطعم,الطعام,1.3,unreviewed,only ambiguous risky tokens present - needs human judgment,weak,1
hadyelsahar/ar_res_reviews:3012,review_needed,temperature_ac,temperature_ac | outdoor_view,True,False,بارد | برا | حار,,بارد | برا | حار,,3.9,unreviewed,only ambiguous risky tokens present - needs human judgment,weak,1
hadyelsahar/ar_res_reviews:3013,review_needed,general_place_vibe,general_place_vibe,True,False,المكان,,المكان,النادل,1.3,unreviewed,only ambiguous risky tokens present - needs human judgment,weak,1
hadyelsahar/ar_res_reviews:3014,review_needed,general_place_vibe,general_place_vibe,True,False,المطعم,,المطعم,,1.3,unreviewed,only ambiguous risky tokens present - needs human judgment,weak,0
hadyelsahar/ar_res_reviews:3016,review_needed,general_place_vibe,general_place_vibe,True,False,المطعم,,المطعم,النادل,1.3,unreviewed,only ambiguous risky tokens present - needs human judgment,weak,0
hadyelsahar/ar_res_reviews:3018,review_needed,general_place_vibe,general_place_vibe,True,False,المطعم,,المطعم,الاكل | الدجاج | اللحم,1.3,unreviewed,only ambiguous risky tokens present - needs human judgment,weak,1
hadyelsahar/ar_res_reviews:3020,review_needed,general_place_vibe,general_place_vibe,True,False,المطعم,,المطعم,الاكل,1.3,unreviewed,only ambiguous risky tokens present - needs human judgment,weak,1
hadyelsahar/ar_res_reviews:3021,review_needed,general_place_vibe,general_place_vibe,True,False,المطعم,,المطعم,الاسعار | الاكل | البرجر | السلطه,1.3,unreviewed,only ambiguous risky tokens present - needs human judgment,weak,1
hadyelsahar/ar_res_reviews:3022,review_needed,general_place_vibe,general_place_vibe,True,False,الفرع,,الفرع,,1.3,unreviewed,only ambiguous risky tokens present - needs human judgment,weak,1
hadyelsahar/ar_res_reviews:3026,review_needed,general_place_vibe,general_place_vibe,True,False,المطعم,,المطعم,,1.3,unreviewed,only ambiguous risky tokens present - needs human judgment,weak,1
hadyelsahar/ar_res_reviews:3029,review_needed,general_place_vibe,general_place_vibe,True,False,المطعم,,المطعم,السلطه,1.3,unreviewed,only ambiguous risky tokens present - needs human judgment,weak,1
hadyelsahar/ar_res_reviews:3035,review_needed,general_place_vibe,general_place_vibe,True,False,المطعم,,المطعم,,1.3,unreviewed,only ambiguous risky tokens present - needs human judgment,weak,0
hadyelsahar/ar_res_reviews:3044,review_needed,general_place_vibe,general_place_vibe,True,False,المطعم,,المطعم,الدجاج | اللحم | طعمها,1.3,unreviewed,only ambiguous risky tokens present - needs human judgment,weak,1
hadyelsahar/ar_res_reviews:3046,review_needed,general_place_vibe,general_place_vibe,True,False,المطعم,,المطعم,,1.3,unreviewed,only ambiguous risky tokens present - needs human judgment,weak,0
hadyelsahar/ar_res_reviews:3049,review_needed,general_place_vibe,general_place_vibe,True,False,المطعم,,المطعم,الدجاج,1.3,unreviewed,only ambiguous risky tokens present - needs human judgment,weak,0
hadyelsahar/ar_res_reviews:3050,review_needed,general_place_vibe,general_place_vibe,True,False,المطعم,,المطعم,الاسعار | البطاطس | الطعم | الويتر,1.3,unreviewed,only ambiguous risky tokens present - needs human judgment,weak,0
hadyelsahar/ar_res_reviews:3055,review_needed,general_place_vibe,general_place_vibe,True,False,الفرع,,الفرع,,1.3,unreviewed,only ambiguous risky tokens present - needs human judgment,weak,1
hadyelsahar/ar_res_reviews:3056,review_needed,general_place_vibe,general_place_vibe,True,False,المحل,,المحل,,1.3,unreviewed,only ambiguous risky tokens present - needs human judgment,weak,1
hadyelsahar/ar_res_reviews:3057,review_needed,temperature_ac,temperature_ac,True,False,بارد,,بارد,,1.3,unreviewed,only ambiguous risky tokens present - needs human judgment,weak,0
hadyelsahar/ar_res_reviews:3058,review_needed,general_place_vibe,general_place_vibe,True,False,المطعم,,المطعم,,1.3,unreviewed,only ambiguous risky tokens present - needs human judgment,weak,1
hadyelsahar/ar_res_reviews:3063,review_needed,general_place_vibe,general_place_vibe,True,False,المطعم,,المطعم,اللحم | النكهه | ني,1.3,unreviewed,only ambiguous risky tokens present - needs human judgment,weak,0
hadyelsahar/ar_res_reviews:3064,review_needed,general_place_vibe,general_place_vibe,True,False,المطعم,,المطعم,السعر,1.3,unreviewed,only ambiguous risky tokens present - needs human judgment,weak,0
hadyelsahar/ar_res_reviews:3065,review_needed,general_place_vibe,general_place_vibe,True,False,المطعم,,المطعم,,1.3,unreviewed,only ambiguous risky tokens present - needs human judgment,weak,1
hadyelsahar/ar_res_reviews:3067,review_needed,smell,smell,True,False,ريحه,,ريحه,,1.3,unreviewed,only ambiguous risky tokens present - needs human judgment,weak,1
hadyelsahar/ar_res_reviews:3071,review_needed,general_place_vibe,general_place_vibe,True,False,المطعم | المكان,,المطعم | المكان,الطعام,2.6,unreviewed,only ambiguous risky tokens present - needs human judgment,weak,1
hadyelsahar/ar_res_reviews:3074,review_needed,general_place_vibe,general_place_vibe,True,False,المطعم,,المطعم,,1.3,unreviewed,only ambiguous risky tokens present - needs human judgment,weak,1
hadyelsahar/ar_res_reviews:3077,review_needed,general_place_vibe,general_place_vibe,True,False,المكان,,المكان,البيتزا | غاليه,1.3,unreviewed,only ambiguous risky tokens present - needs human judgment,weak,0
hadyelsahar/ar_res_reviews:3079,review_needed,general_place_vibe,general_place_vibe,True,False,المطعم,,المطعم,البطاطس,1.3,unreviewed,only ambiguous risky tokens present - needs human judgment,weak,0
hadyelsahar/ar_res_reviews:3080,review_needed,general_place_vibe,general_place_vibe,True,False,المحل | المطعم,,المحل | المطعم,البيتزا,2.6,unreviewed,only ambiguous risky tokens present - needs human judgment,weak,1
hadyelsahar/ar_res_reviews:3085,review_needed,general_place_vibe,general_place_vibe,True,False,المطعم,,المطعم,غالي,1.3,unreviewed,only ambiguous risky tokens present - needs human judgment,weak,1
hadyelsahar/ar_res_reviews:3086,review_needed,general_place_vibe,general_place_vibe,True,False,المطعم,,المطعم,الاسعار | الاكل | غاليه,1.3,unreviewed,only ambiguous risky tokens present - needs human judgment,weak,1
hadyelsahar/ar_res_reviews:3094,review_needed,temperature_ac,temperature_ac,True,False,بارد,,بارد,,1.3,unreviewed,only ambiguous risky tokens present - needs human judgment,weak,1
hadyelsahar/ar_res_reviews:3098,review_needed,temperature_ac,temperature_ac,True,False,حار | حاره,,حار,الدجاج | اللحم,1.6,unreviewed,only ambiguous risky tokens present - needs human judgment,weak,1
hadyelsahar/ar_res_reviews:3106,review_needed,general_place_vibe,general_place_vibe,True,False,المطعم,,المطعم,الاكل | اللحم,1.3,unreviewed,only ambiguous risky tokens present - needs human judgment,weak,1
hadyelsahar/ar_res_reviews:3125,review_needed,general_place_vibe,general_place_vibe,True,False,المطعم,,المطعم,,1.3,unreviewed,only ambiguous risky tokens present - needs human judgment,weak,1
hadyelsahar/ar_res_reviews:3126,review_needed,general_place_vibe,general_place_vibe,True,False,المكان,,المكان,الدجاج,1.3,unreviewed,only ambiguous risky tokens present - needs human judgment,weak,1
hadyelsahar/ar_res_reviews:3139,review_needed,general_place_vibe,general_place_vibe,True,False,المطعم,,المطعم,الطعم,1.3,unreviewed,only ambiguous risky tokens present - needs human judgment,weak,1
hadyelsahar/ar_res_reviews:3143,review_needed,outdoor_view,general_place_vibe | outdoor_view,True,False,المطعم | بره,,المطعم | بره,البرجر | الطعم,2.6,unreviewed,only ambiguous risky tokens present - needs human judgment,weak,1
hadyelsahar/ar_res_reviews:3146,review_needed,general_place_vibe,general_place_vibe,True,False,الفرع,,الفرع,,1.3,unreviewed,only ambiguous risky tokens present - needs human judgment,weak,1
hadyelsahar/ar_res_reviews:3155,review_needed,general_place_vibe,general_place_vibe,True,False,المطعم,,المطعم,الفاتوره | النادل,1.3,unreviewed,only ambiguous risky tokens present - needs human judgment,weak,0
hadyelsahar/ar_res_reviews:3162,review_needed,temperature_ac,temperature_ac,True,False,بارد,,بارد,الاكل | البطاطس | الساندويتش | السعر | طعمه,1.3,unreviewed,only ambiguous risky tokens present - needs human judgment,weak,0
hadyelsahar/ar_res_reviews:3165,review_needed,general_place_vibe,general_place_vibe,True,False,المطعم,,المطعم,,1.3,unreviewed,only ambiguous risky tokens present - needs human judgment,weak,1
hadyelsahar/ar_res_reviews:3173,review_needed,general_place_vibe,general_place_vibe,True,False,المطعم | المكان,,المطعم | المكان,البرجر | الوجبه,2.6,unreviewed,only ambiguous risky tokens present - needs human judgment,weak,1
hadyelsahar/ar_res_reviews:3177,review_needed,general_place_vibe,general_place_vibe,True,False,المطعم,,المطعم,الخبز,1.3,unreviewed,only ambiguous risky tokens present - needs human judgment,weak,1
hadyelsahar/ar_res_reviews:3182,review_needed,general_place_vibe,general_place_vibe,True,False,المحل,,المحل,البرجر,1.3,unreviewed,only ambiguous risky tokens present - needs human judgment,weak,0
hadyelsahar/ar_res_reviews:3183,review_needed,general_place_vibe,general_place_vibe,True,False,المحل,,المحل,اللحم,1.3,unreviewed,only ambiguous risky tokens present - needs human judgment,weak,1
hadyelsahar/ar_res_reviews:3185,review_needed,general_place_vibe,general_place_vibe,True,False,المطعم,,المطعم,,1.3,unreviewed,only ambiguous risky tokens present - needs human judgment,weak,0
hadyelsahar/ar_res_reviews:3186,review_needed,general_place_vibe,general_place_vibe,True,False,المطعم,,المطعم,,1.3,unreviewed,only ambiguous risky tokens present - needs human judgment,weak,0
hadyelsahar/ar_res_reviews:3187,review_needed,general_place_vibe,general_place_vibe,True,False,المطعم,,المطعم,,1.3,unreviewed,only ambiguous risky tokens present - needs human judgment,weak,1
hadyelsahar/ar_res_reviews:3196,review_needed,general_place_vibe,general_place_vibe,True,False,المحل,,المحل,,1.3,unreviewed,only ambiguous risky tokens present - needs human judgment,weak,1
hadyelsahar/ar_res_reviews:3205,review_needed,general_place_vibe,general_place_vibe,True,False,المطعم,,المطعم,,1.3,unreviewed,only ambiguous risky tokens present - needs human judgment,weak,1
hadyelsahar/ar_res_reviews:3211,review_needed,temperature_ac,temperature_ac,True,False,بارد,,بارد,الاكل,1.3,unreviewed,only ambiguous risky tokens present - needs human judgment,weak,1
hadyelsahar/ar_res_reviews:3215,review_needed,general_place_vibe,general_place_vibe,True,False,المطعم,,المطعم,الاكل,1.3,unreviewed,only ambiguous risky tokens present - needs human judgment,weak,1
hadyelsahar/ar_res_reviews:3216,review_needed,seating_comfort,seating_comfort,True,False,الطاوله,,الطاوله,,1.3,unreviewed,only ambiguous risky tokens present - needs human judgment,weak,1
hadyelsahar/ar_res_reviews:3221,review_needed,general_place_vibe,general_place_vibe,True,False,المكان,,المكان,,1.3,unreviewed,only ambiguous risky tokens present - needs human judgment,weak,1
hadyelsahar/ar_res_reviews:3222,review_needed,general_place_vibe,general_place_vibe,True,False,المطعم | المكان,,المطعم | المكان,الاكل,2.6,unreviewed,only ambiguous risky tokens present - needs human judgment,weak,1
hadyelsahar/ar_res_reviews:3228,review_needed,,,False,False,حاره,,,طعمه,0.3,unreviewed,only ambiguous risky tokens present - needs human judgment,weak,1
hadyelsahar/ar_res_reviews:3236,review_needed,general_place_vibe,general_place_vibe,True,False,المطعم | زيت,,المطعم,البرجر | الخبز,1.6,unreviewed,only ambiguous risky tokens present - needs human judgment,weak,1
hadyelsahar/ar_res_reviews:3237,review_needed,general_place_vibe,general_place_vibe,True,False,المطعم,,المطعم,الطعم,1.3,unreviewed,only ambiguous risky tokens present - needs human judgment,weak,1
hadyelsahar/ar_res_reviews:3241,review_needed,smell,smell,True,False,ريحه,,ريحه,,1.3,unreviewed,only ambiguous risky tokens present - needs human judgment,weak,0
hadyelsahar/ar_res_reviews:3242,review_needed,general_place_vibe,general_place_vibe,True,False,المحل,,المحل,,1.3,unreviewed,only ambiguous risky tokens present - needs human judgment,weak,1
hadyelsahar/ar_res_reviews:3243,review_needed,general_place_vibe,general_place_vibe,True,False,الفرع,,الفرع,,1.3,unreviewed,only ambiguous risky tokens present - needs human judgment,weak,0
hadyelsahar/ar_res_reviews:3252,review_needed,general_place_vibe,general_place_vibe,True,False,المطعم,,المطعم,الاسعار | الطعام,1.3,unreviewed,only ambiguous risky tokens present - needs human judgment,weak,1
hadyelsahar/ar_res_reviews:3254,review_needed,seating_comfort,seating_comfort | general_place_vibe,True,False,الطاوله | المطعم,,الطاوله | المطعم,الاسعار | الطعام,2.6,unreviewed,only ambiguous risky tokens present - needs human judgment,weak,0
hadyelsahar/ar_res_reviews:3255,review_needed,general_place_vibe,general_place_vibe,True,False,المطعم,,المطعم,,1.3,unreviewed,only ambiguous risky tokens present - needs human judgment,weak,0
hadyelsahar/ar_res_reviews:3256,review_needed,general_place_vibe,general_place_vibe,True,False,المطعم,,المطعم,الاسعار | الطعم,1.3,unreviewed,only ambiguous risky tokens present - needs human judgment,weak,1
hadyelsahar/ar_res_reviews:3257,review_needed,general_place_vibe,general_place_vibe,True,False,المطعم,,المطعم,الطعم,1.3,unreviewed,only ambiguous risky tokens present - needs human judgment,weak,1
hadyelsahar/ar_res_reviews:3259,review_needed,,,False,False,بارده,,,,0.3,unreviewed,only ambiguous risky tokens present - needs human judgment,weak,0
hadyelsahar/ar_res_reviews:3260,review_needed,general_place_vibe,general_place_vibe,True,False,المطعم,,المطعم,,1.3,unreviewed,only ambiguous risky tokens present - needs human judgment,weak,0
hadyelsahar/ar_res_reviews:3262,review_needed,general_place_vibe,general_place_vibe,True,False,المكان,,المكان,,1.3,unreviewed,only ambiguous risky tokens present - needs human judgment,weak,1
hadyelsahar/ar_res_reviews:3267,review_needed,,,False,False,زيت,,,,0.3,unreviewed,only ambiguous risky tokens present - needs human judgment,weak,0
hadyelsahar/ar_res_reviews:3269,review_needed,general_place_vibe,general_place_vibe,True,False,المطعم,,المطعم,البيتزا,1.3,unreviewed,only ambiguous risky tokens present - needs human judgment,weak,0
hadyelsahar/ar_res_reviews:3271,review_needed,general_place_vibe,general_place_vibe,True,False,المطعم | المكان,,المطعم | المكان,الاسعار | البيتزا | الطعام,2.6,unreviewed,only ambiguous risky tokens present - needs human judgment,weak,1
hadyelsahar/ar_res_reviews:3273,review_needed,general_place_vibe,general_place_vibe,True,False,المكان,,المكان,طعمها,1.3,unreviewed,only ambiguous risky tokens present - needs human judgment,weak,1
hadyelsahar/ar_res_reviews:3282,review_needed,,,False,False,بارده,,,,0.3,unreviewed,only ambiguous risky tokens present - needs human judgment,weak,0
hadyelsahar/ar_res_reviews:3288,review_needed,general_place_vibe,general_place_vibe,True,False,الفرع,,الفرع,,1.3,unreviewed,only ambiguous risky tokens present - needs human judgment,weak,1
hadyelsahar/ar_res_reviews:3290,review_needed,general_place_vibe,general_place_vibe,True,False,المحل | المطعم,,المحل | المطعم,الطعم,2.6,unreviewed,only ambiguous risky tokens present - needs human judgment,weak,0
hadyelsahar/ar_res_reviews:3294,review_needed,general_place_vibe,general_place_vibe,True,False,المطعم,,المطعم,الاكل | السعر,1.3,unreviewed,only ambiguous risky tokens present - needs human judgment,weak,1
hadyelsahar/ar_res_reviews:3295,review_needed,general_place_vibe,general_place_vibe,True,False,المطعم,,المطعم,البيتزا | الدجاج | النادل | الوجبه,1.3,unreviewed,only ambiguous risky tokens present - needs human judgment,weak,1
hadyelsahar/ar_res_reviews:3297,review_needed,general_place_vibe,general_place_vibe,True,False,المكان,,المكان,غالي,1.3,unreviewed,only ambiguous risky tokens present - needs human judgment,weak,0
hadyelsahar/ar_res_reviews:3299,review_needed,general_place_vibe,general_place_vibe,True,False,المطعم,,المطعم,,1.3,unreviewed,only ambiguous risky tokens present - needs human judgment,weak,1
hadyelsahar/ar_res_reviews:3300,review_needed,,,False,False,عاليه,,,الاكل,0.3,unreviewed,only ambiguous risky tokens present - needs human judgment,weak,0
hadyelsahar/ar_res_reviews:3302,review_needed,general_place_vibe,general_place_vibe,True,False,المكان,,المكان,الاسعار,1.3,unreviewed,only ambiguous risky tokens present - needs human judgment,weak,1
hadyelsahar/ar_res_reviews:3306,review_needed,seating_comfort,seating_comfort | general_place_vibe,True,False,الطاوله | المطعم,,الطاوله | المطعم,,2.6,unreviewed,only ambiguous risky tokens present - needs human judgment,weak,1
hadyelsahar/ar_res_reviews:3314,review_needed,seating_comfort,seating_comfort | general_place_vibe,True,False,الطاوله | المطعم,,الطاوله | المطعم,الاكل | الشاورما | الويتر,2.6,unreviewed,only ambiguous risky tokens present - needs human judgment,weak,0
hadyelsahar/ar_res_reviews:3329,review_needed,general_place_vibe,general_place_vibe,True,False,المطعم,,المطعم,الخبز | الرز | الطعم | الكاشير,1.3,unreviewed,only ambiguous risky tokens present - needs human judgment,weak,1
hadyelsahar/ar_res_reviews:3336,review_needed,general_place_vibe,general_place_vibe,True,False,المطعم,,المطعم,الاسعار | مالح,1.3,unreviewed,only ambiguous risky tokens present - needs human judgment,weak,1
hadyelsahar/ar_res_reviews:3337,review_needed,general_place_vibe,general_place_vibe,True,False,المطعم,,المطعم,,1.3,unreviewed,only ambiguous risky tokens present - needs human judgment,weak,0
hadyelsahar/ar_res_reviews:3343,review_needed,general_place_vibe,general_place_vibe,True,False,المطعم,,المطعم,الاكل,1.3,unreviewed,only ambiguous risky tokens present - needs human judgment,weak,1
hadyelsahar/ar_res_reviews:3364,review_needed,general_place_vibe,general_place_vibe,True,False,المكان,,المكان,,1.3,unreviewed,only ambiguous risky tokens present - needs human judgment,weak,1
hadyelsahar/ar_res_reviews:3365,review_needed,general_place_vibe,general_place_vibe,True,False,المكان,,المكان,النادل,1.3,unreviewed,only ambiguous risky tokens present - needs human judgment,weak,1
hadyelsahar/ar_res_reviews:3368,review_needed,general_place_vibe,general_place_vibe,True,False,المطعم,,المطعم,البطاطس,1.3,unreviewed,only ambiguous risky tokens present - needs human judgment,weak,1
hadyelsahar/ar_res_reviews:3369,review_needed,,,False,False,بارده,,,طعمها,0.3,unreviewed,only ambiguous risky tokens present - needs human judgment,weak,1
hadyelsahar/ar_res_reviews:3372,review_needed,general_place_vibe,general_place_vibe,True,False,المطعم,,المطعم,الاكل,1.3,unreviewed,only ambiguous risky tokens present - needs human judgment,weak,0
hadyelsahar/ar_res_reviews:3374,review_needed,general_place_vibe,general_place_vibe,True,False,الفرع,,الفرع,,1.3,unreviewed,only ambiguous risky tokens present - needs human judgment,weak,1
hadyelsahar/ar_res_reviews:3376,review_needed,general_place_vibe,general_place_vibe,True,False,المطعم,,المطعم,الخبز | الطعام | اللحم,1.3,unreviewed,only ambiguous risky tokens present - needs human judgment,weak,0
hadyelsahar/ar_res_reviews:3379,review_needed,general_place_vibe,general_place_vibe,True,False,المطعم,,المطعم,الاكل,1.3,unreviewed,only ambiguous risky tokens present - needs human judgment,weak,1
hadyelsahar/ar_res_reviews:3382,review_needed,general_place_vibe,general_place_vibe,True,False,المطعم | المكان,,المطعم | المكان,السلطه,2.6,unreviewed,only ambiguous risky tokens present - needs human judgment,weak,1
hadyelsahar/ar_res_reviews:3386,review_needed,general_place_vibe,general_place_vibe,True,False,المطعم,,المطعم,الاسعار | الخبز | السلطه | اللحم,1.3,unreviewed,only ambiguous risky tokens present - needs human judgment,weak,1
hadyelsahar/ar_res_reviews:3389,review_needed,general_place_vibe,general_place_vibe,True,False,المطعم,,المطعم,طعمه,1.3,unreviewed,only ambiguous risky tokens present - needs human judgment,weak,1
hadyelsahar/ar_res_reviews:3393,review_needed,general_place_vibe,general_place_vibe,True,False,المكان,,المكان,الدجاج,1.3,unreviewed,only ambiguous risky tokens present - needs human judgment,weak,1
hadyelsahar/ar_res_reviews:3394,review_needed,general_place_vibe,general_place_vibe,True,False,المكان,,المكان,غاليه,1.3,unreviewed,only ambiguous risky tokens present - needs human judgment,weak,0
hadyelsahar/ar_res_reviews:3406,review_needed,general_place_vibe,general_place_vibe,True,False,المطعم,,المطعم,,1.3,unreviewed,only ambiguous risky tokens present - needs human judgment,weak,1
hadyelsahar/ar_res_reviews:3408,review_needed,general_place_vibe,general_place_vibe,True,False,المكان,,المكان,الاسعار,1.3,unreviewed,only ambiguous risky tokens present - needs human judgment,weak,1
hadyelsahar/ar_res_reviews:3417,review_needed,temperature_ac,general_place_vibe | temperature_ac,True,False,المطعم | المكان | بارد,,المطعم | المكان | بارد,الاكل,3.9,unreviewed,only ambiguous risky tokens present - needs human judgment,weak,0
hadyelsahar/ar_res_reviews:3424,review_needed,,,False,False,زيت,,,البيتزا,0.3,unreviewed,only ambiguous risky tokens present - needs human judgment,weak,1
hadyelsahar/ar_res_reviews:3425,review_needed,general_place_vibe,general_place_vibe,True,False,المحل,,المحل,البيتزا,1.3,unreviewed,only ambiguous risky tokens present - needs human judgment,weak,1
hadyelsahar/ar_res_reviews:3427,review_needed,general_place_vibe,general_place_vibe,True,False,المطعم,,المطعم,طعمها,1.3,unreviewed,only ambiguous risky tokens present - needs human judgment,weak,0
hadyelsahar/ar_res_reviews:3430,review_needed,general_place_vibe,general_place_vibe,True,False,المطعم,,المطعم,,1.3,unreviewed,only ambiguous risky tokens present - needs human judgment,weak,1
hadyelsahar/ar_res_reviews:3434,review_needed,general_place_vibe,general_place_vibe,True,False,المطعم,,المطعم,الطعم,1.3,unreviewed,only ambiguous risky tokens present - needs human judgment,weak,1
hadyelsahar/ar_res_reviews:3435,review_needed,general_place_vibe,general_place_vibe,True,False,المطعم,,المطعم,,1.3,unreviewed,only ambiguous risky tokens present - needs human judgment,weak,1
hadyelsahar/ar_res_reviews:3437,review_needed,general_place_vibe,general_place_vibe,True,False,المكان,,المكان,الطعم,1.3,unreviewed,only ambiguous risky tokens present - needs human judgment,weak,1
hadyelsahar/ar_res_reviews:3447,review_needed,general_place_vibe,general_place_vibe,True,False,المحل,,المحل,,1.3,unreviewed,only ambiguous risky tokens present - needs human judgment,weak,0
hadyelsahar/ar_res_reviews:3455,review_needed,general_place_vibe,general_place_vibe,True,False,المطعم,,المطعم,,1.3,unreviewed,only ambiguous risky tokens present - needs human judgment,weak,1
hadyelsahar/ar_res_reviews:3458,review_needed,,,False,False,بارده,,,الخبز | الدجاج,0.3,unreviewed,only ambiguous risky tokens present - needs human judgment,weak,0
hadyelsahar/ar_res_reviews:3477,review_needed,general_place_vibe,general_place_vibe,True,False,المطعم,,المطعم,البيتزا,1.3,unreviewed,only ambiguous risky tokens present - needs human judgment,weak,1
hadyelsahar/ar_res_reviews:3483,review_needed,outdoor_view,outdoor_view,True,False,برا,,برا,الاسعار | الاكل | غاليه,1.3,unreviewed,only ambiguous risky tokens present - needs human judgment,weak,1
hadyelsahar/ar_res_reviews:3491,review_needed,,,False,False,حاره,,,الاسعار | الدجاج | الرز,0.3,unreviewed,only ambiguous risky tokens present - needs human judgment,weak,1
hadyelsahar/ar_res_reviews:3495,review_needed,general_place_vibe,general_place_vibe,True,False,المطعم,,المطعم,الاسعار | الدجاج,1.3,unreviewed,only ambiguous risky tokens present - needs human judgment,weak,1
hadyelsahar/ar_res_reviews:3498,review_needed,general_place_vibe,general_place_vibe,True,False,المطعم,,المطعم,السعر,1.3,unreviewed,only ambiguous risky tokens present - needs human judgment,weak,1
hadyelsahar/ar_res_reviews:3504,review_needed,,,False,False,زيت,,,,0.3,unreviewed,only ambiguous risky tokens present - needs human judgment,weak,0
hadyelsahar/ar_res_reviews:3513,review_needed,general_place_vibe,general_place_vibe,True,False,المطعم,,المطعم,,1.3,unreviewed,only ambiguous risky tokens present - needs human judgment,weak,0
hadyelsahar/ar_res_reviews:3515,review_needed,general_place_vibe,general_place_vibe,True,False,المطعم,,المطعم,الدجاج,1.3,unreviewed,only ambiguous risky tokens present - needs human judgment,weak,1
hadyelsahar/ar_res_reviews:3517,review_needed,general_place_vibe,general_place_vibe,True,False,المطعم,,المطعم,الاكل | السعر | غالي,1.3,unreviewed,only ambiguous risky tokens present - needs human judgment,weak,0
hadyelsahar/ar_res_reviews:3518,review_needed,general_place_vibe,general_place_vibe,True,False,المكان,,المكان,,1.3,unreviewed,only ambiguous risky tokens present - needs human judgment,weak,1
hadyelsahar/ar_res_reviews:3524,review_needed,general_place_vibe,general_place_vibe,True,False,المطعم,,المطعم,,1.3,unreviewed,only ambiguous risky tokens present - needs human judgment,weak,1
hadyelsahar/ar_res_reviews:3526,review_needed,general_place_vibe,general_place_vibe,True,False,المطعم,,المطعم,الاسعار | السعر,1.3,unreviewed,only ambiguous risky tokens present - needs human judgment,weak,1
hadyelsahar/ar_res_reviews:3529,review_needed,general_place_vibe,general_place_vibe,True,False,المطعم | المكان,,المطعم | المكان,الاسعار,2.6,unreviewed,only ambiguous risky tokens present - needs human judgment,weak,1
hadyelsahar/ar_res_reviews:3532,review_needed,,,False,False,عاليه,,,الاسعار | غاليه,0.3,unreviewed,only ambiguous risky tokens present - needs human judgment,weak,0
hadyelsahar/ar_res_reviews:3534,review_needed,general_place_vibe,general_place_vibe,True,False,المطعم,,المطعم,,1.3,unreviewed,only ambiguous risky tokens present - needs human judgment,weak,1
hadyelsahar/ar_res_reviews:3544,review_needed,general_place_vibe,general_place_vibe,True,False,المطعم,,المطعم,اللحم,1.3,unreviewed,only ambiguous risky tokens present - needs human judgment,weak,1
hadyelsahar/ar_res_reviews:3553,review_needed,general_place_vibe,general_place_vibe,True,False,المطعم | المكان,,المطعم | المكان,الاسعار | الاكل | البيتزا,2.6,unreviewed,only ambiguous risky tokens present - needs human judgment,weak,1
hadyelsahar/ar_res_reviews:3554,review_needed,general_place_vibe,general_place_vibe,True,False,المطعم,,المطعم,,1.3,unreviewed,only ambiguous risky tokens present - needs human judgment,weak,0
hadyelsahar/ar_res_reviews:3555,review_needed,general_place_vibe,general_place_vibe,True,False,المكان | بارده,,المكان,البيتزا,1.6,unreviewed,only ambiguous risky tokens present - needs human judgment,weak,1
hadyelsahar/ar_res_reviews:3556,review_needed,general_place_vibe,general_place_vibe,True,False,المحل,,المحل,التوصيل | الدجاج | طعمه,1.3,unreviewed,only ambiguous risky tokens present - needs human judgment,weak,1
hadyelsahar/ar_res_reviews:3559,review_needed,,,False,False,زيت,,,الاكل | البيتزا,0.3,unreviewed,only ambiguous risky tokens present - needs human judgment,weak,0
hadyelsahar/ar_res_reviews:3563,review_needed,general_place_vibe,general_place_vibe,True,False,الفرع,,الفرع,,1.3,unreviewed,only ambiguous risky tokens present - needs human judgment,weak,0
hadyelsahar/ar_res_reviews:3570,review_needed,general_place_vibe,general_place_vibe,True,False,المطعم,,المطعم,الطعم | غالي,1.3,unreviewed,only ambiguous risky tokens present - needs human judgment,weak,1
hadyelsahar/ar_res_reviews:3573,review_needed,general_place_vibe,general_place_vibe,True,False,المطعم,,المطعم,البيتزا,1.3,unreviewed,only ambiguous risky tokens present - needs human judgment,weak,1
hadyelsahar/ar_res_reviews:3574,review_needed,general_place_vibe,general_place_vibe,True,False,المطعم,,المطعم,جاهز,1.3,unreviewed,only ambiguous risky tokens present - needs human judgment,weak,1
hadyelsahar/ar_res_reviews:3577,review_needed,,,False,False,عاليه,,,,0.3,unreviewed,only ambiguous risky tokens present - needs human judgment,weak,1
hadyelsahar/ar_res_reviews:3578,review_needed,general_place_vibe,general_place_vibe,True,False,المطعم,,المطعم,الدجاج,1.3,unreviewed,only ambiguous risky tokens present - needs human judgment,weak,0
hadyelsahar/ar_res_reviews:3580,review_needed,general_place_vibe,general_place_vibe,True,False,المحل | المطعم | قديم,,المحل | المطعم | قديم,الاكل | الدجاج | طعمه | طعمها | نيء,3.9,unreviewed,only ambiguous risky tokens present - needs human judgment,weak,0
hadyelsahar/ar_res_reviews:3583,review_needed,general_place_vibe,general_place_vibe,True,False,المطعم,,المطعم,الاسعار | الخبز,1.3,unreviewed,only ambiguous risky tokens present - needs human judgment,weak,0
hadyelsahar/ar_res_reviews:3584,review_needed,,,False,False,بارده,,,الاكل | طلبات,0.3,unreviewed,only ambiguous risky tokens present - needs human judgment,weak,1
hadyelsahar/ar_res_reviews:3585,review_needed,general_place_vibe,general_place_vibe,True,False,المطعم | المكان,,المطعم | المكان,,2.6,unreviewed,only ambiguous risky tokens present - needs human judgment,weak,1
hadyelsahar/ar_res_reviews:3591,review_needed,temperature_ac,temperature_ac,True,False,بارد,,بارد,البطاطس | السعر | الوجبه | طعمه,1.3,unreviewed,only ambiguous risky tokens present - needs human judgment,weak,1
hadyelsahar/ar_res_reviews:3593,review_needed,general_place_vibe,general_place_vibe,True,False,المطعم,,المطعم,,1.3,unreviewed,only ambiguous risky tokens present - needs human judgment,weak,1
hadyelsahar/ar_res_reviews:3595,review_needed,general_place_vibe,general_place_vibe,True,False,المطعم,,المطعم,الاسعار | الدجاج | الطعم,1.3,unreviewed,only ambiguous risky tokens present - needs human judgment,weak,0
hadyelsahar/ar_res_reviews:3597,review_needed,general_place_vibe,general_place_vibe,True,False,المطعم,,المطعم,الخبز | الشاورما | الوجبه,1.3,unreviewed,only ambiguous risky tokens present - needs human judgment,weak,1
hadyelsahar/ar_res_reviews:3598,review_needed,general_place_vibe,general_place_vibe,True,False,المطعم,,المطعم,الخبز | الشاورما | الطعام,1.3,unreviewed,only ambiguous risky tokens present - needs human judgment,weak,1
hadyelsahar/ar_res_reviews:3603,review_needed,,,False,False,حاره,,,البطاطس | الدجاج | الشاورما | اللحم,0.3,unreviewed,only ambiguous risky tokens present - needs human judgment,weak,1
hadyelsahar/ar_res_reviews:3607,review_needed,,,False,False,بارده,,,الشاورما,0.3,unreviewed,only ambiguous risky tokens present - needs human judgment,weak,1
hadyelsahar/ar_res_reviews:3612,review_needed,general_place_vibe,general_place_vibe,True,False,المطعم,,المطعم,البطاطس,1.3,unreviewed,only ambiguous risky tokens present - needs human judgment,weak,0
hadyelsahar/ar_res_reviews:3618,review_needed,general_place_vibe,general_place_vibe,True,False,المطعم,,المطعم,,1.3,unreviewed,only ambiguous risky tokens present - needs human judgment,weak,1
hadyelsahar/ar_res_reviews:3620,review_needed,temperature_ac,temperature_ac,True,False,بارد,,بارد,الاكل,1.3,unreviewed,only ambiguous risky tokens present - needs human judgment,weak,0
hadyelsahar/ar_res_reviews:3622,review_needed,general_place_vibe,general_place_vibe,True,False,المطعم | المكان,,المطعم | المكان,الاسعار | الخبز | الدجاج | السلطه | الطعام | اللحم | النادل,2.6,unreviewed,only ambiguous risky tokens present - needs human judgment,weak,1
hadyelsahar/ar_res_reviews:3623,review_needed,general_place_vibe,general_place_vibe,True,False,المطعم,,المطعم,,1.3,unreviewed,only ambiguous risky tokens present - needs human judgment,weak,1
hadyelsahar/ar_res_reviews:3627,review_needed,general_place_vibe,general_place_vibe,True,False,المطعم,,المطعم,الطعم,1.3,unreviewed,only ambiguous risky tokens present - needs human judgment,weak,1
hadyelsahar/ar_res_reviews:3630,review_needed,general_place_vibe,general_place_vibe,True,False,المطعم,,المطعم,,1.3,unreviewed,only ambiguous risky tokens present - needs human judgment,weak,1
hadyelsahar/ar_res_reviews:3632,review_needed,general_place_vibe,general_place_vibe,True,False,المكان,,المكان,الاسعار | الاكل | الوجبه,1.3,unreviewed,only ambiguous risky tokens present - needs human judgment,weak,1
hadyelsahar/ar_res_reviews:3639,review_needed,general_place_vibe,general_place_vibe,True,False,المطعم,,المطعم,,1.3,unreviewed,only ambiguous risky tokens present - needs human judgment,weak,1
hadyelsahar/ar_res_reviews:3643,review_needed,general_place_vibe,general_place_vibe,True,False,المطعم,,المطعم,الاسعار | الطعام,1.3,unreviewed,only ambiguous risky tokens present - needs human judgment,weak,1
hadyelsahar/ar_res_reviews:3644,review_needed,general_place_vibe,general_place_vibe,True,False,المطعم,,المطعم,الاكل | السعر | الطعم,1.3,unreviewed,only ambiguous risky tokens present - needs human judgment,weak,1
hadyelsahar/ar_res_reviews:3645,review_needed,general_place_vibe,general_place_vibe,True,False,المطعم | عاليه,,المطعم,,1.6,unreviewed,only ambiguous risky tokens present - needs human judgment,weak,1
hadyelsahar/ar_res_reviews:3649,review_needed,,,False,False,حاره,,,الاسعار | البطاطس | اللحم,0.3,unreviewed,only ambiguous risky tokens present - needs human judgment,weak,1
hadyelsahar/ar_res_reviews:3651,review_needed,general_place_vibe,general_place_vibe,True,False,المطعم,,المطعم,,1.3,unreviewed,only ambiguous risky tokens present - needs human judgment,weak,0
hadyelsahar/ar_res_reviews:3661,review_needed,general_place_vibe,general_place_vibe,True,False,المطعم,,المطعم,,1.3,unreviewed,only ambiguous risky tokens present - needs human judgment,weak,1
hadyelsahar/ar_res_reviews:3662,review_needed,general_place_vibe,general_place_vibe,True,False,المكان,,المكان,,1.3,unreviewed,only ambiguous risky tokens present - needs human judgment,weak,1
hadyelsahar/ar_res_reviews:3667,review_needed,general_place_vibe,general_place_vibe,True,False,المطعم,,المطعم,,1.3,unreviewed,only ambiguous risky tokens present - needs human judgment,weak,0
hadyelsahar/ar_res_reviews:3675,review_needed,general_place_vibe,general_place_vibe,True,False,المطعم,,المطعم,البطاطس,1.3,unreviewed,only ambiguous risky tokens present - needs human judgment,weak,0
hadyelsahar/ar_res_reviews:3677,review_needed,,,False,False,عاليه,,,الاكل | البرجر,0.3,unreviewed,only ambiguous risky tokens present - needs human judgment,weak,1
hadyelsahar/ar_res_reviews:3681,review_needed,general_place_vibe,general_place_vibe,True,False,المطعم,,المطعم,,1.3,unreviewed,only ambiguous risky tokens present - needs human judgment,weak,1
hadyelsahar/ar_res_reviews:3685,review_needed,general_place_vibe,general_place_vibe,True,False,الفرع | المطعم,,الفرع | المطعم,,2.6,unreviewed,only ambiguous risky tokens present - needs human judgment,weak,0
hadyelsahar/ar_res_reviews:3694,review_needed,general_place_vibe,general_place_vibe,True,False,المطعم,,المطعم,البطاطس,1.3,unreviewed,only ambiguous risky tokens present - needs human judgment,weak,1
hadyelsahar/ar_res_reviews:3699,review_needed,general_place_vibe,general_place_vibe,True,False,المطعم,,المطعم,,1.3,unreviewed,only ambiguous risky tokens present - needs human judgment,weak,1
hadyelsahar/ar_res_reviews:3707,review_needed,general_place_vibe,general_place_vibe,True,False,المطعم,,المطعم,الاسعار | الاكل | الطعم,1.3,unreviewed,only ambiguous risky tokens present - needs human judgment,weak,1
hadyelsahar/ar_res_reviews:3708,review_needed,general_place_vibe,general_place_vibe,True,False,المطعم,,المطعم,البطاطس,1.3,unreviewed,only ambiguous risky tokens present - needs human judgment,weak,1
hadyelsahar/ar_res_reviews:3709,review_needed,general_place_vibe,general_place_vibe,True,False,المطعم,,المطعم,الاكل | الطعم,1.3,unreviewed,only ambiguous risky tokens present - needs human judgment,weak,1
hadyelsahar/ar_res_reviews:3711,review_needed,general_place_vibe,general_place_vibe,True,False,المطعم | حاره,,المطعم,الاكل | الدجاج | الوجبه,1.6,unreviewed,only ambiguous risky tokens present - needs human judgment,weak,1
hadyelsahar/ar_res_reviews:3714,review_needed,smell,smell,True,False,ريحه,,ريحه,,1.3,unreviewed,only ambiguous risky tokens present - needs human judgment,weak,0
hadyelsahar/ar_res_reviews:3715,review_needed,temperature_ac,general_place_vibe | temperature_ac,True,False,المطعم | حار,,المطعم | حار,الطعم,2.6,unreviewed,only ambiguous risky tokens present - needs human judgment,weak,0
hadyelsahar/ar_res_reviews:3723,review_needed,general_place_vibe,general_place_vibe,True,False,المطعم,,المطعم,,1.3,unreviewed,only ambiguous risky tokens present - needs human judgment,weak,1
hadyelsahar/ar_res_reviews:3727,review_needed,general_place_vibe,general_place_vibe,True,False,المطعم,,المطعم,,1.3,unreviewed,only ambiguous risky tokens present - needs human judgment,weak,1
hadyelsahar/ar_res_reviews:3730,review_needed,smell,smell,True,False,رائحه,,رائحه,,1.3,unreviewed,only ambiguous risky tokens present - needs human judgment,weak,0
hadyelsahar/ar_res_reviews:3740,review_needed,general_place_vibe,general_place_vibe,True,False,المطعم,,المطعم,الاكل | الطعم | طعمه,1.3,unreviewed,only ambiguous risky tokens present - needs human judgment,weak,0
hadyelsahar/ar_res_reviews:3741,review_needed,general_place_vibe,general_place_vibe,True,False,المطعم,,المطعم,الخبز | الطعام | النادل,1.3,unreviewed,only ambiguous risky tokens present - needs human judgment,weak,1
hadyelsahar/ar_res_reviews:3743,review_needed,general_place_vibe,general_place_vibe,True,False,المطعم,,المطعم,,1.3,unreviewed,only ambiguous risky tokens present - needs human judgment,weak,1
hadyelsahar/ar_res_reviews:3747,review_needed,general_place_vibe,general_place_vibe,True,False,المطعم,,المطعم,,1.3,unreviewed,only ambiguous risky tokens present - needs human judgment,weak,1
hadyelsahar/ar_res_reviews:3748,review_needed,general_place_vibe,general_place_vibe,True,False,المطعم,,المطعم,الاكل | الطعم,1.3,unreviewed,only ambiguous risky tokens present - needs human judgment,weak,1
hadyelsahar/ar_res_reviews:3759,review_needed,general_place_vibe,general_place_vibe,True,False,المطعم,,المطعم,,1.3,unreviewed,only ambiguous risky tokens present - needs human judgment,weak,1
hadyelsahar/ar_res_reviews:3762,review_needed,general_place_vibe,general_place_vibe,True,False,المطعم,,المطعم,,1.3,unreviewed,only ambiguous risky tokens present - needs human judgment,weak,1
hadyelsahar/ar_res_reviews:3767,review_needed,general_place_vibe,general_place_vibe,True,False,المحل,,المحل,الخبز | الطعم,1.3,unreviewed,only ambiguous risky tokens present - needs human judgment,weak,0
hadyelsahar/ar_res_reviews:3770,review_needed,general_place_vibe,general_place_vibe,True,False,المطعم,,المطعم,الخبز | غالي | مكلفه,1.3,unreviewed,only ambiguous risky tokens present - needs human judgment,weak,1
hadyelsahar/ar_res_reviews:3771,review_needed,general_place_vibe,general_place_vibe,True,False,المحل,,المحل,,1.3,unreviewed,only ambiguous risky tokens present - needs human judgment,weak,0
hadyelsahar/ar_res_reviews:3785,review_needed,general_place_vibe,general_place_vibe,True,False,المطعم,,المطعم,الاكل | الدجاج | السعر | اللحم,1.3,unreviewed,only ambiguous risky tokens present - needs human judgment,weak,1
hadyelsahar/ar_res_reviews:3790,review_needed,general_place_vibe,general_place_vibe,True,False,المطعم,,المطعم,الاكل,1.3,unreviewed,only ambiguous risky tokens present - needs human judgment,weak,1
hadyelsahar/ar_res_reviews:3803,review_needed,general_place_vibe,general_place_vibe,True,False,المطعم,,المطعم,,1.3,unreviewed,only ambiguous risky tokens present - needs human judgment,weak,1
hadyelsahar/ar_res_reviews:3812,review_needed,general_place_vibe,general_place_vibe,True,False,المطعم,,المطعم,الاسعار | الاكل | اللحم | جاهز | غلط,1.3,unreviewed,only ambiguous risky tokens present - needs human judgment,weak,0
hadyelsahar/ar_res_reviews:3814,review_needed,smell,smell,True,False,ريحه,,ريحه,,1.3,unreviewed,only ambiguous risky tokens present - needs human judgment,weak,1
hadyelsahar/ar_res_reviews:3816,review_needed,general_place_vibe,general_place_vibe,True,False,المطعم,,المطعم,الاسعار,1.3,unreviewed,only ambiguous risky tokens present - needs human judgment,weak,0
hadyelsahar/ar_res_reviews:3817,review_needed,general_place_vibe,general_place_vibe,True,False,المطعم,,المطعم,النكهه,1.3,unreviewed,only ambiguous risky tokens present - needs human judgment,weak,0
hadyelsahar/ar_res_reviews:3818,review_needed,general_place_vibe,general_place_vibe,True,False,المطعم,,المطعم,الاسعار | الرز,1.3,unreviewed,only ambiguous risky tokens present - needs human judgment,weak,0
hadyelsahar/ar_res_reviews:3823,review_needed,general_place_vibe,general_place_vibe,True,False,المطعم,,المطعم,الاسعار | الرز | اللحم,1.3,unreviewed,only ambiguous risky tokens present - needs human judgment,weak,1
hadyelsahar/ar_res_reviews:3824,review_needed,temperature_ac,temperature_ac,True,False,بارد,,بارد,,1.3,unreviewed,only ambiguous risky tokens present - needs human judgment,weak,0
hadyelsahar/ar_res_reviews:3825,review_needed,general_place_vibe,general_place_vibe,True,False,المطعم,,المطعم,,1.3,unreviewed,only ambiguous risky tokens present - needs human judgment,weak,0
hadyelsahar/ar_res_reviews:3833,review_needed,general_place_vibe,general_place_vibe,True,False,المطعم,,المطعم,غالي,1.3,unreviewed,only ambiguous risky tokens present - needs human judgment,weak,0
hadyelsahar/ar_res_reviews:3834,review_needed,general_place_vibe,general_place_vibe,True,False,المطعم,,المطعم,الرز,1.3,unreviewed,only ambiguous risky tokens present - needs human judgment,weak,1
hadyelsahar/ar_res_reviews:3838,review_needed,general_place_vibe,general_place_vibe,True,False,المطعم,,المطعم,الرز,1.3,unreviewed,only ambiguous risky tokens present - needs human judgment,weak,1
hadyelsahar/ar_res_reviews:3839,review_needed,general_place_vibe,general_place_vibe,True,False,المطعم,,المطعم,الاسعار | الرز,1.3,unreviewed,only ambiguous risky tokens present - needs human judgment,weak,1
hadyelsahar/ar_res_reviews:3841,review_needed,general_place_vibe,general_place_vibe,True,False,المطعم,,المطعم,الدجاج | اللحم,1.3,unreviewed,only ambiguous risky tokens present - needs human judgment,weak,1
hadyelsahar/ar_res_reviews:3842,review_needed,general_place_vibe,general_place_vibe,True,False,المطعم,,المطعم,,1.3,unreviewed,only ambiguous risky tokens present - needs human judgment,weak,1
hadyelsahar/ar_res_reviews:3844,review_needed,general_place_vibe,general_place_vibe,True,False,المطعم,,المطعم,,1.3,unreviewed,only ambiguous risky tokens present - needs human judgment,weak,1
hadyelsahar/ar_res_reviews:3845,review_needed,general_place_vibe,general_place_vibe,True,False,المطعم,,المطعم,,1.3,unreviewed,only ambiguous risky tokens present - needs human judgment,weak,1
hadyelsahar/ar_res_reviews:3858,review_needed,general_place_vibe,general_place_vibe,True,False,المطعم,,المطعم,الاكل,1.3,unreviewed,only ambiguous risky tokens present - needs human judgment,weak,0
hadyelsahar/ar_res_reviews:3860,review_needed,temperature_ac,general_place_vibe | temperature_ac | smell,True,False,المطعم | حار | رائحه,,المطعم | حار | رائحه,الاكل,3.9,unreviewed,only ambiguous risky tokens present - needs human judgment,weak,1
hadyelsahar/ar_res_reviews:3861,review_needed,general_place_vibe,general_place_vibe,True,False,المطعم,,المطعم,,1.3,unreviewed,only ambiguous risky tokens present - needs human judgment,weak,1
hadyelsahar/ar_res_reviews:3864,review_needed,temperature_ac,temperature_ac | general_place_vibe,True,False,بارد | قديم | قديمه,,بارد | قديم,الاسعار | الاكل | الفاتوره | اللحم,2.9,unreviewed,only ambiguous risky tokens present - needs human judgment,weak,0
hadyelsahar/ar_res_reviews:3866,review_needed,general_place_vibe,general_place_vibe,True,False,المطعم,,المطعم,البرجر,1.3,unreviewed,only ambiguous risky tokens present - needs human judgment,weak,1
hadyelsahar/ar_res_reviews:3867,review_needed,general_place_vibe,general_place_vibe,True,False,المطعم,,المطعم,الطعم,1.3,unreviewed,only ambiguous risky tokens present - needs human judgment,weak,1
hadyelsahar/ar_res_reviews:3879,review_needed,,,False,False,حاره,,,اللحم,0.3,unreviewed,only ambiguous risky tokens present - needs human judgment,weak,1
hadyelsahar/ar_res_reviews:3885,review_needed,,,False,False,عاليه,,,الوجبه,0.3,unreviewed,only ambiguous risky tokens present - needs human judgment,weak,1
hadyelsahar/ar_res_reviews:3886,review_needed,general_place_vibe,general_place_vibe,True,False,المطعم,,المطعم,,1.3,unreviewed,only ambiguous risky tokens present - needs human judgment,weak,1
hadyelsahar/ar_res_reviews:3896,review_needed,general_place_vibe,general_place_vibe,True,False,المطعم,,المطعم,الاكل | طعمه,1.3,unreviewed,only ambiguous risky tokens present - needs human judgment,weak,1
hadyelsahar/ar_res_reviews:3902,review_needed,outdoor_view,outdoor_view,True,False,برا,,برا,,1.3,unreviewed,only ambiguous risky tokens present - needs human judgment,weak,1
hadyelsahar/ar_res_reviews:3906,review_needed,general_place_vibe,general_place_vibe,True,False,الفرع | المطعم,,الفرع | المطعم,الطعم,2.6,unreviewed,only ambiguous risky tokens present - needs human judgment,weak,1
hadyelsahar/ar_res_reviews:3911,review_needed,general_place_vibe,general_place_vibe,True,False,المطعم,,المطعم,,1.3,unreviewed,only ambiguous risky tokens present - needs human judgment,weak,1
hadyelsahar/ar_res_reviews:3913,review_needed,,,False,False,عاليه,,,,0.3,unreviewed,only ambiguous risky tokens present - needs human judgment,weak,1
hadyelsahar/ar_res_reviews:3914,review_needed,general_place_vibe,general_place_vibe,True,False,المطعم,,المطعم,,1.3,unreviewed,only ambiguous risky tokens present - needs human judgment,weak,1
hadyelsahar/ar_res_reviews:3935,review_needed,general_place_vibe,general_place_vibe,True,False,المطعم,,المطعم,,1.3,unreviewed,only ambiguous risky tokens present - needs human judgment,weak,1
hadyelsahar/ar_res_reviews:3958,review_needed,general_place_vibe,general_place_vibe,True,False,المطعم | عاليه,,المطعم,الخبز | طعمه,1.6,unreviewed,only ambiguous risky tokens present - needs human judgment,weak,1
hadyelsahar/ar_res_reviews:3966,review_needed,general_place_vibe,general_place_vibe,True,False,المطعم,,المطعم,,1.3,unreviewed,only ambiguous risky tokens present - needs human judgment,weak,1
hadyelsahar/ar_res_reviews:3973,review_needed,general_place_vibe,general_place_vibe,True,False,المطعم,,المطعم,السعر | غالي,1.3,unreviewed,only ambiguous risky tokens present - needs human judgment,weak,1
hadyelsahar/ar_res_reviews:3979,review_needed,,,False,False,عاليه,,,,0.3,unreviewed,only ambiguous risky tokens present - needs human judgment,weak,1
hadyelsahar/ar_res_reviews:3992,review_needed,general_place_vibe,general_place_vibe,True,False,المطعم,,المطعم,الدجاج | طعمها,1.3,unreviewed,only ambiguous risky tokens present - needs human judgment,weak,1
hadyelsahar/ar_res_reviews:3994,review_needed,general_place_vibe,general_place_vibe,True,False,المطعم,,المطعم,الدجاج | السعر | الطعم | الوجبه,1.3,unreviewed,only ambiguous risky tokens present - needs human judgment,weak,1
hadyelsahar/ar_res_reviews:3996,review_needed,general_place_vibe,general_place_vibe,True,False,المطعم,,المطعم,,1.3,unreviewed,only ambiguous risky tokens present - needs human judgment,weak,1
hadyelsahar/ar_res_reviews:4000,review_needed,general_place_vibe,general_place_vibe,True,False,المطعم,,المطعم,,1.3,unreviewed,only ambiguous risky tokens present - needs human judgment,weak,1
hadyelsahar/ar_res_reviews:4002,review_needed,general_place_vibe,general_place_vibe,True,False,الفرع,,الفرع,,1.3,unreviewed,only ambiguous risky tokens present - needs human judgment,weak,1
hadyelsahar/ar_res_reviews:4016,review_needed,general_place_vibe,general_place_vibe,True,False,المحل,,المحل,,1.3,unreviewed,only ambiguous risky tokens present - needs human judgment,weak,1
hadyelsahar/ar_res_reviews:4029,review_needed,,,False,False,عالي,,,,0.3,unreviewed,only ambiguous risky tokens present - needs human judgment,weak,0
hadyelsahar/ar_res_reviews:4030,review_needed,general_place_vibe,general_place_vibe,True,False,المطعم,,المطعم,,1.3,unreviewed,only ambiguous risky tokens present - needs human judgment,weak,1
hadyelsahar/ar_res_reviews:4031,review_needed,general_place_vibe,general_place_vibe,True,False,المطعم,,المطعم,,1.3,unreviewed,only ambiguous risky tokens present - needs human judgment,weak,1
hadyelsahar/ar_res_reviews:4033,review_needed,general_place_vibe,general_place_vibe,True,False,المطعم,,المطعم,,1.3,unreviewed,only ambiguous risky tokens present - needs human judgment,weak,1
hadyelsahar/ar_res_reviews:4037,review_needed,,,False,False,عاليه,,,الاكل,0.3,unreviewed,only ambiguous risky tokens present - needs human judgment,weak,0
hadyelsahar/ar_res_reviews:4039,review_needed,general_place_vibe,general_place_vibe,True,False,الفرع,,الفرع,,1.3,unreviewed,only ambiguous risky tokens present - needs human judgment,weak,1
hadyelsahar/ar_res_reviews:4041,review_needed,general_place_vibe,general_place_vibe,True,False,المطعم | عاليه,,المطعم,,1.6,unreviewed,only ambiguous risky tokens present - needs human judgment,weak,0
hadyelsahar/ar_res_reviews:4043,review_needed,general_place_vibe,general_place_vibe,True,False,المطعم,,المطعم,,1.3,unreviewed,only ambiguous risky tokens present - needs human judgment,weak,0
hadyelsahar/ar_res_reviews:4045,review_needed,general_place_vibe,general_place_vibe,True,False,المحل | المطعم,,المحل | المطعم,غاليه,2.6,unreviewed,only ambiguous risky tokens present - needs human judgment,weak,1
hadyelsahar/ar_res_reviews:4046,review_needed,general_place_vibe,general_place_vibe,True,False,المطعم,,المطعم,غالي,1.3,unreviewed,only ambiguous risky tokens present - needs human judgment,weak,1
hadyelsahar/ar_res_reviews:4049,review_needed,general_place_vibe,general_place_vibe,True,False,المطعم,,المطعم,,1.3,unreviewed,only ambiguous risky tokens present - needs human judgment,weak,0
hadyelsahar/ar_res_reviews:4050,review_needed,temperature_ac,temperature_ac,True,False,حار,,حار,الاكل | الدجاج | الموظفين,1.3,unreviewed,only ambiguous risky tokens present - needs human judgment,weak,1
hadyelsahar/ar_res_reviews:4066,review_needed,general_place_vibe,general_place_vibe,True,False,المطعم,,المطعم,الاسعار,1.3,unreviewed,only ambiguous risky tokens present - needs human judgment,weak,1
hadyelsahar/ar_res_reviews:4070,review_needed,general_place_vibe,general_place_vibe,True,False,المطعم,,المطعم,,1.3,unreviewed,only ambiguous risky tokens present - needs human judgment,weak,1
hadyelsahar/ar_res_reviews:4071,review_needed,general_place_vibe,general_place_vibe,True,False,المطعم,,المطعم,,1.3,unreviewed,only ambiguous risky tokens present - needs human judgment,weak,1
hadyelsahar/ar_res_reviews:4099,review_needed,general_place_vibe,general_place_vibe,True,False,المكان,,المكان,,1.3,unreviewed,only ambiguous risky tokens present - needs human judgment,weak,0
hadyelsahar/ar_res_reviews:4109,review_needed,general_place_vibe,general_place_vibe,True,False,المطعم,,المطعم,الاسعار | الخبز | طعمه,1.3,unreviewed,only ambiguous risky tokens present - needs human judgment,weak,0
hadyelsahar/ar_res_reviews:4116,review_needed,general_place_vibe,general_place_vibe,True,False,المطعم,,المطعم,الاسعار | الاكل | الطعم,1.3,unreviewed,only ambiguous risky tokens present - needs human judgment,weak,1
hadyelsahar/ar_res_reviews:4117,review_needed,smell,smell,True,False,ريحه,,ريحه,,1.3,unreviewed,only ambiguous risky tokens present - needs human judgment,weak,0
hadyelsahar/ar_res_reviews:4119,review_needed,general_place_vibe,general_place_vibe,True,False,المطعم,,المطعم,,1.3,unreviewed,only ambiguous risky tokens present - needs human judgment,weak,1
hadyelsahar/ar_res_reviews:4120,review_needed,general_place_vibe,general_place_vibe,True,False,المطعم | المكان,,المطعم | المكان,,2.6,unreviewed,only ambiguous risky tokens present - needs human judgment,weak,1
hadyelsahar/ar_res_reviews:4124,review_needed,,,False,False,عاليه,,,,0.3,unreviewed,only ambiguous risky tokens present - needs human judgment,weak,1
hadyelsahar/ar_res_reviews:4125,review_needed,,,False,False,عاليه,,,,0.3,unreviewed,only ambiguous risky tokens present - needs human judgment,weak,1
hadyelsahar/ar_res_reviews:4128,review_needed,,,False,False,عاليه,,,,0.3,unreviewed,only ambiguous risky tokens present - needs human judgment,weak,1
hadyelsahar/ar_res_reviews:4135,review_needed,general_place_vibe,general_place_vibe,True,False,المطعم | المكان,,المطعم | المكان,الاسعار,2.6,unreviewed,only ambiguous risky tokens present - needs human judgment,weak,0
hadyelsahar/ar_res_reviews:4137,review_needed,general_place_vibe,general_place_vibe,True,False,المطعم,,المطعم,الطعم,1.3,unreviewed,only ambiguous risky tokens present - needs human judgment,weak,1
hadyelsahar/ar_res_reviews:4140,review_needed,general_place_vibe,general_place_vibe,True,False,المطعم,,المطعم,,1.3,unreviewed,only ambiguous risky tokens present - needs human judgment,weak,1
hadyelsahar/ar_res_reviews:4141,review_needed,general_place_vibe,general_place_vibe,True,False,المطعم,,المطعم,,1.3,unreviewed,only ambiguous risky tokens present - needs human judgment,weak,1
hadyelsahar/ar_res_reviews:4154,review_needed,general_place_vibe,general_place_vibe,True,False,المطعم,,المطعم,,1.3,unreviewed,only ambiguous risky tokens present - needs human judgment,weak,1
hadyelsahar/ar_res_reviews:4159,review_needed,general_place_vibe,general_place_vibe,True,False,المطعم,,المطعم,,1.3,unreviewed,only ambiguous risky tokens present - needs human judgment,weak,0
hadyelsahar/ar_res_reviews:4164,review_needed,general_place_vibe,general_place_vibe,True,False,المطعم,,المطعم,,1.3,unreviewed,only ambiguous risky tokens present - needs human judgment,weak,1
hadyelsahar/ar_res_reviews:4166,review_needed,general_place_vibe,general_place_vibe,True,False,المطعم,,المطعم,السعر | الموظفين | غالي,1.3,unreviewed,only ambiguous risky tokens present - needs human judgment,weak,0
hadyelsahar/ar_res_reviews:4167,review_needed,general_place_vibe,general_place_vibe,True,False,المطعم,,المطعم,الاكل | الطعام,1.3,unreviewed,only ambiguous risky tokens present - needs human judgment,weak,1
hadyelsahar/ar_res_reviews:4172,review_needed,general_place_vibe,general_place_vibe,True,False,المطعم | المكان,,المطعم | المكان,الدجاج | السعر | النادل,2.6,unreviewed,only ambiguous risky tokens present - needs human judgment,weak,1
hadyelsahar/ar_res_reviews:4173,review_needed,general_place_vibe,general_place_vibe,True,False,المطعم,,المطعم,,1.3,unreviewed,only ambiguous risky tokens present - needs human judgment,weak,1
hadyelsahar/ar_res_reviews:4174,review_needed,general_place_vibe,general_place_vibe,True,False,المكان,,المكان,الاسعار | البطاطس | البيتزا | الخبز | غالي,1.3,unreviewed,only ambiguous risky tokens present - needs human judgment,weak,1
hadyelsahar/ar_res_reviews:4176,review_needed,general_place_vibe,general_place_vibe,True,False,المطعم,,المطعم,,1.3,unreviewed,only ambiguous risky tokens present - needs human judgment,weak,0
hadyelsahar/ar_res_reviews:4189,review_needed,general_place_vibe,general_place_vibe,True,False,المطعم,,المطعم,الدجاج | الرز,1.3,unreviewed,only ambiguous risky tokens present - needs human judgment,weak,1
hadyelsahar/ar_res_reviews:4191,review_needed,general_place_vibe,general_place_vibe,True,False,المطعم,,المطعم,البيتزا | الدجاج | الطعم,1.3,unreviewed,only ambiguous risky tokens present - needs human judgment,weak,1
hadyelsahar/ar_res_reviews:4197,review_needed,,,False,False,زيت,,,الاكل | الطعام,0.3,unreviewed,only ambiguous risky tokens present - needs human judgment,weak,0
hadyelsahar/ar_res_reviews:4198,review_needed,general_place_vibe,general_place_vibe,True,False,المطعم,,المطعم,,1.3,unreviewed,only ambiguous risky tokens present - needs human judgment,weak,1
hadyelsahar/ar_res_reviews:4206,review_needed,general_place_vibe,general_place_vibe,True,False,المحل | قديم,,المحل | قديم,,2.6,unreviewed,only ambiguous risky tokens present - needs human judgment,weak,1
hadyelsahar/ar_res_reviews:4208,review_needed,general_place_vibe,general_place_vibe,True,False,المطعم,,المطعم,,1.3,unreviewed,only ambiguous risky tokens present - needs human judgment,weak,1
hadyelsahar/ar_res_reviews:4211,review_needed,temperature_ac,temperature_ac,True,False,بارد,,بارد,,1.3,unreviewed,only ambiguous risky tokens present - needs human judgment,weak,1
hadyelsahar/ar_res_reviews:4212,review_needed,temperature_ac,temperature_ac,True,False,بارد,,بارد,,1.3,unreviewed,only ambiguous risky tokens present - needs human judgment,weak,1
hadyelsahar/ar_res_reviews:4213,review_needed,general_place_vibe,general_place_vibe,True,False,المطعم,,المطعم,,1.3,unreviewed,only ambiguous risky tokens present - needs human judgment,weak,1
hadyelsahar/ar_res_reviews:4216,review_needed,general_place_vibe,general_place_vibe,True,False,المكان,,المكان,الطعم,1.3,unreviewed,only ambiguous risky tokens present - needs human judgment,weak,1
hadyelsahar/ar_res_reviews:4217,review_needed,general_place_vibe,general_place_vibe,True,False,المكان | عاليه,,المكان,الطعام,1.6,unreviewed,only ambiguous risky tokens present - needs human judgment,weak,1
hadyelsahar/ar_res_reviews:4218,review_needed,temperature_ac,general_place_vibe | temperature_ac,True,False,المطعم | بارد,,المطعم | بارد,الطعم | الفاتوره | طعمه,2.6,unreviewed,only ambiguous risky tokens present - needs human judgment,weak,1
hadyelsahar/ar_res_reviews:4220,review_needed,general_place_vibe,general_place_vibe,True,False,المطعم,,المطعم,,1.3,unreviewed,only ambiguous risky tokens present - needs human judgment,weak,1
hadyelsahar/ar_res_reviews:4222,review_needed,general_place_vibe,general_place_vibe,True,False,المطعم,,المطعم,الاسعار | الاكل,1.3,unreviewed,only ambiguous risky tokens present - needs human judgment,weak,1
hadyelsahar/ar_res_reviews:4230,review_needed,general_place_vibe,general_place_vibe,True,False,المحل,,المحل,,1.3,unreviewed,only ambiguous risky tokens present - needs human judgment,weak,0
hadyelsahar/ar_res_reviews:4231,review_needed,general_place_vibe,general_place_vibe,True,False,المطعم,,المطعم,,1.3,unreviewed,only ambiguous risky tokens present - needs human judgment,weak,1
hadyelsahar/ar_res_reviews:4236,review_needed,general_place_vibe,general_place_vibe,True,False,المحل,,المحل,الطعام | اللحم,1.3,unreviewed,only ambiguous risky tokens present - needs human judgment,weak,1
hadyelsahar/ar_res_reviews:4237,review_needed,general_place_vibe,general_place_vibe,True,False,الفرع,,الفرع,,1.3,unreviewed,only ambiguous risky tokens present - needs human judgment,weak,0
hadyelsahar/ar_res_reviews:4238,review_needed,general_place_vibe,general_place_vibe,True,False,المطعم,,المطعم,الاسعار | الاكل | اللحم,1.3,unreviewed,only ambiguous risky tokens present - needs human judgment,weak,1
hadyelsahar/ar_res_reviews:4243,review_needed,general_place_vibe,general_place_vibe,True,False,المطعم,,المطعم,,1.3,unreviewed,only ambiguous risky tokens present - needs human judgment,weak,1
hadyelsahar/ar_res_reviews:4244,review_needed,general_place_vibe,general_place_vibe,True,False,الفرع,,الفرع,,1.3,unreviewed,only ambiguous risky tokens present - needs human judgment,weak,1
hadyelsahar/ar_res_reviews:4257,review_needed,general_place_vibe,general_place_vibe,True,False,المطعم,,المطعم,الاكل,1.3,unreviewed,only ambiguous risky tokens present - needs human judgment,weak,1
hadyelsahar/ar_res_reviews:4262,review_needed,general_place_vibe,general_place_vibe,True,False,المطعم,,المطعم,,1.3,unreviewed,only ambiguous risky tokens present - needs human judgment,weak,1
hadyelsahar/ar_res_reviews:4264,review_needed,general_place_vibe,general_place_vibe,True,False,المطعم,,المطعم,الاكل | غالي,1.3,unreviewed,only ambiguous risky tokens present - needs human judgment,weak,1
hadyelsahar/ar_res_reviews:4267,review_needed,general_place_vibe,general_place_vibe,True,False,المطعم,,المطعم,الاكل,1.3,unreviewed,only ambiguous risky tokens present - needs human judgment,weak,1
hadyelsahar/ar_res_reviews:4271,review_needed,general_place_vibe,general_place_vibe,True,False,المطعم,,المطعم,,1.3,unreviewed,only ambiguous risky tokens present - needs human judgment,weak,1
hadyelsahar/ar_res_reviews:4272,review_needed,general_place_vibe,general_place_vibe,True,False,المطعم,,المطعم,البيتزا | السعر | الطعم,1.3,unreviewed,only ambiguous risky tokens present - needs human judgment,weak,1
hadyelsahar/ar_res_reviews:4277,review_needed,general_place_vibe,general_place_vibe,True,False,المحل,,المحل,غاليه,1.3,unreviewed,only ambiguous risky tokens present - needs human judgment,weak,1
hadyelsahar/ar_res_reviews:4282,review_needed,general_place_vibe,general_place_vibe,True,False,المطعم,,المطعم,البرجر,1.3,unreviewed,only ambiguous risky tokens present - needs human judgment,weak,1
hadyelsahar/ar_res_reviews:4285,review_needed,general_place_vibe,general_place_vibe,True,False,المطعم,,المطعم,الاسعار | الدجاج | طلبات,1.3,unreviewed,only ambiguous risky tokens present - needs human judgment,weak,1
hadyelsahar/ar_res_reviews:4287,review_needed,smell,smell,True,False,ريحه,,ريحه,,1.3,unreviewed,only ambiguous risky tokens present - needs human judgment,weak,0
hadyelsahar/ar_res_reviews:4291,review_needed,general_place_vibe,general_place_vibe,True,False,المطعم,,المطعم,التوصيل | الطعم,1.3,unreviewed,only ambiguous risky tokens present - needs human judgment,weak,1
hadyelsahar/ar_res_reviews:4301,review_needed,general_place_vibe,general_place_vibe,True,False,المطعم,,المطعم,,1.3,unreviewed,only ambiguous risky tokens present - needs human judgment,weak,1
hadyelsahar/ar_res_reviews:4306,review_needed,general_place_vibe,general_place_vibe,True,False,المطعم,,المطعم,الارز,1.3,unreviewed,only ambiguous risky tokens present - needs human judgment,weak,1
hadyelsahar/ar_res_reviews:4309,review_needed,general_place_vibe,general_place_vibe,True,False,المطعم,,المطعم,,1.3,unreviewed,only ambiguous risky tokens present - needs human judgment,weak,1
hadyelsahar/ar_res_reviews:4311,review_needed,general_place_vibe,general_place_vibe,True,False,المطعم,,المطعم,,1.3,unreviewed,only ambiguous risky tokens present - needs human judgment,weak,1
hadyelsahar/ar_res_reviews:4312,review_needed,general_place_vibe,general_place_vibe,True,False,المكان,,المكان,النادل,1.3,unreviewed,only ambiguous risky tokens present - needs human judgment,weak,1
hadyelsahar/ar_res_reviews:4315,review_needed,,,False,False,بارده,,,,0.3,unreviewed,only ambiguous risky tokens present - needs human judgment,weak,1
hadyelsahar/ar_res_reviews:4317,review_needed,general_place_vibe,general_place_vibe,True,False,المحل,,المحل,,1.3,unreviewed,only ambiguous risky tokens present - needs human judgment,weak,1
hadyelsahar/ar_res_reviews:4321,review_needed,general_place_vibe,general_place_vibe,True,False,المطعم,,المطعم,الاكل,1.3,unreviewed,only ambiguous risky tokens present - needs human judgment,weak,1
hadyelsahar/ar_res_reviews:4332,review_needed,general_place_vibe,general_place_vibe,True,False,المطعم,,المطعم,السعر | الوجبه | بايخ | طعمه,1.3,unreviewed,only ambiguous risky tokens present - needs human judgment,weak,0
hadyelsahar/ar_res_reviews:4339,review_needed,general_place_vibe,general_place_vibe,True,False,المكان,,المكان,,1.3,unreviewed,only ambiguous risky tokens present - needs human judgment,weak,1
hadyelsahar/ar_res_reviews:4349,review_needed,outdoor_view,outdoor_view,True,False,برا,,برا,,1.3,unreviewed,only ambiguous risky tokens present - needs human judgment,weak,0
hadyelsahar/ar_res_reviews:4350,review_needed,general_place_vibe,general_place_vibe,True,False,الفرع,,الفرع,,1.3,unreviewed,only ambiguous risky tokens present - needs human judgment,weak,1
hadyelsahar/ar_res_reviews:4360,review_needed,general_place_vibe,general_place_vibe,True,False,المحل,,المحل,,1.3,unreviewed,only ambiguous risky tokens present - needs human judgment,weak,1
hadyelsahar/ar_res_reviews:4369,review_needed,general_place_vibe,general_place_vibe,True,False,الفرع,,الفرع,الطعام,1.3,unreviewed,only ambiguous risky tokens present - needs human judgment,weak,1
hadyelsahar/ar_res_reviews:4374,review_needed,general_place_vibe,general_place_vibe,True,False,المطعم,,المطعم,,1.3,unreviewed,only ambiguous risky tokens present - needs human judgment,weak,1
hadyelsahar/ar_res_reviews:4375,review_needed,general_place_vibe,general_place_vibe,True,False,المطعم,,المطعم,,1.3,unreviewed,only ambiguous risky tokens present - needs human judgment,weak,1
hadyelsahar/ar_res_reviews:4376,review_needed,,,False,False,زيت,,,,0.3,unreviewed,only ambiguous risky tokens present - needs human judgment,weak,1
hadyelsahar/ar_res_reviews:4382,review_needed,general_place_vibe,general_place_vibe,True,False,المطعم,,المطعم,,1.3,unreviewed,only ambiguous risky tokens present - needs human judgment,weak,1
hadyelsahar/ar_res_reviews:4383,review_needed,general_place_vibe,general_place_vibe,True,False,المطعم,,المطعم,,1.3,unreviewed,only ambiguous risky tokens present - needs human judgment,weak,1
hadyelsahar/ar_res_reviews:4384,review_needed,general_place_vibe,general_place_vibe,True,False,المطعم,,المطعم,,1.3,unreviewed,only ambiguous risky tokens present - needs human judgment,weak,1
hadyelsahar/ar_res_reviews:4385,review_needed,general_place_vibe,general_place_vibe,True,False,المطعم,,المطعم,الاسعار | الدجاج | اللحم,1.3,unreviewed,only ambiguous risky tokens present - needs human judgment,weak,1
hadyelsahar/ar_res_reviews:4388,review_needed,general_place_vibe,general_place_vibe,True,False,المطعم,,المطعم,الدجاج,1.3,unreviewed,only ambiguous risky tokens present - needs human judgment,weak,1
hadyelsahar/ar_res_reviews:4390,review_needed,general_place_vibe,general_place_vibe,True,False,المطعم,,المطعم,الاكل,1.3,unreviewed,only ambiguous risky tokens present - needs human judgment,weak,0
hadyelsahar/ar_res_reviews:4391,review_needed,general_place_vibe,general_place_vibe,True,False,المحل,,المحل,الطعم,1.3,unreviewed,only ambiguous risky tokens present - needs human judgment,weak,0
hadyelsahar/ar_res_reviews:4395,review_needed,general_place_vibe,general_place_vibe,True,False,المطعم,,المطعم,الاكل,1.3,unreviewed,only ambiguous risky tokens present - needs human judgment,weak,1
hadyelsahar/ar_res_reviews:4398,review_needed,general_place_vibe,general_place_vibe,True,False,المطعم,,المطعم,,1.3,unreviewed,only ambiguous risky tokens present - needs human judgment,weak,1
hadyelsahar/ar_res_reviews:4406,review_needed,general_place_vibe,general_place_vibe,True,False,المحل | المطعم,,المحل | المطعم,الاكل,2.6,unreviewed,only ambiguous risky tokens present - needs human judgment,weak,0
hadyelsahar/ar_res_reviews:4414,review_needed,general_place_vibe,general_place_vibe,True,False,المطعم,,المطعم,الاكل | التوصيل,1.3,unreviewed,only ambiguous risky tokens present - needs human judgment,weak,1
hadyelsahar/ar_res_reviews:4425,review_needed,general_place_vibe,general_place_vibe,True,False,المطعم,,المطعم,الدجاج,1.3,unreviewed,only ambiguous risky tokens present - needs human judgment,weak,1
hadyelsahar/ar_res_reviews:4426,review_needed,general_place_vibe,general_place_vibe,True,False,المطعم,,المطعم,,1.3,unreviewed,only ambiguous risky tokens present - needs human judgment,weak,1
hadyelsahar/ar_res_reviews:4434,review_needed,,,False,False,حاره,,,,0.3,unreviewed,only ambiguous risky tokens present - needs human judgment,weak,1
hadyelsahar/ar_res_reviews:4438,review_needed,general_place_vibe,general_place_vibe,True,False,المطعم,,المطعم,الدجاج,1.3,unreviewed,only ambiguous risky tokens present - needs human judgment,weak,0
hadyelsahar/ar_res_reviews:4440,review_needed,general_place_vibe,general_place_vibe,True,False,المطعم,,المطعم,الرز,1.3,unreviewed,only ambiguous risky tokens present - needs human judgment,weak,1
hadyelsahar/ar_res_reviews:4441,review_needed,general_place_vibe,general_place_vibe,True,False,المطعم,,المطعم,الرز,1.3,unreviewed,only ambiguous risky tokens present - needs human judgment,weak,1
hadyelsahar/ar_res_reviews:4443,review_needed,,,False,False,عاليه,,,الارز | الاكل | البطاطس | السلطه | اللحم,0.3,unreviewed,only ambiguous risky tokens present - needs human judgment,weak,1
hadyelsahar/ar_res_reviews:4445,review_needed,seating_comfort,seating_comfort | general_place_vibe,True,False,الطاوله | المطعم,,الطاوله | المطعم,,2.6,unreviewed,only ambiguous risky tokens present - needs human judgment,weak,0
hadyelsahar/ar_res_reviews:4447,review_needed,general_place_vibe,general_place_vibe,True,False,المطعم | المكان,,المطعم | المكان,الارز | الاسعار | الوجبه,2.6,unreviewed,only ambiguous risky tokens present - needs human judgment,weak,1
hadyelsahar/ar_res_reviews:4450,review_needed,general_place_vibe,general_place_vibe,True,False,المطعم,,المطعم,الاكل | الدجاج,1.3,unreviewed,only ambiguous risky tokens present - needs human judgment,weak,1
hadyelsahar/ar_res_reviews:4456,review_needed,general_place_vibe,general_place_vibe,True,False,المطعم,,المطعم,الاكل | اللحم,1.3,unreviewed,only ambiguous risky tokens present - needs human judgment,weak,1
hadyelsahar/ar_res_reviews:4461,review_needed,general_place_vibe,general_place_vibe,True,False,المطعم,,المطعم,,1.3,unreviewed,only ambiguous risky tokens present - needs human judgment,weak,1
hadyelsahar/ar_res_reviews:4462,review_needed,general_place_vibe,general_place_vibe,True,False,المطعم,,المطعم,طعمها,1.3,unreviewed,only ambiguous risky tokens present - needs human judgment,weak,1
hadyelsahar/ar_res_reviews:4465,review_needed,general_place_vibe,general_place_vibe,True,False,المطعم | قديم,,المطعم | قديم,الاسعار | الطعام | اللحم | طلبات | غاليه,2.6,unreviewed,only ambiguous risky tokens present - needs human judgment,weak,1
hadyelsahar/ar_res_reviews:4471,review_needed,general_place_vibe,general_place_vibe,True,False,المكان,,المكان,السعر | الشاورما,1.3,unreviewed,only ambiguous risky tokens present - needs human judgment,weak,1
hadyelsahar/ar_res_reviews:4472,review_needed,general_place_vibe,general_place_vibe,True,False,المطعم,,المطعم,الطعم | غالي,1.3,unreviewed,only ambiguous risky tokens present - needs human judgment,weak,0
hadyelsahar/ar_res_reviews:4473,review_needed,general_place_vibe,general_place_vibe,True,False,المطعم,,المطعم,الاسعار,1.3,unreviewed,only ambiguous risky tokens present - needs human judgment,weak,1
hadyelsahar/ar_res_reviews:4486,review_needed,general_place_vibe,general_place_vibe,True,False,المطعم,,المطعم,,1.3,unreviewed,only ambiguous risky tokens present - needs human judgment,weak,1
hadyelsahar/ar_res_reviews:4487,review_needed,general_place_vibe,general_place_vibe,True,False,المطعم,,المطعم,الاسعار | السعر,1.3,unreviewed,only ambiguous risky tokens present - needs human judgment,weak,1
hadyelsahar/ar_res_reviews:4491,review_needed,general_place_vibe,general_place_vibe,True,False,المطعم,,المطعم,الاكل | طعمه,1.3,unreviewed,only ambiguous risky tokens present - needs human judgment,weak,1
hadyelsahar/ar_res_reviews:4492,review_needed,temperature_ac,general_place_vibe | temperature_ac,True,False,المطعم | بارد | حاره | قديم,,المطعم | بارد | قديم,البطاطس | الخبز | الشاورما | الطعام | الموظف | الوجبه,4.2,unreviewed,only ambiguous risky tokens present - needs human judgment,weak,0
hadyelsahar/ar_res_reviews:4495,review_needed,general_place_vibe,general_place_vibe,True,False,المحل,,المحل,الشاورما,1.3,unreviewed,only ambiguous risky tokens present - needs human judgment,weak,1
hadyelsahar/ar_res_reviews:4501,review_needed,general_place_vibe,general_place_vibe,True,False,المطعم,,المطعم,,1.3,unreviewed,only ambiguous risky tokens present - needs human judgment,weak,1
hadyelsahar/ar_res_reviews:4502,review_needed,general_place_vibe,general_place_vibe,True,False,المطعم,,المطعم,,1.3,unreviewed,only ambiguous risky tokens present - needs human judgment,weak,1
hadyelsahar/ar_res_reviews:4507,review_needed,general_place_vibe,general_place_vibe,True,False,المطعم,,المطعم,الطعام,1.3,unreviewed,only ambiguous risky tokens present - needs human judgment,weak,1
hadyelsahar/ar_res_reviews:4510,review_needed,general_place_vibe,general_place_vibe,True,False,المطعم,,المطعم,غاليه,1.3,unreviewed,only ambiguous risky tokens present - needs human judgment,weak,1
hadyelsahar/ar_res_reviews:4515,review_needed,general_place_vibe,general_place_vibe,True,False,المطعم,,المطعم,,1.3,unreviewed,only ambiguous risky tokens present - needs human judgment,weak,1
hadyelsahar/ar_res_reviews:4517,review_needed,general_place_vibe,general_place_vibe,True,False,المطعم,,المطعم,,1.3,unreviewed,only ambiguous risky tokens present - needs human judgment,weak,1
hadyelsahar/ar_res_reviews:4518,review_needed,general_place_vibe,general_place_vibe,True,False,المطعم,,المطعم,الاسعار | الطعام | غاليه,1.3,unreviewed,only ambiguous risky tokens present - needs human judgment,weak,0
hadyelsahar/ar_res_reviews:4521,review_needed,general_place_vibe,general_place_vibe,True,False,المطعم,,المطعم,,1.3,unreviewed,only ambiguous risky tokens present - needs human judgment,weak,1
hadyelsahar/ar_res_reviews:4523,review_needed,general_place_vibe,general_place_vibe,True,False,المطعم,,المطعم,الاسعار | الاكل | غاليه,1.3,unreviewed,only ambiguous risky tokens present - needs human judgment,weak,1
hadyelsahar/ar_res_reviews:4532,review_needed,general_place_vibe,general_place_vibe,True,False,المكان,,المكان,الطعام,1.3,unreviewed,only ambiguous risky tokens present - needs human judgment,weak,1
hadyelsahar/ar_res_reviews:4533,review_needed,general_place_vibe,general_place_vibe,True,False,المطعم | المكان,,المطعم | المكان,الدجاج | الطعم | اللحم | النكهه,2.6,unreviewed,only ambiguous risky tokens present - needs human judgment,weak,1
hadyelsahar/ar_res_reviews:4536,review_needed,general_place_vibe,general_place_vibe,True,False,المحل,,المحل,الاسعار | الرز,1.3,unreviewed,only ambiguous risky tokens present - needs human judgment,weak,0
hadyelsahar/ar_res_reviews:4540,review_needed,general_place_vibe,general_place_vibe,True,False,المحل,,المحل,البرجر | البطاطس | البيتزا | الطعم | انتظرت,1.3,unreviewed,only ambiguous risky tokens present - needs human judgment,weak,1
hadyelsahar/ar_res_reviews:4541,review_needed,general_place_vibe,general_place_vibe,True,False,المحل,,المحل,البرجر | البطاطس | الطعم | النكهه,1.3,unreviewed,only ambiguous risky tokens present - needs human judgment,weak,1
hadyelsahar/ar_res_reviews:4547,review_needed,general_place_vibe,general_place_vibe,True,False,المطعم,,المطعم,البطاطس,1.3,unreviewed,only ambiguous risky tokens present - needs human judgment,weak,1
hadyelsahar/ar_res_reviews:4548,review_needed,general_place_vibe,general_place_vibe,True,False,المطعم,,المطعم,الدجاج | الطعم,1.3,unreviewed,only ambiguous risky tokens present - needs human judgment,weak,0
hadyelsahar/ar_res_reviews:4554,review_needed,general_place_vibe,general_place_vibe,True,False,المطعم,,المطعم,الاكل | السعر | غالي,1.3,unreviewed,only ambiguous risky tokens present - needs human judgment,weak,1
hadyelsahar/ar_res_reviews:4556,review_needed,general_place_vibe,general_place_vibe,True,False,المطعم,,المطعم,,1.3,unreviewed,only ambiguous risky tokens present - needs human judgment,weak,1
hadyelsahar/ar_res_reviews:4560,review_needed,general_place_vibe,general_place_vibe,True,False,المطعم,,المطعم,,1.3,unreviewed,only ambiguous risky tokens present - needs human judgment,weak,0
hadyelsahar/ar_res_reviews:4565,review_needed,general_place_vibe,general_place_vibe,True,False,المطعم | المكان,,المطعم | المكان,الاكل,2.6,unreviewed,only ambiguous risky tokens present - needs human judgment,weak,1
hadyelsahar/ar_res_reviews:4569,review_needed,general_place_vibe,general_place_vibe,True,False,المطعم | المكان,,المطعم | المكان,الاسعار | الطعام | طعمها,2.6,unreviewed,only ambiguous risky tokens present - needs human judgment,weak,1
hadyelsahar/ar_res_reviews:4571,review_needed,general_place_vibe,general_place_vibe,True,False,المطعم,,المطعم,الاسعار | السلطه,1.3,unreviewed,only ambiguous risky tokens present - needs human judgment,weak,0
hadyelsahar/ar_res_reviews:4576,review_needed,general_place_vibe,general_place_vibe,True,False,المطعم,,المطعم,,1.3,unreviewed,only ambiguous risky tokens present - needs human judgment,weak,1
hadyelsahar/ar_res_reviews:4577,review_needed,general_place_vibe,general_place_vibe,True,False,المطعم,,المطعم,,1.3,unreviewed,only ambiguous risky tokens present - needs human judgment,weak,1
hadyelsahar/ar_res_reviews:4580,review_needed,general_place_vibe,general_place_vibe,True,False,المطعم,,المطعم,,1.3,unreviewed,only ambiguous risky tokens present - needs human judgment,weak,0
hadyelsahar/ar_res_reviews:4591,review_needed,general_place_vibe,general_place_vibe,True,False,المطعم,,المطعم,,1.3,unreviewed,only ambiguous risky tokens present - needs human judgment,weak,0
hadyelsahar/ar_res_reviews:4594,review_needed,general_place_vibe,general_place_vibe,True,False,المطعم,,المطعم,,1.3,unreviewed,only ambiguous risky tokens present - needs human judgment,weak,1
hadyelsahar/ar_res_reviews:4598,review_needed,general_place_vibe,general_place_vibe,True,False,المطعم,,المطعم,السعر | الطعم | طلبات,1.3,unreviewed,only ambiguous risky tokens present - needs human judgment,weak,1
hadyelsahar/ar_res_reviews:4599,review_needed,general_place_vibe,general_place_vibe,True,False,المطعم | المكان,,المطعم | المكان,الاكل | السعر,2.6,unreviewed,only ambiguous risky tokens present - needs human judgment,weak,1
hadyelsahar/ar_res_reviews:4601,review_needed,general_place_vibe,general_place_vibe,True,False,المطعم,,المطعم,,1.3,unreviewed,only ambiguous risky tokens present - needs human judgment,weak,1
hadyelsahar/ar_res_reviews:4603,review_needed,general_place_vibe,general_place_vibe,True,False,المطعم,,المطعم,البرجر,1.3,unreviewed,only ambiguous risky tokens present - needs human judgment,weak,0
hadyelsahar/ar_res_reviews:4604,review_needed,general_place_vibe,general_place_vibe,True,False,المكان | بارده,,المكان,,1.6,unreviewed,only ambiguous risky tokens present - needs human judgment,weak,1
hadyelsahar/ar_res_reviews:4605,review_needed,general_place_vibe,general_place_vibe,True,False,المطعم | عاليه,,المطعم,الاسعار | الاكل | الدجاج | السلطه,1.6,unreviewed,only ambiguous risky tokens present - needs human judgment,weak,1
hadyelsahar/ar_res_reviews:4611,review_needed,general_place_vibe,general_place_vibe,True,False,المطعم,,المطعم,,1.3,unreviewed,only ambiguous risky tokens present - needs human judgment,weak,1
hadyelsahar/ar_res_reviews:4613,review_needed,general_place_vibe,general_place_vibe,True,False,المطعم,,المطعم,الاكل,1.3,unreviewed,only ambiguous risky tokens present - needs human judgment,weak,1
hadyelsahar/ar_res_reviews:4615,review_needed,general_place_vibe,general_place_vibe,True,False,المطعم,,المطعم,الاكل | طعمه,1.3,unreviewed,only ambiguous risky tokens present - needs human judgment,weak,1
hadyelsahar/ar_res_reviews:4619,review_needed,general_place_vibe,general_place_vibe,True,False,المطعم | زيت,,المطعم,الاسعار | الاكل,1.6,unreviewed,only ambiguous risky tokens present - needs human judgment,weak,0
hadyelsahar/ar_res_reviews:4623,review_needed,general_place_vibe,general_place_vibe,True,False,المطعم,,المطعم,الاكل,1.3,unreviewed,only ambiguous risky tokens present - needs human judgment,weak,1
hadyelsahar/ar_res_reviews:4625,review_needed,general_place_vibe,general_place_vibe,True,False,المطعم,,المطعم,الاسعار | الاكل | غالي,1.3,unreviewed,only ambiguous risky tokens present - needs human judgment,weak,1
hadyelsahar/ar_res_reviews:4630,review_needed,general_place_vibe,general_place_vibe,True,False,المحل,,المحل,,1.3,unreviewed,only ambiguous risky tokens present - needs human judgment,weak,1
hadyelsahar/ar_res_reviews:4635,review_needed,general_place_vibe,general_place_vibe,True,False,المطعم,,المطعم,,1.3,unreviewed,only ambiguous risky tokens present - needs human judgment,weak,1
hadyelsahar/ar_res_reviews:4638,review_needed,,,False,False,حاره,,,الاسعار | الاكل | غالي,0.3,unreviewed,only ambiguous risky tokens present - needs human judgment,weak,1
hadyelsahar/ar_res_reviews:4646,review_needed,seating_comfort,seating_comfort | general_place_vibe,True,False,الطاوله | المطعم | وسخه,,الطاوله | المطعم,,2.9,unreviewed,only ambiguous risky tokens present - needs human judgment,weak,0
hadyelsahar/ar_res_reviews:4647,review_needed,general_place_vibe,general_place_vibe,True,False,المطعم,,المطعم,الدجاج,1.3,unreviewed,only ambiguous risky tokens present - needs human judgment,weak,0
hadyelsahar/ar_res_reviews:4651,review_needed,outdoor_view,general_place_vibe | outdoor_view,True,False,المطعم | برا,,المطعم | برا,الاكل,2.6,unreviewed,only ambiguous risky tokens present - needs human judgment,weak,1
hadyelsahar/ar_res_reviews:4655,review_needed,general_place_vibe,general_place_vibe,True,False,المطعم,,المطعم,الاكل,1.3,unreviewed,only ambiguous risky tokens present - needs human judgment,weak,1
hadyelsahar/ar_res_reviews:4656,review_needed,general_place_vibe,general_place_vibe,True,False,المحل,,المحل,ناقصه,1.3,unreviewed,only ambiguous risky tokens present - needs human judgment,weak,1
hadyelsahar/ar_res_reviews:4657,review_needed,general_place_vibe,general_place_vibe,True,False,المطعم,,المطعم,,1.3,unreviewed,only ambiguous risky tokens present - needs human judgment,weak,1
hadyelsahar/ar_res_reviews:4658,review_needed,general_place_vibe,general_place_vibe,True,False,المطعم,,المطعم,,1.3,unreviewed,only ambiguous risky tokens present - needs human judgment,weak,0
hadyelsahar/ar_res_reviews:4663,review_needed,,,False,False,زيت,,,البطاطس | اللحم | الوجبه,0.3,unreviewed,only ambiguous risky tokens present - needs human judgment,weak,1
hadyelsahar/ar_res_reviews:4664,review_needed,general_place_vibe,general_place_vibe,True,False,المطعم,,المطعم,,1.3,unreviewed,only ambiguous risky tokens present - needs human judgment,weak,1
hadyelsahar/ar_res_reviews:4665,review_needed,general_place_vibe,general_place_vibe,True,False,المطعم,,المطعم,,1.3,unreviewed,only ambiguous risky tokens present - needs human judgment,weak,0
hadyelsahar/ar_res_reviews:4680,review_needed,general_place_vibe,general_place_vibe,True,False,المطعم | المكان,,المطعم | المكان,الطعام | غاليه,2.6,unreviewed,only ambiguous risky tokens present - needs human judgment,weak,1
hadyelsahar/ar_res_reviews:4682,review_needed,general_place_vibe,general_place_vibe,True,False,المطعم,,المطعم,,1.3,unreviewed,only ambiguous risky tokens present - needs human judgment,weak,1
hadyelsahar/ar_res_reviews:4686,review_needed,general_place_vibe,general_place_vibe,True,False,المحل,,المحل,,1.3,unreviewed,only ambiguous risky tokens present - needs human judgment,weak,0
hadyelsahar/ar_res_reviews:4687,review_needed,general_place_vibe,general_place_vibe,True,False,المكان,,المكان,الاكل,1.3,unreviewed,only ambiguous risky tokens present - needs human judgment,weak,0
hadyelsahar/ar_res_reviews:4698,review_needed,temperature_ac,general_place_vibe | temperature_ac,True,False,المطعم | حار,,المطعم | حار,,2.6,unreviewed,only ambiguous risky tokens present - needs human judgment,weak,1
hadyelsahar/ar_res_reviews:4701,review_needed,general_place_vibe,general_place_vibe,True,False,المكان,,المكان,الاكل,1.3,unreviewed,only ambiguous risky tokens present - needs human judgment,weak,1
hadyelsahar/ar_res_reviews:4706,review_needed,general_place_vibe,general_place_vibe,True,False,المطعم | المكان,,المطعم | المكان,طعمه,2.6,unreviewed,only ambiguous risky tokens present - needs human judgment,weak,0
hadyelsahar/ar_res_reviews:4711,review_needed,general_place_vibe,general_place_vibe,True,False,الفرع | المطعم,,الفرع | المطعم,,2.6,unreviewed,only ambiguous risky tokens present - needs human judgment,weak,0
hadyelsahar/ar_res_reviews:4716,review_needed,general_place_vibe,general_place_vibe,True,False,المطعم,,المطعم,الدجاج,1.3,unreviewed,only ambiguous risky tokens present - needs human judgment,weak,1
hadyelsahar/ar_res_reviews:4717,review_needed,,,False,False,زيت,,,السعر | غالي,0.3,unreviewed,only ambiguous risky tokens present - needs human judgment,weak,0
hadyelsahar/ar_res_reviews:4720,review_needed,,,False,False,حاره,,,,0.3,unreviewed,only ambiguous risky tokens present - needs human judgment,weak,1
hadyelsahar/ar_res_reviews:4721,review_needed,general_place_vibe,general_place_vibe,True,False,المحل,,المحل,طعمه,1.3,unreviewed,only ambiguous risky tokens present - needs human judgment,weak,0
hadyelsahar/ar_res_reviews:4725,review_needed,general_place_vibe,general_place_vibe,True,False,المطعم,,المطعم,الاسعار | الاكل | الطعام,1.3,unreviewed,only ambiguous risky tokens present - needs human judgment,weak,0
hadyelsahar/ar_res_reviews:4726,review_needed,temperature_ac,general_place_vibe | temperature_ac,True,False,المطعم | حار,,المطعم | حار,طعمه | غاليه,2.6,unreviewed,only ambiguous risky tokens present - needs human judgment,weak,1
hadyelsahar/ar_res_reviews:4742,review_needed,general_place_vibe,general_place_vibe,True,False,المطعم,,المطعم,السعر | طعمها,1.3,unreviewed,only ambiguous risky tokens present - needs human judgment,weak,0
hadyelsahar/ar_res_reviews:4744,review_needed,general_place_vibe,general_place_vibe,True,False,المطعم | المكان,,المطعم | المكان,,2.6,unreviewed,only ambiguous risky tokens present - needs human judgment,weak,1
hadyelsahar/ar_res_reviews:4745,review_needed,general_place_vibe,general_place_vibe,True,False,المطعم | المكان,,المطعم | المكان,,2.6,unreviewed,only ambiguous risky tokens present - needs human judgment,weak,1
hadyelsahar/ar_res_reviews:4753,review_needed,general_place_vibe,general_place_vibe,True,False,المطعم,,المطعم,,1.3,unreviewed,only ambiguous risky tokens present - needs human judgment,weak,1
hadyelsahar/ar_res_reviews:4755,review_needed,general_place_vibe,general_place_vibe,True,False,المطعم,,المطعم,,1.3,unreviewed,only ambiguous risky tokens present - needs human judgment,weak,1
hadyelsahar/ar_res_reviews:4757,review_needed,general_place_vibe,general_place_vibe,True,False,المطعم,,المطعم,,1.3,unreviewed,only ambiguous risky tokens present - needs human judgment,weak,0
hadyelsahar/ar_res_reviews:4762,review_needed,temperature_ac,temperature_ac,True,False,بارد,,بارد,الاكل,1.3,unreviewed,only ambiguous risky tokens present - needs human judgment,weak,1
hadyelsahar/ar_res_reviews:4766,review_needed,general_place_vibe,general_place_vibe,True,False,المكان,,المكان,الاكل,1.3,unreviewed,only ambiguous risky tokens present - needs human judgment,weak,0
hadyelsahar/ar_res_reviews:4771,review_needed,general_place_vibe,general_place_vibe,True,False,المحل,,المحل,السعر | طعمها,1.3,unreviewed,only ambiguous risky tokens present - needs human judgment,weak,0
hadyelsahar/ar_res_reviews:4772,review_needed,temperature_ac,general_place_vibe | temperature_ac,True,False,المطعم | حار,,المطعم | حار,الاسعار | الاكل | الطعام,2.6,unreviewed,only ambiguous risky tokens present - needs human judgment,weak,1
hadyelsahar/ar_res_reviews:4774,review_needed,general_place_vibe,general_place_vibe,True,False,المطعم,,المطعم,,1.3,unreviewed,only ambiguous risky tokens present - needs human judgment,weak,1
hadyelsahar/ar_res_reviews:4779,review_needed,smell,smell,True,False,ريحه,,ريحه,البرجر | طعمه,1.3,unreviewed,only ambiguous risky tokens present - needs human judgment,weak,0
hadyelsahar/ar_res_reviews:4781,review_needed,general_place_vibe,general_place_vibe,True,False,المطعم,,المطعم,الاكل | البرجر | البطاطس | الطعم | اللحم | الوجبه,1.3,unreviewed,only ambiguous risky tokens present - needs human judgment,weak,1
hadyelsahar/ar_res_reviews:4783,review_needed,general_place_vibe,general_place_vibe,True,False,المطعم,,المطعم,البرجر,1.3,unreviewed,only ambiguous risky tokens present - needs human judgment,weak,1
hadyelsahar/ar_res_reviews:4785,review_needed,general_place_vibe,general_place_vibe,True,False,الفرع | المحل,,الفرع | المحل,,2.6,unreviewed,only ambiguous risky tokens present - needs human judgment,weak,1
hadyelsahar/ar_res_reviews:4789,review_needed,general_place_vibe,general_place_vibe,True,False,المطعم,,المطعم,,1.3,unreviewed,only ambiguous risky tokens present - needs human judgment,weak,1
hadyelsahar/ar_res_reviews:4792,review_needed,general_place_vibe,general_place_vibe,True,False,المكان,,المكان,,1.3,unreviewed,only ambiguous risky tokens present - needs human judgment,weak,1
hadyelsahar/ar_res_reviews:4800,review_needed,general_place_vibe,general_place_vibe,True,False,المطعم,,المطعم,,1.3,unreviewed,only ambiguous risky tokens present - needs human judgment,weak,0
hadyelsahar/ar_res_reviews:4802,review_needed,general_place_vibe,general_place_vibe,True,False,المطعم | زيت,,المطعم,البطاطس,1.6,unreviewed,only ambiguous risky tokens present - needs human judgment,weak,1
hadyelsahar/ar_res_reviews:4806,review_needed,general_place_vibe,general_place_vibe,True,False,المطعم,,المطعم,,1.3,unreviewed,only ambiguous risky tokens present - needs human judgment,weak,1
hadyelsahar/ar_res_reviews:4808,review_needed,temperature_ac,general_place_vibe | temperature_ac,True,False,المحل | حار,,المحل | حار,طعمه,2.6,unreviewed,only ambiguous risky tokens present - needs human judgment,weak,1
hadyelsahar/ar_res_reviews:4809,review_needed,general_place_vibe,general_place_vibe,True,False,المحل,,المحل,,1.3,unreviewed,only ambiguous risky tokens present - needs human judgment,weak,1
hadyelsahar/ar_res_reviews:4812,review_needed,general_place_vibe,general_place_vibe,True,False,المطعم,,المطعم,,1.3,unreviewed,only ambiguous risky tokens present - needs human judgment,weak,1
hadyelsahar/ar_res_reviews:4817,review_needed,general_place_vibe,general_place_vibe,True,False,المطعم,,المطعم,الاكل | غالي,1.3,unreviewed,only ambiguous risky tokens present - needs human judgment,weak,1
hadyelsahar/ar_res_reviews:4821,review_needed,general_place_vibe,general_place_vibe,True,False,المطعم,,المطعم,,1.3,unreviewed,only ambiguous risky tokens present - needs human judgment,weak,1
hadyelsahar/ar_res_reviews:4822,review_needed,general_place_vibe,general_place_vibe,True,False,المطعم,,المطعم,,1.3,unreviewed,only ambiguous risky tokens present - needs human judgment,weak,0
hadyelsahar/ar_res_reviews:4823,review_needed,general_place_vibe,general_place_vibe,True,False,المطعم,,المطعم,,1.3,unreviewed,only ambiguous risky tokens present - needs human judgment,weak,0
hadyelsahar/ar_res_reviews:4826,review_needed,general_place_vibe,general_place_vibe,True,False,المحل,,المحل,,1.3,unreviewed,only ambiguous risky tokens present - needs human judgment,weak,1
hadyelsahar/ar_res_reviews:4827,review_needed,general_place_vibe,general_place_vibe,True,False,المحل,,المحل,الموظفين,1.3,unreviewed,only ambiguous risky tokens present - needs human judgment,weak,0
hadyelsahar/ar_res_reviews:4828,review_needed,temperature_ac,general_place_vibe | temperature_ac,True,False,المكان | حار,,المكان | حار,,2.6,unreviewed,only ambiguous risky tokens present - needs human judgment,weak,0
hadyelsahar/ar_res_reviews:4830,review_needed,general_place_vibe,general_place_vibe,True,False,المطعم,,المطعم,الموظف,1.3,unreviewed,only ambiguous risky tokens present - needs human judgment,weak,0
hadyelsahar/ar_res_reviews:4831,review_needed,general_place_vibe,general_place_vibe,True,False,المكان | حاره,,المكان,الدجاج | الموظفين | طعمها,1.6,unreviewed,only ambiguous risky tokens present - needs human judgment,weak,0
hadyelsahar/ar_res_reviews:4846,review_needed,temperature_ac,general_place_vibe | temperature_ac,True,False,المحل | المطعم | بارد | حار,,المحل | المطعم | بارد | حار,,5.2,unreviewed,only ambiguous risky tokens present - needs human judgment,weak,1
hadyelsahar/ar_res_reviews:4851,review_needed,general_place_vibe,general_place_vibe,True,False,المطعم,,المطعم,الاسعار | الاكل | الطعام | الطعم,1.3,unreviewed,only ambiguous risky tokens present - needs human judgment,weak,0
hadyelsahar/ar_res_reviews:4858,review_needed,general_place_vibe,general_place_vibe,True,False,الفرع,,الفرع,,1.3,unreviewed,only ambiguous risky tokens present - needs human judgment,weak,1
hadyelsahar/ar_res_reviews:4859,review_needed,general_place_vibe,general_place_vibe,True,False,الفرع,,الفرع,,1.3,unreviewed,only ambiguous risky tokens present - needs human judgment,weak,1
hadyelsahar/ar_res_reviews:4861,review_needed,general_place_vibe,general_place_vibe,True,False,المطعم,,المطعم,,1.3,unreviewed,only ambiguous risky tokens present - needs human judgment,weak,1
hadyelsahar/ar_res_reviews:4874,review_needed,general_place_vibe,general_place_vibe,True,False,المكان,,المكان,,1.3,unreviewed,only ambiguous risky tokens present - needs human judgment,weak,1
hadyelsahar/ar_res_reviews:4881,review_needed,general_place_vibe,general_place_vibe,True,False,المطعم,,المطعم,,1.3,unreviewed,only ambiguous risky tokens present - needs human judgment,weak,0
hadyelsahar/ar_res_reviews:4887,review_needed,general_place_vibe,general_place_vibe,True,False,المطعم,,المطعم,الاكل,1.3,unreviewed,only ambiguous risky tokens present - needs human judgment,weak,1
hadyelsahar/ar_res_reviews:4890,review_needed,general_place_vibe,general_place_vibe,True,False,المطعم,,المطعم,,1.3,unreviewed,only ambiguous risky tokens present - needs human judgment,weak,0
hadyelsahar/ar_res_reviews:4896,review_needed,general_place_vibe,general_place_vibe,True,False,المطعم | عالي,,المطعم,الاسعار | الاكل | البيتزا,1.6,unreviewed,only ambiguous risky tokens present - needs human judgment,weak,1
hadyelsahar/ar_res_reviews:4905,review_needed,general_place_vibe,general_place_vibe,True,False,المطعم,,المطعم,,1.3,unreviewed,only ambiguous risky tokens present - needs human judgment,weak,1
hadyelsahar/ar_res_reviews:4909,review_needed,general_place_vibe,general_place_vibe,True,False,المطعم,,المطعم,,1.3,unreviewed,only ambiguous risky tokens present - needs human judgment,weak,0
hadyelsahar/ar_res_reviews:4926,review_needed,temperature_ac,temperature_ac,True,False,حار,,حار,,1.3,unreviewed,only ambiguous risky tokens present - needs human judgment,weak,1
hadyelsahar/ar_res_reviews:4931,review_needed,,,False,False,عاليه,,,,0.3,unreviewed,only ambiguous risky tokens present - needs human judgment,weak,1
hadyelsahar/ar_res_reviews:4933,review_needed,general_place_vibe,general_place_vibe,True,False,المكان,,المكان,الاسعار | الطعم,1.3,unreviewed,only ambiguous risky tokens present - needs human judgment,weak,0
hadyelsahar/ar_res_reviews:4960,review_needed,general_place_vibe,general_place_vibe,True,False,المكان,,المكان,,1.3,unreviewed,only ambiguous risky tokens present - needs human judgment,weak,1
hadyelsahar/ar_res_reviews:4962,review_needed,general_place_vibe,general_place_vibe,True,False,المحل,,المحل,,1.3,unreviewed,only ambiguous risky tokens present - needs human judgment,weak,1
hadyelsahar/ar_res_reviews:4966,review_needed,general_place_vibe,general_place_vibe,True,False,المطعم,,المطعم,,1.3,unreviewed,only ambiguous risky tokens present - needs human judgment,weak,1
hadyelsahar/ar_res_reviews:4968,review_needed,temperature_ac,general_place_vibe | temperature_ac,True,False,المطعم | المكان | بارد,,المطعم | المكان | بارد,,3.9,unreviewed,only ambiguous risky tokens present - needs human judgment,weak,0
hadyelsahar/ar_res_reviews:4978,review_needed,general_place_vibe,general_place_vibe,True,False,المطعم,,المطعم,الدجاج,1.3,unreviewed,only ambiguous risky tokens present - needs human judgment,weak,1
hadyelsahar/ar_res_reviews:4981,review_needed,general_place_vibe,general_place_vibe,True,False,الفرع | المطعم,,الفرع | المطعم,البطاطس | الطعم | الوجبه,2.6,unreviewed,only ambiguous risky tokens present - needs human judgment,weak,0
hadyelsahar/ar_res_reviews:4982,review_needed,,,False,False,زيت,,,الاسعار | البطاطس,0.3,unreviewed,only ambiguous risky tokens present - needs human judgment,weak,1
hadyelsahar/ar_res_reviews:4986,review_needed,general_place_vibe,general_place_vibe,True,False,المطعم,,المطعم,,1.3,unreviewed,only ambiguous risky tokens present - needs human judgment,weak,1
hadyelsahar/ar_res_reviews:4992,review_needed,smell,seating_comfort | general_place_vibe | smell,True,False,الطاوله | الفرع | ريحه,,الطاوله | الفرع | ريحه,الطعم,3.9,unreviewed,only ambiguous risky tokens present - needs human judgment,weak,0
hadyelsahar/ar_res_reviews:4995,review_needed,general_place_vibe,general_place_vibe,True,False,المطعم,,المطعم,البطاطس | الخبز | الدجاج,1.3,unreviewed,only ambiguous risky tokens present - needs human judgment,weak,0
hadyelsahar/ar_res_reviews:4999,review_needed,general_place_vibe,general_place_vibe,True,False,المطعم,,المطعم,الطعم | غالي,1.3,unreviewed,only ambiguous risky tokens present - needs human judgment,weak,1
hadyelsahar/ar_res_reviews:5001,review_needed,general_place_vibe,general_place_vibe,True,False,المطعم | المكان,,المطعم | المكان,الاسعار | الطعام,2.6,unreviewed,only ambiguous risky tokens present - needs human judgment,weak,1
hadyelsahar/ar_res_reviews:5006,review_needed,seating_comfort,seating_comfort | general_place_vibe,True,False,الطاوله | المطعم,,الطاوله | المطعم,الاسعار | اللحم,2.6,unreviewed,only ambiguous risky tokens present - needs human judgment,weak,0
hadyelsahar/ar_res_reviews:5010,review_needed,general_place_vibe,general_place_vibe,True,False,المطعم,,المطعم,الاسعار | الدجاج | الموظفين,1.3,unreviewed,only ambiguous risky tokens present - needs human judgment,weak,1
hadyelsahar/ar_res_reviews:5011,review_needed,general_place_vibe,general_place_vibe,True,False,المطعم,,المطعم,,1.3,unreviewed,only ambiguous risky tokens present - needs human judgment,weak,0
hadyelsahar/ar_res_reviews:5029,review_needed,outdoor_view,general_place_vibe | outdoor_view,True,False,المطعم | برا,,المطعم | برا,,2.6,unreviewed,only ambiguous risky tokens present - needs human judgment,weak,0
hadyelsahar/ar_res_reviews:5032,review_needed,general_place_vibe,general_place_vibe,True,False,المطعم,,المطعم,السعر | الطعام,1.3,unreviewed,only ambiguous risky tokens present - needs human judgment,weak,0
hadyelsahar/ar_res_reviews:5033,review_needed,general_place_vibe,general_place_vibe,True,False,المطعم,,المطعم,,1.3,unreviewed,only ambiguous risky tokens present - needs human judgment,weak,1
hadyelsahar/ar_res_reviews:5041,review_needed,general_place_vibe,general_place_vibe,True,False,المطعم | المكان,,المطعم | المكان,الاكل,2.6,unreviewed,only ambiguous risky tokens present - needs human judgment,weak,1
hadyelsahar/ar_res_reviews:5045,review_needed,temperature_ac,general_place_vibe | temperature_ac,True,False,المحل | بارد,,المحل | بارد,الاكل | السعر | نسوا,2.6,unreviewed,only ambiguous risky tokens present - needs human judgment,weak,0
hadyelsahar/ar_res_reviews:5051,review_needed,smell,smell,True,False,رائحه,,رائحه,,1.3,unreviewed,only ambiguous risky tokens present - needs human judgment,weak,0
hadyelsahar/ar_res_reviews:5053,review_needed,general_place_vibe,general_place_vibe,True,False,المطعم,,المطعم,الاسعار,1.3,unreviewed,only ambiguous risky tokens present - needs human judgment,weak,1
hadyelsahar/ar_res_reviews:5055,review_needed,general_place_vibe,general_place_vibe,True,False,المطعم,,المطعم,,1.3,unreviewed,only ambiguous risky tokens present - needs human judgment,weak,1
hadyelsahar/ar_res_reviews:5061,review_needed,general_place_vibe,general_place_vibe,True,False,المطعم,,المطعم,,1.3,unreviewed,only ambiguous risky tokens present - needs human judgment,weak,1
hadyelsahar/ar_res_reviews:5063,review_needed,general_place_vibe,general_place_vibe,True,False,المحل,,المحل,,1.3,unreviewed,only ambiguous risky tokens present - needs human judgment,weak,0
hadyelsahar/ar_res_reviews:5065,review_needed,general_place_vibe,general_place_vibe,True,False,المطعم,,المطعم,البرجر,1.3,unreviewed,only ambiguous risky tokens present - needs human judgment,weak,1
hadyelsahar/ar_res_reviews:5066,review_needed,general_place_vibe,general_place_vibe,True,False,المحل | المطعم,,المحل | المطعم,البرجر | البطاطس | الخبز | اللحم | طعمه,2.6,unreviewed,only ambiguous risky tokens present - needs human judgment,weak,1
hadyelsahar/ar_res_reviews:5076,review_needed,general_place_vibe,general_place_vibe,True,False,المطعم,,المطعم,الاسعار | الاكل,1.3,unreviewed,only ambiguous risky tokens present - needs human judgment,weak,1
hadyelsahar/ar_res_reviews:5081,review_needed,general_place_vibe,general_place_vibe,True,False,المطعم,,المطعم,,1.3,unreviewed,only ambiguous risky tokens present - needs human judgment,weak,1
hadyelsahar/ar_res_reviews:5089,review_needed,general_place_vibe,general_place_vibe,True,False,المطعم,,المطعم,,1.3,unreviewed,only ambiguous risky tokens present - needs human judgment,weak,1
hadyelsahar/ar_res_reviews:5090,review_needed,general_place_vibe,general_place_vibe,True,False,المطعم,,المطعم,الاكل,1.3,unreviewed,only ambiguous risky tokens present - needs human judgment,weak,0
hadyelsahar/ar_res_reviews:5095,review_needed,general_place_vibe,general_place_vibe,True,False,قديم,,قديم,,1.3,unreviewed,only ambiguous risky tokens present - needs human judgment,weak,0
hadyelsahar/ar_res_reviews:5100,review_needed,general_place_vibe,general_place_vibe,True,False,الفرع,,الفرع,,1.3,unreviewed,only ambiguous risky tokens present - needs human judgment,weak,1
hadyelsahar/ar_res_reviews:5101,review_needed,general_place_vibe,general_place_vibe,True,False,المطعم,,المطعم,,1.3,unreviewed,only ambiguous risky tokens present - needs human judgment,weak,0
hadyelsahar/ar_res_reviews:5104,review_needed,general_place_vibe,general_place_vibe,True,False,المطعم,,المطعم,,1.3,unreviewed,only ambiguous risky tokens present - needs human judgment,weak,1
hadyelsahar/ar_res_reviews:5105,review_needed,general_place_vibe,general_place_vibe,True,False,المطعم,,المطعم,البرجر | البطاطس | اللحم,1.3,unreviewed,only ambiguous risky tokens present - needs human judgment,weak,1
hadyelsahar/ar_res_reviews:5107,review_needed,general_place_vibe,general_place_vibe,True,False,المحل | المطعم | المكان,,المحل | المطعم | المكان,البرجر | البطاطس | الخبز | الكاشير | اللحم | الوجبه | طلبات,3.9,unreviewed,only ambiguous risky tokens present - needs human judgment,weak,1
hadyelsahar/ar_res_reviews:5109,review_needed,general_place_vibe,general_place_vibe,True,False,المطعم,,المطعم,,1.3,unreviewed,only ambiguous risky tokens present - needs human judgment,weak,0
hadyelsahar/ar_res_reviews:5110,review_needed,general_place_vibe,general_place_vibe,True,False,المطعم,,المطعم,الاسعار | اللحم | طعمها,1.3,unreviewed,only ambiguous risky tokens present - needs human judgment,weak,1
hadyelsahar/ar_res_reviews:5112,review_needed,outdoor_view,general_place_vibe | outdoor_view,True,False,المحل | برا,,المحل | برا,البطاطس | اللحم | الوجبه,2.6,unreviewed,only ambiguous risky tokens present - needs human judgment,weak,1
hadyelsahar/ar_res_reviews:5114,review_needed,general_place_vibe,general_place_vibe,True,False,المحل | المطعم,,المحل | المطعم,البطاطس,2.6,unreviewed,only ambiguous risky tokens present - needs human judgment,weak,0
hadyelsahar/ar_res_reviews:5116,review_needed,general_place_vibe,general_place_vibe,True,False,المطعم,,المطعم,البرجر | اللحم,1.3,unreviewed,only ambiguous risky tokens present - needs human judgment,weak,0
hadyelsahar/ar_res_reviews:5121,review_needed,general_place_vibe,general_place_vibe,True,False,المطعم,,المطعم,الدجاج | اللحم,1.3,unreviewed,only ambiguous risky tokens present - needs human judgment,weak,1
hadyelsahar/ar_res_reviews:5123,review_needed,general_place_vibe,general_place_vibe,True,False,المطعم,,المطعم,الطعم | اللحم,1.3,unreviewed,only ambiguous risky tokens present - needs human judgment,weak,1
hadyelsahar/ar_res_reviews:5125,review_needed,general_place_vibe,general_place_vibe,True,False,المطعم,,المطعم,البرجر,1.3,unreviewed,only ambiguous risky tokens present - needs human judgment,weak,0
hadyelsahar/ar_res_reviews:5127,review_needed,general_place_vibe,general_place_vibe,True,False,المطعم,,المطعم,البرجر | غالي,1.3,unreviewed,only ambiguous risky tokens present - needs human judgment,weak,1
hadyelsahar/ar_res_reviews:5129,review_needed,general_place_vibe,general_place_vibe,True,False,المطعم,,المطعم,البطاطس | الدجاج | الطعام | الطعم | اللحم,1.3,unreviewed,only ambiguous risky tokens present - needs human judgment,weak,1
hadyelsahar/ar_res_reviews:5131,review_needed,temperature_ac,general_place_vibe | temperature_ac,True,False,المحل | المطعم | حار | عاليه,,المحل | المطعم | حار,البرجر | طعمه | غالي,4.2,unreviewed,only ambiguous risky tokens present - needs human judgment,weak,1
hadyelsahar/ar_res_reviews:5134,review_needed,general_place_vibe,general_place_vibe,True,False,المطعم,,المطعم,طعمه,1.3,unreviewed,only ambiguous risky tokens present - needs human judgment,weak,1
hadyelsahar/ar_res_reviews:5146,review_needed,general_place_vibe,general_place_vibe,True,False,المطعم,,المطعم,,1.3,unreviewed,only ambiguous risky tokens present - needs human judgment,weak,1
hadyelsahar/ar_res_reviews:5150,review_needed,general_place_vibe,general_place_vibe,True,False,المطعم,,المطعم,,1.3,unreviewed,only ambiguous risky tokens present - needs human judgment,weak,1
hadyelsahar/ar_res_reviews:5151,review_needed,general_place_vibe,general_place_vibe,True,False,المطعم,,المطعم,الاسعار,1.3,unreviewed,only ambiguous risky tokens present - needs human judgment,weak,1
hadyelsahar/ar_res_reviews:5152,review_needed,seating_comfort,seating_comfort | general_place_vibe,True,False,الطاوله | المطعم,,الطاوله | المطعم,,2.6,unreviewed,only ambiguous risky tokens present - needs human judgment,weak,0
hadyelsahar/ar_res_reviews:5156,review_needed,general_place_vibe,general_place_vibe,True,False,المطعم,,المطعم,,1.3,unreviewed,only ambiguous risky tokens present - needs human judgment,weak,0
hadyelsahar/ar_res_reviews:5157,review_needed,general_place_vibe,general_place_vibe,True,False,المطعم,,المطعم,,1.3,unreviewed,only ambiguous risky tokens present - needs human judgment,weak,1
hadyelsahar/ar_res_reviews:5162,review_needed,general_place_vibe,general_place_vibe,True,False,المطعم,,المطعم,اللحم,1.3,unreviewed,only ambiguous risky tokens present - needs human judgment,weak,1
hadyelsahar/ar_res_reviews:5164,review_needed,general_place_vibe,general_place_vibe,True,False,المطعم,,المطعم,,1.3,unreviewed,only ambiguous risky tokens present - needs human judgment,weak,1
hadyelsahar/ar_res_reviews:5167,review_needed,general_place_vibe,general_place_vibe,True,False,المطعم,,المطعم,الدجاج,1.3,unreviewed,only ambiguous risky tokens present - needs human judgment,weak,1
hadyelsahar/ar_res_reviews:5169,review_needed,general_place_vibe,general_place_vibe,True,False,المكان,,المكان,الطعم,1.3,unreviewed,only ambiguous risky tokens present - needs human judgment,weak,1
hadyelsahar/ar_res_reviews:5171,review_needed,temperature_ac,temperature_ac,True,False,حار,,حار,اللحم,1.3,unreviewed,only ambiguous risky tokens present - needs human judgment,weak,1
hadyelsahar/ar_res_reviews:5172,review_needed,general_place_vibe,general_place_vibe,True,False,الفرع,,الفرع,الاكل | البرجر | الخبز | الطعم,1.3,unreviewed,only ambiguous risky tokens present - needs human judgment,weak,1
hadyelsahar/ar_res_reviews:5178,review_needed,,,False,False,عاليه,,,البطاطس,0.3,unreviewed,only ambiguous risky tokens present - needs human judgment,weak,1
hadyelsahar/ar_res_reviews:5185,review_needed,general_place_vibe,general_place_vibe,True,False,المطعم,,المطعم,الوجبه,1.3,unreviewed,only ambiguous risky tokens present - needs human judgment,weak,1
hadyelsahar/ar_res_reviews:5186,review_needed,general_place_vibe,general_place_vibe,True,False,الفرع,,الفرع,الدجاج | اللحم,1.3,unreviewed,only ambiguous risky tokens present - needs human judgment,weak,1
hadyelsahar/ar_res_reviews:5189,review_needed,general_place_vibe,general_place_vibe,True,False,المطعم,,المطعم,,1.3,unreviewed,only ambiguous risky tokens present - needs human judgment,weak,1
hadyelsahar/ar_res_reviews:5191,review_needed,general_place_vibe,general_place_vibe,True,False,المطعم,,المطعم,البرجر,1.3,unreviewed,only ambiguous risky tokens present - needs human judgment,weak,1
hadyelsahar/ar_res_reviews:5192,review_needed,general_place_vibe,general_place_vibe,True,False,المطعم,,المطعم,,1.3,unreviewed,only ambiguous risky tokens present - needs human judgment,weak,0
hadyelsahar/ar_res_reviews:5194,review_needed,general_place_vibe,general_place_vibe,True,False,المطعم,,المطعم,الطعام,1.3,unreviewed,only ambiguous risky tokens present - needs human judgment,weak,1
hadyelsahar/ar_res_reviews:5195,review_needed,general_place_vibe,general_place_vibe,True,False,المطعم | حاره,,المطعم,البرجر | طعمه,1.6,unreviewed,only ambiguous risky tokens present - needs human judgment,weak,1
hadyelsahar/ar_res_reviews:5196,review_needed,temperature_ac,general_place_vibe | temperature_ac,True,False,الفرع | المطعم | بارد,,الفرع | المطعم | بارد,البطاطس | الخبز | الدجاج | الطعم | اللحم,3.9,unreviewed,only ambiguous risky tokens present - needs human judgment,weak,1
hadyelsahar/ar_res_reviews:5197,review_needed,general_place_vibe,general_place_vibe,True,False,المطعم,,المطعم,البطاطس | الدجاج | اللحم,1.3,unreviewed,only ambiguous risky tokens present - needs human judgment,weak,1
hadyelsahar/ar_res_reviews:5199,review_needed,general_place_vibe,general_place_vibe,True,False,المطعم,,المطعم,,1.3,unreviewed,only ambiguous risky tokens present - needs human judgment,weak,1
hadyelsahar/ar_res_reviews:5200,review_needed,general_place_vibe,general_place_vibe,True,False,المطعم,,المطعم,السعر | الطعم | الوجبه,1.3,unreviewed,only ambiguous risky tokens present - needs human judgment,weak,0
hadyelsahar/ar_res_reviews:5202,review_needed,general_place_vibe,general_place_vibe,True,False,المطعم,,المطعم,البطاطس | طعمه,1.3,unreviewed,only ambiguous risky tokens present - needs human judgment,weak,1
hadyelsahar/ar_res_reviews:5203,review_needed,temperature_ac,general_place_vibe | temperature_ac,True,False,الفرع | المطعم | حار,,الفرع | المطعم | حار,الاكل | السعر | الطعم | اللحم | النكهه | الوجبه,3.9,unreviewed,only ambiguous risky tokens present - needs human judgment,weak,1
hadyelsahar/ar_res_reviews:5205,review_needed,general_place_vibe,general_place_vibe,True,False,المطعم,,المطعم,الدجاج | الشاورما | الطعم,1.3,unreviewed,only ambiguous risky tokens present - needs human judgment,weak,1
hadyelsahar/ar_res_reviews:5207,review_needed,general_place_vibe,general_place_vibe,True,False,المطعم,,المطعم,,1.3,unreviewed,only ambiguous risky tokens present - needs human judgment,weak,0
hadyelsahar/ar_res_reviews:5208,review_needed,general_place_vibe,general_place_vibe,True,False,المطعم,,المطعم,,1.3,unreviewed,only ambiguous risky tokens present - needs human judgment,weak,1
hadyelsahar/ar_res_reviews:5209,review_needed,general_place_vibe,general_place_vibe,True,False,المطعم,,المطعم,الدجاج | السعر | الطعام | النكهه,1.3,unreviewed,only ambiguous risky tokens present - needs human judgment,weak,0
hadyelsahar/ar_res_reviews:5210,review_needed,,,False,False,عالي,,,الطعم,0.3,unreviewed,only ambiguous risky tokens present - needs human judgment,weak,1
hadyelsahar/ar_res_reviews:5212,review_needed,general_place_vibe,general_place_vibe,True,False,المحل,,المحل,الاكل,1.3,unreviewed,only ambiguous risky tokens present - needs human judgment,weak,0
hadyelsahar/ar_res_reviews:5215,review_needed,general_place_vibe,general_place_vibe,True,False,المطعم,,المطعم,الدجاج,1.3,unreviewed,only ambiguous risky tokens present - needs human judgment,weak,1
hadyelsahar/ar_res_reviews:5218,review_needed,general_place_vibe,general_place_vibe,True,False,الفرع,,الفرع,البطاطس | الخبز | الدجاج | السعر,1.3,unreviewed,only ambiguous risky tokens present - needs human judgment,weak,1
hadyelsahar/ar_res_reviews:5219,review_needed,general_place_vibe,general_place_vibe,True,False,المطعم,,المطعم,البطاطس | الدجاج | السعر | الطعم,1.3,unreviewed,only ambiguous risky tokens present - needs human judgment,weak,1
hadyelsahar/ar_res_reviews:5221,review_needed,general_place_vibe,general_place_vibe,True,False,المطعم | زيت,,المطعم,الدجاج | السعر | الطعم | النكهه,1.6,unreviewed,only ambiguous risky tokens present - needs human judgment,weak,1
hadyelsahar/ar_res_reviews:5226,review_needed,general_place_vibe,general_place_vibe,True,False,الفرع,,الفرع,,1.3,unreviewed,only ambiguous risky tokens present - needs human judgment,weak,1
hadyelsahar/ar_res_reviews:5227,review_needed,general_place_vibe,general_place_vibe,True,False,المحل,,المحل,,1.3,unreviewed,only ambiguous risky tokens present - needs human judgment,weak,1
hadyelsahar/ar_res_reviews:5233,review_needed,general_place_vibe,general_place_vibe,True,False,المطعم | بارده,,المطعم,,1.6,unreviewed,only ambiguous risky tokens present - needs human judgment,weak,0
hadyelsahar/ar_res_reviews:5241,review_needed,general_place_vibe,general_place_vibe,True,False,المطعم,,المطعم,الاسعار | الطعم,1.3,unreviewed,only ambiguous risky tokens present - needs human judgment,weak,1
hadyelsahar/ar_res_reviews:5245,review_needed,general_place_vibe,general_place_vibe,True,False,المطعم,,المطعم,الخبز | الدجاج,1.3,unreviewed,only ambiguous risky tokens present - needs human judgment,weak,1
hadyelsahar/ar_res_reviews:5246,review_needed,general_place_vibe,general_place_vibe,True,False,المطعم,,المطعم,الطعم,1.3,unreviewed,only ambiguous risky tokens present - needs human judgment,weak,0
hadyelsahar/ar_res_reviews:5247,review_needed,,,False,False,بارده,,,,0.3,unreviewed,only ambiguous risky tokens present - needs human judgment,weak,1
hadyelsahar/ar_res_reviews:5248,review_needed,general_place_vibe,general_place_vibe,True,False,المطعم,,المطعم,الاكل,1.3,unreviewed,only ambiguous risky tokens present - needs human judgment,weak,0
hadyelsahar/ar_res_reviews:5250,review_needed,,,False,False,بارده,,,الاسعار | الاكل,0.3,unreviewed,only ambiguous risky tokens present - needs human judgment,weak,0
hadyelsahar/ar_res_reviews:5253,review_needed,general_place_vibe,general_place_vibe,True,False,المطعم,,المطعم,الدجاج | السلطه | اللحم,1.3,unreviewed,only ambiguous risky tokens present - needs human judgment,weak,1
hadyelsahar/ar_res_reviews:5257,review_needed,temperature_ac,general_place_vibe | temperature_ac,True,False,الفرع | المطعم | حار,,الفرع | المطعم | حار,الاسعار | الاكل | الخبز | طلبات,3.9,unreviewed,only ambiguous risky tokens present - needs human judgment,weak,0
hadyelsahar/ar_res_reviews:5262,review_needed,general_place_vibe,general_place_vibe,True,False,المطعم,,المطعم,,1.3,unreviewed,only ambiguous risky tokens present - needs human judgment,weak,1
hadyelsahar/ar_res_reviews:5264,review_needed,general_place_vibe,general_place_vibe,True,False,المطعم,,المطعم,الاسعار | اللحم | الموظف | بطيء,1.3,unreviewed,only ambiguous risky tokens present - needs human judgment,weak,1
hadyelsahar/ar_res_reviews:5269,review_needed,smell,smell,True,False,ريحه,,ريحه,,1.3,unreviewed,only ambiguous risky tokens present - needs human judgment,weak,0
hadyelsahar/ar_res_reviews:5276,review_needed,general_place_vibe,general_place_vibe,True,False,المطعم,,المطعم,الطعام | الكاشير,1.3,unreviewed,only ambiguous risky tokens present - needs human judgment,weak,0
hadyelsahar/ar_res_reviews:5277,review_needed,general_place_vibe,general_place_vibe,True,False,المطعم,,المطعم,الطعام | الكاشير,1.3,unreviewed,only ambiguous risky tokens present - needs human judgment,weak,0
hadyelsahar/ar_res_reviews:5282,review_needed,general_place_vibe,general_place_vibe,True,False,المطعم,,المطعم,الاكل | البرجر | البيتزا | الطعام | بطيء,1.3,unreviewed,only ambiguous risky tokens present - needs human judgment,weak,1
hadyelsahar/ar_res_reviews:5286,review_needed,general_place_vibe,general_place_vibe,True,False,المحل | المطعم,,المحل | المطعم,الخبز | السعر,2.6,unreviewed,only ambiguous risky tokens present - needs human judgment,weak,1
hadyelsahar/ar_res_reviews:5288,review_needed,general_place_vibe,general_place_vibe,True,False,المطعم,,المطعم,,1.3,unreviewed,only ambiguous risky tokens present - needs human judgment,weak,0
hadyelsahar/ar_res_reviews:5292,review_needed,general_place_vibe,general_place_vibe,True,False,الفرع,,الفرع,,1.3,unreviewed,only ambiguous risky tokens present - needs human judgment,weak,1
hadyelsahar/ar_res_reviews:5296,review_needed,,,False,False,حاره,,,,0.3,unreviewed,only ambiguous risky tokens present - needs human judgment,weak,1
hadyelsahar/ar_res_reviews:5298,review_needed,,,False,False,عاليه,,,الاسعار | النكهه,0.3,unreviewed,only ambiguous risky tokens present - needs human judgment,weak,1
hadyelsahar/ar_res_reviews:5313,review_needed,smell,smell,True,False,ريحه,,ريحه,,1.3,unreviewed,only ambiguous risky tokens present - needs human judgment,weak,1
hadyelsahar/ar_res_reviews:5318,review_needed,general_place_vibe,general_place_vibe,True,False,المطعم,,المطعم,,1.3,unreviewed,only ambiguous risky tokens present - needs human judgment,weak,1
hadyelsahar/ar_res_reviews:5323,review_needed,general_place_vibe,general_place_vibe,True,False,المطعم,,المطعم,الاسعار | الطعام,1.3,unreviewed,only ambiguous risky tokens present - needs human judgment,weak,1
hadyelsahar/ar_res_reviews:5327,review_needed,general_place_vibe,general_place_vibe,True,False,المطعم,,المطعم,,1.3,unreviewed,only ambiguous risky tokens present - needs human judgment,weak,1
hadyelsahar/ar_res_reviews:5329,review_needed,general_place_vibe,general_place_vibe,True,False,الفرع,,الفرع,,1.3,unreviewed,only ambiguous risky tokens present - needs human judgment,weak,1
hadyelsahar/ar_res_reviews:5330,review_needed,general_place_vibe,general_place_vibe,True,False,المطعم | بارده,,المطعم,,1.6,unreviewed,only ambiguous risky tokens present - needs human judgment,weak,0
hadyelsahar/ar_res_reviews:5331,review_needed,general_place_vibe,general_place_vibe,True,False,المطعم,,المطعم,الاكل | غاليه,1.3,unreviewed,only ambiguous risky tokens present - needs human judgment,weak,0
hadyelsahar/ar_res_reviews:5334,review_needed,general_place_vibe,general_place_vibe,True,False,المحل,,المحل,,1.3,unreviewed,only ambiguous risky tokens present - needs human judgment,weak,1
hadyelsahar/ar_res_reviews:5335,review_needed,general_place_vibe,general_place_vibe,True,False,الفرع,,الفرع,,1.3,unreviewed,only ambiguous risky tokens present - needs human judgment,weak,0
hadyelsahar/ar_res_reviews:5338,review_needed,general_place_vibe,general_place_vibe,True,False,المطعم,,المطعم,الاكل,1.3,unreviewed,only ambiguous risky tokens present - needs human judgment,weak,1
hadyelsahar/ar_res_reviews:5347,review_needed,general_place_vibe,general_place_vibe,True,False,المحل,,المحل,,1.3,unreviewed,only ambiguous risky tokens present - needs human judgment,weak,1
hadyelsahar/ar_res_reviews:5353,review_needed,general_place_vibe,general_place_vibe,True,False,المطعم,,المطعم,,1.3,unreviewed,only ambiguous risky tokens present - needs human judgment,weak,1
hadyelsahar/ar_res_reviews:5355,review_needed,,,False,False,زيت,,,,0.3,unreviewed,only ambiguous risky tokens present - needs human judgment,weak,1
hadyelsahar/ar_res_reviews:5362,review_needed,general_place_vibe,general_place_vibe,True,False,الفرع,,الفرع,الاكل,1.3,unreviewed,only ambiguous risky tokens present - needs human judgment,weak,1
hadyelsahar/ar_res_reviews:5364,review_needed,general_place_vibe,general_place_vibe,True,False,المطعم,,المطعم,الاكل | غالي,1.3,unreviewed,only ambiguous risky tokens present - needs human judgment,weak,0
hadyelsahar/ar_res_reviews:5369,review_needed,general_place_vibe,general_place_vibe,True,False,المطعم,,المطعم,البيتزا | التوصيل,1.3,unreviewed,only ambiguous risky tokens present - needs human judgment,weak,1
hadyelsahar/ar_res_reviews:5371,review_needed,,,False,False,عاليه,,,,0.3,unreviewed,only ambiguous risky tokens present - needs human judgment,weak,1
hadyelsahar/ar_res_reviews:5373,review_needed,general_place_vibe,general_place_vibe,True,False,المطعم,,المطعم,,1.3,unreviewed,only ambiguous risky tokens present - needs human judgment,weak,1
hadyelsahar/ar_res_reviews:5378,review_needed,general_place_vibe,general_place_vibe,True,False,الفرع,,الفرع,البيتزا,1.3,unreviewed,only ambiguous risky tokens present - needs human judgment,weak,1
hadyelsahar/ar_res_reviews:5388,review_needed,general_place_vibe,general_place_vibe,True,False,المحل,,المحل,البيتزا | الدجاج,1.3,unreviewed,only ambiguous risky tokens present - needs human judgment,weak,1
hadyelsahar/ar_res_reviews:5392,review_needed,general_place_vibe,general_place_vibe,True,False,المطعم,,المطعم,البيتزا,1.3,unreviewed,only ambiguous risky tokens present - needs human judgment,weak,0
hadyelsahar/ar_res_reviews:5393,review_needed,temperature_ac,general_place_vibe | temperature_ac,True,False,المطعم | حار,,المطعم | حار,البيتزا | التوصيل | بطيء,2.6,unreviewed,only ambiguous risky tokens present - needs human judgment,weak,1
hadyelsahar/ar_res_reviews:5394,review_needed,general_place_vibe,general_place_vibe,True,False,المطعم,,المطعم,الدجاج,1.3,unreviewed,only ambiguous risky tokens present - needs human judgment,weak,1
hadyelsahar/ar_res_reviews:5395,review_needed,general_place_vibe,general_place_vibe,True,False,المطعم,,المطعم,البيتزا | الطعم,1.3,unreviewed,only ambiguous risky tokens present - needs human judgment,weak,1
hadyelsahar/ar_res_reviews:5396,review_needed,general_place_vibe,general_place_vibe,True,False,المطعم,,المطعم,,1.3,unreviewed,only ambiguous risky tokens present - needs human judgment,weak,1
hadyelsahar/ar_res_reviews:5398,review_needed,general_place_vibe,general_place_vibe,True,False,المحل | المطعم,,المحل | المطعم,البيتزا,2.6,unreviewed,only ambiguous risky tokens present - needs human judgment,weak,0
hadyelsahar/ar_res_reviews:5400,review_needed,general_place_vibe,general_place_vibe,True,False,المطعم,,المطعم,البيتزا | السعر,1.3,unreviewed,only ambiguous risky tokens present - needs human judgment,weak,1
hadyelsahar/ar_res_reviews:5404,review_needed,general_place_vibe,general_place_vibe,True,False,المطعم,,المطعم,,1.3,unreviewed,only ambiguous risky tokens present - needs human judgment,weak,1
hadyelsahar/ar_res_reviews:5405,review_needed,general_place_vibe,general_place_vibe,True,False,المطعم,,المطعم,الاسعار | البيتزا | التوصيل,1.3,unreviewed,only ambiguous risky tokens present - needs human judgment,weak,1
hadyelsahar/ar_res_reviews:5407,review_needed,general_place_vibe,general_place_vibe,True,False,المطعم,,المطعم,البيتزا,1.3,unreviewed,only ambiguous risky tokens present - needs human judgment,weak,1
hadyelsahar/ar_res_reviews:5410,review_needed,seating_comfort,seating_comfort | general_place_vibe,True,False,الطاوله | المطعم,,الطاوله | المطعم,نسي,2.6,unreviewed,only ambiguous risky tokens present - needs human judgment,weak,1
hadyelsahar/ar_res_reviews:5418,review_needed,,,False,False,زيت,,,طعمها,0.3,unreviewed,only ambiguous risky tokens present - needs human judgment,weak,1
hadyelsahar/ar_res_reviews:5422,review_needed,general_place_vibe,general_place_vibe,True,False,المطعم,,المطعم,,1.3,unreviewed,only ambiguous risky tokens present - needs human judgment,weak,1
hadyelsahar/ar_res_reviews:5425,review_needed,general_place_vibe,general_place_vibe,True,False,المطعم,,المطعم,الشاورما | الطعام,1.3,unreviewed,only ambiguous risky tokens present - needs human judgment,weak,1
hadyelsahar/ar_res_reviews:5429,review_needed,temperature_ac,temperature_ac,True,False,بارد,,بارد,التوصيل,1.3,unreviewed,only ambiguous risky tokens present - needs human judgment,weak,0
hadyelsahar/ar_res_reviews:5432,review_needed,general_place_vibe,general_place_vibe,True,False,المكان,,المكان,,1.3,unreviewed,only ambiguous risky tokens present - needs human judgment,weak,1
hadyelsahar/ar_res_reviews:5433,review_needed,general_place_vibe,general_place_vibe,True,False,قديم,,قديم,,1.3,unreviewed,only ambiguous risky tokens present - needs human judgment,weak,1
hadyelsahar/ar_res_reviews:5445,review_needed,general_place_vibe,general_place_vibe,True,False,المطعم,,المطعم,الشاورما,1.3,unreviewed,only ambiguous risky tokens present - needs human judgment,weak,1
hadyelsahar/ar_res_reviews:5451,review_needed,general_place_vibe,general_place_vibe,True,False,المطعم,,المطعم,,1.3,unreviewed,only ambiguous risky tokens present - needs human judgment,weak,1
hadyelsahar/ar_res_reviews:5453,review_needed,general_place_vibe,general_place_vibe,True,False,المطعم,,المطعم,التوصيل,1.3,unreviewed,only ambiguous risky tokens present - needs human judgment,weak,0
hadyelsahar/ar_res_reviews:5454,review_needed,general_place_vibe,general_place_vibe,True,False,المطعم,,المطعم,الطعم,1.3,unreviewed,only ambiguous risky tokens present - needs human judgment,weak,1
hadyelsahar/ar_res_reviews:5459,review_needed,general_place_vibe,general_place_vibe,True,False,المطعم,,المطعم,الاكل | البيتزا | الشاورما,1.3,unreviewed,only ambiguous risky tokens present - needs human judgment,weak,1
hadyelsahar/ar_res_reviews:5462,review_needed,general_place_vibe,general_place_vibe,True,False,المطعم,,المطعم,,1.3,unreviewed,only ambiguous risky tokens present - needs human judgment,weak,1
hadyelsahar/ar_res_reviews:5467,review_needed,outdoor_view,general_place_vibe | outdoor_view,True,False,المطعم | برا,,المطعم | برا,,2.6,unreviewed,only ambiguous risky tokens present - needs human judgment,weak,0
hadyelsahar/ar_res_reviews:5471,review_needed,general_place_vibe,general_place_vibe,True,False,المطعم,,المطعم,,1.3,unreviewed,only ambiguous risky tokens present - needs human judgment,weak,1
hadyelsahar/ar_res_reviews:5472,review_needed,general_place_vibe,general_place_vibe,True,False,المطعم,,المطعم,,1.3,unreviewed,only ambiguous risky tokens present - needs human judgment,weak,1
hadyelsahar/ar_res_reviews:5475,review_needed,general_place_vibe,general_place_vibe,True,False,المطعم,,المطعم,الطعام,1.3,unreviewed,only ambiguous risky tokens present - needs human judgment,weak,1
hadyelsahar/ar_res_reviews:5477,review_needed,general_place_vibe,general_place_vibe,True,False,المطعم,,المطعم,الاسعار,1.3,unreviewed,only ambiguous risky tokens present - needs human judgment,weak,1
hadyelsahar/ar_res_reviews:5485,review_needed,general_place_vibe,general_place_vibe,True,False,المطعم,,المطعم,خطا,1.3,unreviewed,only ambiguous risky tokens present - needs human judgment,weak,0
hadyelsahar/ar_res_reviews:5486,review_needed,general_place_vibe,general_place_vibe,True,False,المطعم,,المطعم,البرجر,1.3,unreviewed,only ambiguous risky tokens present - needs human judgment,weak,1
hadyelsahar/ar_res_reviews:5489,review_needed,general_place_vibe,general_place_vibe,True,False,المطعم,,المطعم,البرجر | الدجاج | السلطه,1.3,unreviewed,only ambiguous risky tokens present - needs human judgment,weak,1
hadyelsahar/ar_res_reviews:5491,review_needed,general_place_vibe,general_place_vibe,True,False,الفرع,,الفرع,الدجاج | اللحم,1.3,unreviewed,only ambiguous risky tokens present - needs human judgment,weak,1
hadyelsahar/ar_res_reviews:5496,review_needed,general_place_vibe,general_place_vibe,True,False,المطعم,,المطعم,البرجر,1.3,unreviewed,only ambiguous risky tokens present - needs human judgment,weak,1
hadyelsahar/ar_res_reviews:5502,review_needed,general_place_vibe,general_place_vibe,True,False,المطعم,,المطعم,السعر,1.3,unreviewed,only ambiguous risky tokens present - needs human judgment,weak,1
hadyelsahar/ar_res_reviews:5503,review_needed,general_place_vibe,general_place_vibe,True,False,المطعم,,المطعم,,1.3,unreviewed,only ambiguous risky tokens present - needs human judgment,weak,1
hadyelsahar/ar_res_reviews:5511,review_needed,general_place_vibe,general_place_vibe,True,False,المطعم,,المطعم,,1.3,unreviewed,only ambiguous risky tokens present - needs human judgment,weak,1
hadyelsahar/ar_res_reviews:5520,review_needed,general_place_vibe,general_place_vibe,True,False,المطعم,,المطعم,,1.3,unreviewed,only ambiguous risky tokens present - needs human judgment,weak,1
hadyelsahar/ar_res_reviews:5525,review_needed,general_place_vibe,general_place_vibe,True,False,المطعم,,المطعم,غالي,1.3,unreviewed,only ambiguous risky tokens present - needs human judgment,weak,1
hadyelsahar/ar_res_reviews:5535,review_needed,general_place_vibe,general_place_vibe,True,False,المطعم,,المطعم,,1.3,unreviewed,only ambiguous risky tokens present - needs human judgment,weak,1
hadyelsahar/ar_res_reviews:5551,review_needed,general_place_vibe,general_place_vibe,True,False,المطعم,,المطعم,,1.3,unreviewed,only ambiguous risky tokens present - needs human judgment,weak,0
hadyelsahar/ar_res_reviews:5554,review_needed,general_place_vibe,general_place_vibe,True,False,المطعم,,المطعم,,1.3,unreviewed,only ambiguous risky tokens present - needs human judgment,weak,1
hadyelsahar/ar_res_reviews:5568,review_needed,general_place_vibe,general_place_vibe,True,False,المطعم,,المطعم,الاكل,1.3,unreviewed,only ambiguous risky tokens present - needs human judgment,weak,1
hadyelsahar/ar_res_reviews:5575,review_needed,general_place_vibe,general_place_vibe,True,False,المطعم,,المطعم,السعر | النادل | طعمه,1.3,unreviewed,only ambiguous risky tokens present - needs human judgment,weak,0
hadyelsahar/ar_res_reviews:5576,review_needed,general_place_vibe,general_place_vibe,True,False,المكان,,المكان,,1.3,unreviewed,only ambiguous risky tokens present - needs human judgment,weak,1
hadyelsahar/ar_res_reviews:5578,review_needed,general_place_vibe,general_place_vibe,True,False,المطعم,,المطعم,,1.3,unreviewed,only ambiguous risky tokens present - needs human judgment,weak,1
hadyelsahar/ar_res_reviews:5580,review_needed,general_place_vibe,general_place_vibe,True,False,المطعم,,المطعم,,1.3,unreviewed,only ambiguous risky tokens present - needs human judgment,weak,0
hadyelsahar/ar_res_reviews:5589,review_needed,general_place_vibe,general_place_vibe,True,False,المطعم,,المطعم,,1.3,unreviewed,only ambiguous risky tokens present - needs human judgment,weak,1
hadyelsahar/ar_res_reviews:5590,review_needed,general_place_vibe,general_place_vibe,True,False,المطعم,,المطعم,البرجر,1.3,unreviewed,only ambiguous risky tokens present - needs human judgment,weak,1
hadyelsahar/ar_res_reviews:5594,review_needed,general_place_vibe,general_place_vibe,True,False,المكان,,المكان,البرجر,1.3,unreviewed,only ambiguous risky tokens present - needs human judgment,weak,1
hadyelsahar/ar_res_reviews:5596,review_needed,general_place_vibe,general_place_vibe,True,False,المطعم,,المطعم,,1.3,unreviewed,only ambiguous risky tokens present - needs human judgment,weak,1
hadyelsahar/ar_res_reviews:5599,review_needed,temperature_ac,temperature_ac,True,False,حار | حاره,,حار,الاكل | الدجاج | الرز,1.6,unreviewed,only ambiguous risky tokens present - needs human judgment,weak,1
hadyelsahar/ar_res_reviews:5605,review_needed,general_place_vibe,general_place_vibe,True,False,المطعم,,المطعم,الطعم,1.3,unreviewed,only ambiguous risky tokens present - needs human judgment,weak,1
hadyelsahar/ar_res_reviews:5619,review_needed,general_place_vibe,general_place_vibe,True,False,المطعم,,المطعم,,1.3,unreviewed,only ambiguous risky tokens present - needs human judgment,weak,1
hadyelsahar/ar_res_reviews:5622,review_needed,general_place_vibe,general_place_vibe,True,False,المطعم,,المطعم,الاكل | اللحم,1.3,unreviewed,only ambiguous risky tokens present - needs human judgment,weak,1
hadyelsahar/ar_res_reviews:5627,review_needed,general_place_vibe,general_place_vibe,True,False,المطعم,,المطعم,,1.3,unreviewed,only ambiguous risky tokens present - needs human judgment,weak,0
hadyelsahar/ar_res_reviews:5628,review_needed,temperature_ac,temperature_ac,True,False,حار,,حار,الاسعار | الاكل,1.3,unreviewed,only ambiguous risky tokens present - needs human judgment,weak,1
hadyelsahar/ar_res_reviews:5630,review_needed,general_place_vibe,general_place_vibe,True,False,المطعم,,المطعم,الاكل,1.3,unreviewed,only ambiguous risky tokens present - needs human judgment,weak,1
hadyelsahar/ar_res_reviews:5644,review_needed,general_place_vibe,general_place_vibe,True,False,المحل,,المحل,الاكل,1.3,unreviewed,only ambiguous risky tokens present - needs human judgment,weak,0
hadyelsahar/ar_res_reviews:5646,review_needed,general_place_vibe,general_place_vibe,True,False,المطعم,,المطعم,الشاورما | جاهز | طعمه,1.3,unreviewed,only ambiguous risky tokens present - needs human judgment,weak,0
hadyelsahar/ar_res_reviews:5647,review_needed,general_place_vibe,general_place_vibe,True,False,المطعم,,المطعم,الشاورما,1.3,unreviewed,only ambiguous risky tokens present - needs human judgment,weak,0
hadyelsahar/ar_res_reviews:5648,review_needed,general_place_vibe,general_place_vibe,True,False,المطعم,,المطعم,,1.3,unreviewed,only ambiguous risky tokens present - needs human judgment,weak,0
hadyelsahar/ar_res_reviews:5652,review_needed,smell,smell,True,False,ريحه,,ريحه,الدجاج,1.3,unreviewed,only ambiguous risky tokens present - needs human judgment,weak,0
hadyelsahar/ar_res_reviews:5655,review_needed,general_place_vibe,general_place_vibe,True,False,المطعم,,المطعم,الشاورما | اللحم,1.3,unreviewed,only ambiguous risky tokens present - needs human judgment,weak,0
hadyelsahar/ar_res_reviews:5656,review_needed,general_place_vibe,general_place_vibe,True,False,الفرع | المحل | المطعم,,الفرع | المحل | المطعم,,3.9,unreviewed,only ambiguous risky tokens present - needs human judgment,weak,0
hadyelsahar/ar_res_reviews:5659,review_needed,,,False,False,زيت,,,اللحم,0.3,unreviewed,only ambiguous risky tokens present - needs human judgment,weak,1
hadyelsahar/ar_res_reviews:5660,review_needed,,,False,False,زيت,,,,0.3,unreviewed,only ambiguous risky tokens present - needs human judgment,weak,0
hadyelsahar/ar_res_reviews:5661,review_needed,general_place_vibe,general_place_vibe,True,False,المطعم,,المطعم,الشاورما,1.3,unreviewed,only ambiguous risky tokens present - needs human judgment,weak,1
hadyelsahar/ar_res_reviews:5663,review_needed,general_place_vibe,general_place_vibe,True,False,المطعم,,المطعم,,1.3,unreviewed,only ambiguous risky tokens present - needs human judgment,weak,1
hadyelsahar/ar_res_reviews:5671,review_needed,general_place_vibe,general_place_vibe,True,False,المكان,,المكان,الاكل,1.3,unreviewed,only ambiguous risky tokens present - needs human judgment,weak,0
hadyelsahar/ar_res_reviews:5681,review_needed,general_place_vibe,general_place_vibe,True,False,المطعم,,المطعم,,1.3,unreviewed,only ambiguous risky tokens present - needs human judgment,weak,1
hadyelsahar/ar_res_reviews:5688,review_needed,outdoor_view,general_place_vibe | outdoor_view,True,False,المطعم | برا,,المطعم | برا,,2.6,unreviewed,only ambiguous risky tokens present - needs human judgment,weak,0
hadyelsahar/ar_res_reviews:5691,review_needed,general_place_vibe,general_place_vibe,True,False,المكان,,المكان,الاسعار,1.3,unreviewed,only ambiguous risky tokens present - needs human judgment,weak,0
hadyelsahar/ar_res_reviews:5694,review_needed,general_place_vibe,general_place_vibe,True,False,المطعم,,المطعم,,1.3,unreviewed,only ambiguous risky tokens present - needs human judgment,weak,0
hadyelsahar/ar_res_reviews:5695,review_needed,general_place_vibe,general_place_vibe,True,False,الفرع,,الفرع,الطعم,1.3,unreviewed,only ambiguous risky tokens present - needs human judgment,weak,0
hadyelsahar/ar_res_reviews:5701,review_needed,general_place_vibe,general_place_vibe,True,False,المطعم,,المطعم,الطعم,1.3,unreviewed,only ambiguous risky tokens present - needs human judgment,weak,1
hadyelsahar/ar_res_reviews:5703,review_needed,general_place_vibe,general_place_vibe,True,False,المطعم,,المطعم,,1.3,unreviewed,only ambiguous risky tokens present - needs human judgment,weak,1
hadyelsahar/ar_res_reviews:5704,review_needed,general_place_vibe,general_place_vibe,True,False,المطعم,,المطعم,الدجاج | الشاورما,1.3,unreviewed,only ambiguous risky tokens present - needs human judgment,weak,1
hadyelsahar/ar_res_reviews:5714,review_needed,general_place_vibe,general_place_vibe,True,False,المطعم,,المطعم,اللحم,1.3,unreviewed,only ambiguous risky tokens present - needs human judgment,weak,1
hadyelsahar/ar_res_reviews:5715,review_needed,general_place_vibe,general_place_vibe,True,False,المطعم,,المطعم,اللحم,1.3,unreviewed,only ambiguous risky tokens present - needs human judgment,weak,1
hadyelsahar/ar_res_reviews:5724,review_needed,general_place_vibe,general_place_vibe,True,False,المطعم,,المطعم,البيتزا,1.3,unreviewed,only ambiguous risky tokens present - needs human judgment,weak,1
hadyelsahar/ar_res_reviews:5727,review_needed,general_place_vibe,general_place_vibe,True,False,المكان,,المكان,,1.3,unreviewed,only ambiguous risky tokens present - needs human judgment,weak,0
hadyelsahar/ar_res_reviews:5734,review_needed,general_place_vibe,general_place_vibe,True,False,المطعم,,المطعم,,1.3,unreviewed,only ambiguous risky tokens present - needs human judgment,weak,1
hadyelsahar/ar_res_reviews:5739,review_needed,temperature_ac,temperature_ac,True,False,حار,,حار,الاكل | الخبز,1.3,unreviewed,only ambiguous risky tokens present - needs human judgment,weak,0
hadyelsahar/ar_res_reviews:5740,review_needed,general_place_vibe,general_place_vibe,True,False,المطعم,,المطعم,الاكل,1.3,unreviewed,only ambiguous risky tokens present - needs human judgment,weak,1
hadyelsahar/ar_res_reviews:5744,review_needed,general_place_vibe,general_place_vibe,True,False,المطعم | المكان,,المطعم | المكان,الطعام,2.6,unreviewed,only ambiguous risky tokens present - needs human judgment,weak,1
hadyelsahar/ar_res_reviews:5754,review_needed,smell,smell,True,False,رائحه,,رائحه,الرز,1.3,unreviewed,only ambiguous risky tokens present - needs human judgment,weak,0
hadyelsahar/ar_res_reviews:5757,review_needed,general_place_vibe,general_place_vibe,True,False,المطعم,,المطعم,الدجاج | اللحم | طعمه | ناقصه,1.3,unreviewed,only ambiguous risky tokens present - needs human judgment,weak,1
hadyelsahar/ar_res_reviews:5760,review_needed,general_place_vibe,general_place_vibe,True,False,المحل,,المحل,الاسعار,1.3,unreviewed,only ambiguous risky tokens present - needs human judgment,weak,1
hadyelsahar/ar_res_reviews:5761,review_needed,general_place_vibe,general_place_vibe,True,False,المحل,,المحل,طعمه,1.3,unreviewed,only ambiguous risky tokens present - needs human judgment,weak,1
hadyelsahar/ar_res_reviews:5768,review_needed,general_place_vibe,general_place_vibe,True,False,المطعم,,المطعم,الاكل,1.3,unreviewed,only ambiguous risky tokens present - needs human judgment,weak,0
hadyelsahar/ar_res_reviews:5769,review_needed,general_place_vibe,general_place_vibe,True,False,المطعم,,المطعم,,1.3,unreviewed,only ambiguous risky tokens present - needs human judgment,weak,0
hadyelsahar/ar_res_reviews:5779,review_needed,seating_comfort,seating_comfort,True,False,الطاوله,,الطاوله,طعمه | طعمها,1.3,unreviewed,only ambiguous risky tokens present - needs human judgment,weak,0
hadyelsahar/ar_res_reviews:5781,review_needed,general_place_vibe,general_place_vibe,True,False,المطعم,,المطعم,,1.3,unreviewed,only ambiguous risky tokens present - needs human judgment,weak,1
hadyelsahar/ar_res_reviews:5784,review_needed,general_place_vibe,general_place_vibe,True,False,المطعم,,المطعم,الاسعار | الاكل,1.3,unreviewed,only ambiguous risky tokens present - needs human judgment,weak,1
hadyelsahar/ar_res_reviews:5786,review_needed,general_place_vibe,general_place_vibe,True,False,المطعم,,المطعم,,1.3,unreviewed,only ambiguous risky tokens present - needs human judgment,weak,0
hadyelsahar/ar_res_reviews:5792,review_needed,general_place_vibe,general_place_vibe,True,False,المطعم,,المطعم,الدجاج,1.3,unreviewed,only ambiguous risky tokens present - needs human judgment,weak,1
hadyelsahar/ar_res_reviews:5797,review_needed,general_place_vibe,general_place_vibe,True,False,المطعم,,المطعم,الطعم,1.3,unreviewed,only ambiguous risky tokens present - needs human judgment,weak,0
hadyelsahar/ar_res_reviews:5808,review_needed,general_place_vibe,general_place_vibe,True,False,المطعم,,المطعم,الفاتوره,1.3,unreviewed,only ambiguous risky tokens present - needs human judgment,weak,1
hadyelsahar/ar_res_reviews:5811,review_needed,general_place_vibe,general_place_vibe,True,False,المطعم,,المطعم,,1.3,unreviewed,only ambiguous risky tokens present - needs human judgment,weak,0
hadyelsahar/ar_res_reviews:5820,review_needed,temperature_ac,general_place_vibe | temperature_ac,True,False,المكان | بارد | عاليه,,المكان | بارد,الاسعار | الاكل,2.9,unreviewed,only ambiguous risky tokens present - needs human judgment,weak,0
hadyelsahar/ar_res_reviews:5825,review_needed,,,False,False,حاره,,,بايخ,0.3,unreviewed,only ambiguous risky tokens present - needs human judgment,weak,0
hadyelsahar/ar_res_reviews:5827,review_needed,general_place_vibe,general_place_vibe,True,False,المطعم | قديم,,المطعم | قديم,,2.6,unreviewed,only ambiguous risky tokens present - needs human judgment,weak,0
hadyelsahar/ar_res_reviews:5832,review_needed,general_place_vibe,general_place_vibe,True,False,المطعم,,المطعم,الاسعار | الاكل | الشاورما,1.3,unreviewed,only ambiguous risky tokens present - needs human judgment,weak,1
hadyelsahar/ar_res_reviews:5836,review_needed,temperature_ac,seating_comfort | general_place_vibe | temperature_ac,True,False,الطاوله | المكان | بارد | وسخ,,الطاوله | المكان | بارد,الاكل,4.2,unreviewed,only ambiguous risky tokens present - needs human judgment,weak,0
hadyelsahar/ar_res_reviews:5839,review_needed,general_place_vibe,general_place_vibe,True,False,المطعم,,المطعم,,1.3,unreviewed,only ambiguous risky tokens present - needs human judgment,weak,0
hadyelsahar/ar_res_reviews:5852,review_needed,general_place_vibe,general_place_vibe,True,False,المكان,,المكان,البرجر | الطعم,1.3,unreviewed,only ambiguous risky tokens present - needs human judgment,weak,1
hadyelsahar/ar_res_reviews:5856,review_needed,general_place_vibe,general_place_vibe,True,False,الفرع | المحل | المطعم,,الفرع | المحل | المطعم,الاسعار | النكهه,3.9,unreviewed,only ambiguous risky tokens present - needs human judgment,weak,1
hadyelsahar/ar_res_reviews:5868,review_needed,general_place_vibe,general_place_vibe,True,False,المطعم,,المطعم,الاسعار | البرجر,1.3,unreviewed,only ambiguous risky tokens present - needs human judgment,weak,0
hadyelsahar/ar_res_reviews:5871,review_needed,general_place_vibe,general_place_vibe,True,False,المكان,,المكان,الاكل | غالي,1.3,unreviewed,only ambiguous risky tokens present - needs human judgment,weak,0
hadyelsahar/ar_res_reviews:5872,review_needed,general_place_vibe,general_place_vibe,True,False,المطعم,,المطعم,,1.3,unreviewed,only ambiguous risky tokens present - needs human judgment,weak,0
hadyelsahar/ar_res_reviews:5874,review_needed,seating_comfort,seating_comfort,True,False,الطاوله,,الطاوله,الاكل | الخبز,1.3,unreviewed,only ambiguous risky tokens present - needs human judgment,weak,0
hadyelsahar/ar_res_reviews:5878,review_needed,general_place_vibe,general_place_vibe,True,False,المطعم,,المطعم,الشاورما,1.3,unreviewed,only ambiguous risky tokens present - needs human judgment,weak,0
hadyelsahar/ar_res_reviews:5884,review_needed,general_place_vibe,general_place_vibe,True,False,المطعم,,المطعم,الاسعار | غاليه,1.3,unreviewed,only ambiguous risky tokens present - needs human judgment,weak,0
hadyelsahar/ar_res_reviews:5886,review_needed,general_place_vibe,general_place_vibe,True,False,المطعم | زيت,,المطعم,,1.6,unreviewed,only ambiguous risky tokens present - needs human judgment,weak,0
hadyelsahar/ar_res_reviews:5898,review_needed,general_place_vibe,general_place_vibe,True,False,المطعم,,المطعم,غالي,1.3,unreviewed,only ambiguous risky tokens present - needs human judgment,weak,1
hadyelsahar/ar_res_reviews:5904,review_needed,general_place_vibe,general_place_vibe,True,False,المطعم,,المطعم,الاكل,1.3,unreviewed,only ambiguous risky tokens present - needs human judgment,weak,0
hadyelsahar/ar_res_reviews:5905,review_needed,general_place_vibe,general_place_vibe,True,False,المطعم | المكان,,المطعم | المكان,الطعام,2.6,unreviewed,only ambiguous risky tokens present - needs human judgment,weak,0
hadyelsahar/ar_res_reviews:5906,review_needed,general_place_vibe,general_place_vibe,True,False,المطعم,,المطعم,الطعام,1.3,unreviewed,only ambiguous risky tokens present - needs human judgment,weak,1
hadyelsahar/ar_res_reviews:5910,review_needed,general_place_vibe,general_place_vibe,True,False,المطعم,,المطعم,الرز,1.3,unreviewed,only ambiguous risky tokens present - needs human judgment,weak,0
hadyelsahar/ar_res_reviews:5912,review_needed,general_place_vibe,general_place_vibe,True,False,المطعم,,المطعم,الاكل,1.3,unreviewed,only ambiguous risky tokens present - needs human judgment,weak,1
hadyelsahar/ar_res_reviews:5916,review_needed,general_place_vibe,general_place_vibe,True,False,المطعم | قديم,,المطعم | قديم,الاكل,2.6,unreviewed,only ambiguous risky tokens present - needs human judgment,weak,0
hadyelsahar/ar_res_reviews:5920,review_needed,general_place_vibe,general_place_vibe,True,False,المكان,,المكان,,1.3,unreviewed,only ambiguous risky tokens present - needs human judgment,weak,1
hadyelsahar/ar_res_reviews:5925,review_needed,general_place_vibe,general_place_vibe,True,False,المطعم,,المطعم,,1.3,unreviewed,only ambiguous risky tokens present - needs human judgment,weak,0
hadyelsahar/ar_res_reviews:5930,review_needed,general_place_vibe,general_place_vibe,True,False,المطعم,,المطعم,المضيف,1.3,unreviewed,only ambiguous risky tokens present - needs human judgment,weak,0
hadyelsahar/ar_res_reviews:5931,review_needed,general_place_vibe,general_place_vibe,True,False,المطعم,,المطعم,,1.3,unreviewed,only ambiguous risky tokens present - needs human judgment,weak,1
hadyelsahar/ar_res_reviews:5933,review_needed,general_place_vibe,general_place_vibe,True,False,المطعم,,المطعم,البيتزا | التوصيل | الدجاج,1.3,unreviewed,only ambiguous risky tokens present - needs human judgment,weak,1
hadyelsahar/ar_res_reviews:5934,review_needed,general_place_vibe,general_place_vibe,True,False,المطعم,,المطعم,,1.3,unreviewed,only ambiguous risky tokens present - needs human judgment,weak,1
hadyelsahar/ar_res_reviews:5935,review_needed,general_place_vibe,general_place_vibe,True,False,المطعم,,المطعم,,1.3,unreviewed,only ambiguous risky tokens present - needs human judgment,weak,0
hadyelsahar/ar_res_reviews:5942,review_needed,general_place_vibe,general_place_vibe,True,False,المطعم,,المطعم,الاسعار | البيتزا | غاليه,1.3,unreviewed,only ambiguous risky tokens present - needs human judgment,weak,0
hadyelsahar/ar_res_reviews:5943,review_needed,general_place_vibe,general_place_vibe,True,False,المطعم,,المطعم,الدجاج,1.3,unreviewed,only ambiguous risky tokens present - needs human judgment,weak,1
hadyelsahar/ar_res_reviews:5947,review_needed,general_place_vibe,general_place_vibe,True,False,المطعم,,المطعم,البطاطس | السعر | الفاتوره,1.3,unreviewed,only ambiguous risky tokens present - needs human judgment,weak,1
hadyelsahar/ar_res_reviews:5949,review_needed,general_place_vibe,general_place_vibe,True,False,المطعم,,المطعم,البيتزا,1.3,unreviewed,only ambiguous risky tokens present - needs human judgment,weak,1
hadyelsahar/ar_res_reviews:5966,review_needed,general_place_vibe,general_place_vibe,True,False,المحل | زيت,,المحل,الاسعار | الاكل | الطعم,1.6,unreviewed,only ambiguous risky tokens present - needs human judgment,weak,0
hadyelsahar/ar_res_reviews:5968,review_needed,general_place_vibe,general_place_vibe,True,False,المطعم,,المطعم,,1.3,unreviewed,only ambiguous risky tokens present - needs human judgment,weak,0
hadyelsahar/ar_res_reviews:5973,review_needed,general_place_vibe,general_place_vibe,True,False,المحل | المطعم,,المحل | المطعم,اللحم,2.6,unreviewed,only ambiguous risky tokens present - needs human judgment,weak,0
hadyelsahar/ar_res_reviews:5974,review_needed,general_place_vibe,general_place_vibe,True,False,المحل,,المحل,الاكل | البرجر | الوجبه,1.3,unreviewed,only ambiguous risky tokens present - needs human judgment,weak,0
hadyelsahar/ar_res_reviews:5975,review_needed,general_place_vibe,general_place_vibe,True,False,المطعم,,المطعم,,1.3,unreviewed,only ambiguous risky tokens present - needs human judgment,weak,1
hadyelsahar/ar_res_reviews:5976,review_needed,general_place_vibe,general_place_vibe,True,False,المطعم,,المطعم,الاكل,1.3,unreviewed,only ambiguous risky tokens present - needs human judgment,weak,1
hadyelsahar/ar_res_reviews:5979,review_needed,general_place_vibe,general_place_vibe,True,False,المطعم | زيت,,المطعم,الاكل | غالي,1.6,unreviewed,only ambiguous risky tokens present - needs human judgment,weak,0
hadyelsahar/ar_res_reviews:5981,review_needed,general_place_vibe,general_place_vibe,True,False,المطعم,,المطعم,,1.3,unreviewed,only ambiguous risky tokens present - needs human judgment,weak,1
hadyelsahar/ar_res_reviews:5985,review_needed,general_place_vibe,general_place_vibe,True,False,المطعم,,المطعم,,1.3,unreviewed,only ambiguous risky tokens present - needs human judgment,weak,1
hadyelsahar/ar_res_reviews:5987,review_needed,general_place_vibe,general_place_vibe,True,False,المطعم,,المطعم,,1.3,unreviewed,only ambiguous risky tokens present - needs human judgment,weak,1
hadyelsahar/ar_res_reviews:5990,review_needed,,,False,False,عاليه,,,الاسعار | الطعام | غاليه,0.3,unreviewed,only ambiguous risky tokens present - needs human judgment,weak,1
hadyelsahar/ar_res_reviews:5994,review_needed,general_place_vibe,general_place_vibe,True,False,المطعم,,المطعم,,1.3,unreviewed,only ambiguous risky tokens present - needs human judgment,weak,1
hadyelsahar/ar_res_reviews:5996,review_needed,general_place_vibe,general_place_vibe,True,False,المطعم,,المطعم,,1.3,unreviewed,only ambiguous risky tokens present - needs human judgment,weak,0
hadyelsahar/ar_res_reviews:5998,review_needed,temperature_ac,general_place_vibe | temperature_ac,True,False,المطعم | بارد,,المطعم | بارد,,2.6,unreviewed,only ambiguous risky tokens present - needs human judgment,weak,0
hadyelsahar/ar_res_reviews:5999,review_needed,general_place_vibe,general_place_vibe,True,False,المطعم,,المطعم,الرز,1.3,unreviewed,only ambiguous risky tokens present - needs human judgment,weak,1
hadyelsahar/ar_res_reviews:6000,review_needed,general_place_vibe,general_place_vibe,True,False,المطعم | حاره,,المطعم,اللحم,1.6,unreviewed,only ambiguous risky tokens present - needs human judgment,weak,0
hadyelsahar/ar_res_reviews:6003,review_needed,outdoor_view,outdoor_view,True,False,برا,,برا,الوجبه,1.3,unreviewed,only ambiguous risky tokens present - needs human judgment,weak,1
hadyelsahar/ar_res_reviews:6013,review_needed,general_place_vibe,general_place_vibe,True,False,المطعم,,المطعم,,1.3,unreviewed,only ambiguous risky tokens present - needs human judgment,weak,1
hadyelsahar/ar_res_reviews:6022,review_needed,general_place_vibe,general_place_vibe,True,False,المطعم,,المطعم,الخبز,1.3,unreviewed,only ambiguous risky tokens present - needs human judgment,weak,1
hadyelsahar/ar_res_reviews:6023,review_needed,general_place_vibe,general_place_vibe,True,False,المطعم,,المطعم,الخبز,1.3,unreviewed,only ambiguous risky tokens present - needs human judgment,weak,0
hadyelsahar/ar_res_reviews:6027,review_needed,,,False,False,وسخ,,,,0.3,unreviewed,only ambiguous risky tokens present - needs human judgment,weak,0
hadyelsahar/ar_res_reviews:6031,review_needed,temperature_ac,temperature_ac,True,False,بارد,,بارد,الطعم | غالي,1.3,unreviewed,only ambiguous risky tokens present - needs human judgment,weak,1
hadyelsahar/ar_res_reviews:6034,review_needed,general_place_vibe,general_place_vibe,True,False,المطعم,,المطعم,الاكل,1.3,unreviewed,only ambiguous risky tokens present - needs human judgment,weak,1
hadyelsahar/ar_res_reviews:6041,review_needed,general_place_vibe,general_place_vibe,True,False,المطعم,,المطعم,,1.3,unreviewed,only ambiguous risky tokens present - needs human judgment,weak,0
hadyelsahar/ar_res_reviews:6044,review_needed,general_place_vibe,general_place_vibe,True,False,المطعم,,المطعم,الاسعار | الطعم | اللحم | الموظفين,1.3,unreviewed,only ambiguous risky tokens present - needs human judgment,weak,1
hadyelsahar/ar_res_reviews:6045,review_needed,general_place_vibe,general_place_vibe,True,False,المطعم,,المطعم,الاكل | الويتر,1.3,unreviewed,only ambiguous risky tokens present - needs human judgment,weak,1
hadyelsahar/ar_res_reviews:6047,review_needed,general_place_vibe,general_place_vibe,True,False,المطعم,,المطعم,السعر,1.3,unreviewed,only ambiguous risky tokens present - needs human judgment,weak,1
hadyelsahar/ar_res_reviews:6050,review_needed,general_place_vibe,general_place_vibe,True,False,المطعم,,المطعم,اللحمه,1.3,unreviewed,only ambiguous risky tokens present - needs human judgment,weak,1
hadyelsahar/ar_res_reviews:6051,review_needed,general_place_vibe,general_place_vibe,True,False,المطعم,,المطعم,الدجاج | اللحم,1.3,unreviewed,only ambiguous risky tokens present - needs human judgment,weak,1
hadyelsahar/ar_res_reviews:6052,review_needed,general_place_vibe,general_place_vibe,True,False,المطعم,,المطعم,الاكل | جاهز,1.3,unreviewed,only ambiguous risky tokens present - needs human judgment,weak,0
hadyelsahar/ar_res_reviews:6054,review_needed,temperature_ac,general_place_vibe | temperature_ac,True,False,الفرع | حار | زيت,,الفرع | حار,الاسعار | الدجاج | الوجبه | جاهز | طعمه,2.9,unreviewed,only ambiguous risky tokens present - needs human judgment,weak,1
hadyelsahar/ar_res_reviews:6059,review_needed,general_place_vibe,general_place_vibe,True,False,المطعم,,المطعم,جاهز,1.3,unreviewed,only ambiguous risky tokens present - needs human judgment,weak,1
hadyelsahar/ar_res_reviews:6066,review_needed,general_place_vibe,general_place_vibe,True,False,المطعم,,المطعم,,1.3,unreviewed,only ambiguous risky tokens present - needs human judgment,weak,1
hadyelsahar/ar_res_reviews:6072,review_needed,general_place_vibe,general_place_vibe,True,False,الفرع | المطعم | حاره,,الفرع | المطعم,البيتزا | الطعم,2.9,unreviewed,only ambiguous risky tokens present - needs human judgment,weak,1
hadyelsahar/ar_res_reviews:6075,review_needed,general_place_vibe,general_place_vibe,True,False,المطعم,,المطعم,,1.3,unreviewed,only ambiguous risky tokens present - needs human judgment,weak,1
hadyelsahar/ar_res_reviews:6080,review_needed,general_place_vibe,general_place_vibe,True,False,المكان,,المكان,الاسعار | الاكل | الخبز,1.3,unreviewed,only ambiguous risky tokens present - needs human judgment,weak,1
hadyelsahar/ar_res_reviews:6082,review_needed,general_place_vibe,general_place_vibe,True,False,المطعم,,المطعم,الاسعار | الاكل | الرز | السعر,1.3,unreviewed,only ambiguous risky tokens present - needs human judgment,weak,1
hadyelsahar/ar_res_reviews:6086,review_needed,general_place_vibe,general_place_vibe,True,False,المكان,,المكان,الاكل,1.3,unreviewed,only ambiguous risky tokens present - needs human judgment,weak,1
hadyelsahar/ar_res_reviews:6087,review_needed,general_place_vibe,general_place_vibe,True,False,المطعم,,المطعم,,1.3,unreviewed,only ambiguous risky tokens present - needs human judgment,weak,0
hadyelsahar/ar_res_reviews:6101,review_needed,general_place_vibe,general_place_vibe,True,False,المطعم,,المطعم,الاكل,1.3,unreviewed,only ambiguous risky tokens present - needs human judgment,weak,1
hadyelsahar/ar_res_reviews:6103,review_needed,general_place_vibe,general_place_vibe,True,False,المطعم,,المطعم,,1.3,unreviewed,only ambiguous risky tokens present - needs human judgment,weak,0
hadyelsahar/ar_res_reviews:6105,review_needed,general_place_vibe,general_place_vibe,True,False,المكان,,المكان,الدجاج,1.3,unreviewed,only ambiguous risky tokens present - needs human judgment,weak,1
hadyelsahar/ar_res_reviews:6106,review_needed,general_place_vibe,general_place_vibe,True,False,المطعم,,المطعم,الاكل,1.3,unreviewed,only ambiguous risky tokens present - needs human judgment,weak,1
hadyelsahar/ar_res_reviews:6111,review_needed,general_place_vibe,general_place_vibe,True,False,المطعم | عاليه,,المطعم,,1.6,unreviewed,only ambiguous risky tokens present - needs human judgment,weak,1
hadyelsahar/ar_res_reviews:6114,review_needed,general_place_vibe,general_place_vibe,True,False,المطعم,,المطعم,اللحم,1.3,unreviewed,only ambiguous risky tokens present - needs human judgment,weak,1
hadyelsahar/ar_res_reviews:6118,review_needed,general_place_vibe,general_place_vibe,True,False,المطعم,,المطعم,الاسعار | غلط,1.3,unreviewed,only ambiguous risky tokens present - needs human judgment,weak,0
hadyelsahar/ar_res_reviews:6121,review_needed,general_place_vibe,general_place_vibe,True,False,قديم,,قديم,,1.3,unreviewed,only ambiguous risky tokens present - needs human judgment,weak,0
hadyelsahar/ar_res_reviews:6122,review_needed,general_place_vibe,general_place_vibe,True,False,الفرع,,الفرع,,1.3,unreviewed,only ambiguous risky tokens present - needs human judgment,weak,0
hadyelsahar/ar_res_reviews:6125,review_needed,general_place_vibe,general_place_vibe,True,False,المطعم,,المطعم,,1.3,unreviewed,only ambiguous risky tokens present - needs human judgment,weak,1
hadyelsahar/ar_res_reviews:6126,review_needed,general_place_vibe,general_place_vibe,True,False,المكان,,المكان,الاكل | الرز,1.3,unreviewed,only ambiguous risky tokens present - needs human judgment,weak,1
hadyelsahar/ar_res_reviews:6127,review_needed,general_place_vibe,general_place_vibe,True,False,المطعم | المكان,,المطعم | المكان,الاكل,2.6,unreviewed,only ambiguous risky tokens present - needs human judgment,weak,1
hadyelsahar/ar_res_reviews:6130,review_needed,general_place_vibe,general_place_vibe,True,False,المكان,,المكان,الاسعار | الاكل,1.3,unreviewed,only ambiguous risky tokens present - needs human judgment,weak,1
hadyelsahar/ar_res_reviews:6134,review_needed,general_place_vibe,general_place_vibe,True,False,المطعم,,المطعم,,1.3,unreviewed,only ambiguous risky tokens present - needs human judgment,weak,1
hadyelsahar/ar_res_reviews:6135,review_needed,general_place_vibe,general_place_vibe,True,False,المطعم,,المطعم,الرز | طعمه,1.3,unreviewed,only ambiguous risky tokens present - needs human judgment,weak,1
hadyelsahar/ar_res_reviews:6137,review_needed,general_place_vibe,general_place_vibe,True,False,المطعم,,المطعم,,1.3,unreviewed,only ambiguous risky tokens present - needs human judgment,weak,1
hadyelsahar/ar_res_reviews:6141,review_needed,general_place_vibe,general_place_vibe,True,False,المطعم,,المطعم,,1.3,unreviewed,only ambiguous risky tokens present - needs human judgment,weak,0
hadyelsahar/ar_res_reviews:6142,review_needed,general_place_vibe,general_place_vibe,True,False,المطعم,,المطعم,الاسعار,1.3,unreviewed,only ambiguous risky tokens present - needs human judgment,weak,1
hadyelsahar/ar_res_reviews:6143,review_needed,general_place_vibe,general_place_vibe,True,False,المطعم,,المطعم,,1.3,unreviewed,only ambiguous risky tokens present - needs human judgment,weak,1
hadyelsahar/ar_res_reviews:6148,review_needed,,,False,False,بارده,,,الكاشير,0.3,unreviewed,only ambiguous risky tokens present - needs human judgment,weak,0
hadyelsahar/ar_res_reviews:6156,review_needed,general_place_vibe,general_place_vibe,True,False,المحل | المطعم,,المحل | المطعم,,2.6,unreviewed,only ambiguous risky tokens present - needs human judgment,weak,0
hadyelsahar/ar_res_reviews:6157,review_needed,general_place_vibe,general_place_vibe,True,False,المطعم,,المطعم,الخبز | السلطه | الطعام | الطعم | الفاتوره | حشره,1.3,unreviewed,only ambiguous risky tokens present - needs human judgment,weak,0
hadyelsahar/ar_res_reviews:6165,review_needed,general_place_vibe,general_place_vibe,True,False,المطعم | المكان,,المطعم | المكان,,2.6,unreviewed,only ambiguous risky tokens present - needs human judgment,weak,1
hadyelsahar/ar_res_reviews:6172,review_needed,,,False,False,عاليه,,,,0.3,unreviewed,only ambiguous risky tokens present - needs human judgment,weak,1
hadyelsahar/ar_res_reviews:6176,review_needed,,,False,False,وسخ,,,الاكل,0.3,unreviewed,only ambiguous risky tokens present - needs human judgment,weak,0
hadyelsahar/ar_res_reviews:6183,review_needed,seating_comfort,seating_comfort | general_place_vibe,True,False,الطاوله | المطعم,,الطاوله | المطعم,الاكل,2.6,unreviewed,only ambiguous risky tokens present - needs human judgment,weak,0
hadyelsahar/ar_res_reviews:6187,review_needed,,,False,False,زيت,,,,0.3,unreviewed,only ambiguous risky tokens present - needs human judgment,weak,0
hadyelsahar/ar_res_reviews:6190,review_needed,general_place_vibe,general_place_vibe,True,False,المكان,,المكان,البرجر,1.3,unreviewed,only ambiguous risky tokens present - needs human judgment,weak,1
hadyelsahar/ar_res_reviews:6192,review_needed,,,False,False,زيت,,,البرجر | البطاطس | السعر | غالي,0.3,unreviewed,only ambiguous risky tokens present - needs human judgment,weak,0
hadyelsahar/ar_res_reviews:6195,review_needed,,,False,False,زيت,,,,0.3,unreviewed,only ambiguous risky tokens present - needs human judgment,weak,1
hadyelsahar/ar_res_reviews:6197,review_needed,,,False,False,زيت,,,طعمه,0.3,unreviewed,only ambiguous risky tokens present - needs human judgment,weak,1
hadyelsahar/ar_res_reviews:6209,review_needed,general_place_vibe,general_place_vibe,True,False,المطعم,,المطعم,,1.3,unreviewed,only ambiguous risky tokens present - needs human judgment,weak,1
hadyelsahar/ar_res_reviews:6210,review_needed,general_place_vibe,general_place_vibe,True,False,المطعم,,المطعم,الاكل | الموظفين,1.3,unreviewed,only ambiguous risky tokens present - needs human judgment,weak,1
hadyelsahar/ar_res_reviews:6213,review_needed,general_place_vibe,general_place_vibe,True,False,المطعم,,المطعم,الاسعار,1.3,unreviewed,only ambiguous risky tokens present - needs human judgment,weak,1
hadyelsahar/ar_res_reviews:6223,review_needed,general_place_vibe,general_place_vibe,True,False,المطعم,,المطعم,الاسعار | الاكل | غاليه,1.3,unreviewed,only ambiguous risky tokens present - needs human judgment,weak,1
hadyelsahar/ar_res_reviews:6235,review_needed,temperature_ac,general_place_vibe | temperature_ac,True,False,المطعم | المكان | حار,,المطعم | المكان | حار,الاكل | اللحم | النادل,3.9,unreviewed,only ambiguous risky tokens present - needs human judgment,weak,1
hadyelsahar/ar_res_reviews:6238,review_needed,general_place_vibe,general_place_vibe,True,False,المكان,,المكان,الاكل,1.3,unreviewed,only ambiguous risky tokens present - needs human judgment,weak,1
hadyelsahar/ar_res_reviews:6239,review_needed,general_place_vibe,general_place_vibe,True,False,المطعم,,المطعم,الاكل,1.3,unreviewed,only ambiguous risky tokens present - needs human judgment,weak,1
hadyelsahar/ar_res_reviews:6244,review_needed,general_place_vibe,general_place_vibe,True,False,المطعم,,المطعم,,1.3,unreviewed,only ambiguous risky tokens present - needs human judgment,weak,1
hadyelsahar/ar_res_reviews:6253,review_needed,general_place_vibe,general_place_vibe,True,False,المطعم,,المطعم,الاكل | غالي,1.3,unreviewed,only ambiguous risky tokens present - needs human judgment,weak,1
hadyelsahar/ar_res_reviews:6256,review_needed,general_place_vibe,general_place_vibe,True,False,المطعم,,المطعم,,1.3,unreviewed,only ambiguous risky tokens present - needs human judgment,weak,1
hadyelsahar/ar_res_reviews:6257,review_needed,general_place_vibe,general_place_vibe,True,False,المطعم,,المطعم,,1.3,unreviewed,only ambiguous risky tokens present - needs human judgment,weak,1
hadyelsahar/ar_res_reviews:6259,review_needed,general_place_vibe,general_place_vibe,True,False,المطعم,,المطعم,اللحم,1.3,unreviewed,only ambiguous risky tokens present - needs human judgment,weak,1
hadyelsahar/ar_res_reviews:6265,review_needed,general_place_vibe,general_place_vibe,True,False,المطعم,,المطعم,الدجاج,1.3,unreviewed,only ambiguous risky tokens present - needs human judgment,weak,1
hadyelsahar/ar_res_reviews:6266,review_needed,general_place_vibe,general_place_vibe,True,False,المطعم,,المطعم,الاكل | طعمها,1.3,unreviewed,only ambiguous risky tokens present - needs human judgment,weak,1
hadyelsahar/ar_res_reviews:6280,review_needed,general_place_vibe,general_place_vibe,True,False,المطعم,,المطعم,,1.3,unreviewed,only ambiguous risky tokens present - needs human judgment,weak,1
hadyelsahar/ar_res_reviews:6295,review_needed,general_place_vibe,general_place_vibe,True,False,المطعم,,المطعم,الاكل,1.3,unreviewed,only ambiguous risky tokens present - needs human judgment,weak,1
hadyelsahar/ar_res_reviews:6296,review_needed,general_place_vibe,general_place_vibe,True,False,المطعم | حاره,,المطعم,السعر,1.6,unreviewed,only ambiguous risky tokens present - needs human judgment,weak,1
hadyelsahar/ar_res_reviews:6300,review_needed,general_place_vibe,general_place_vibe,True,False,المطعم,,المطعم,,1.3,unreviewed,only ambiguous risky tokens present - needs human judgment,weak,1
hadyelsahar/ar_res_reviews:6301,review_needed,general_place_vibe,general_place_vibe,True,False,المطعم,,المطعم,الاكل,1.3,unreviewed,only ambiguous risky tokens present - needs human judgment,weak,1
hadyelsahar/ar_res_reviews:6319,review_needed,general_place_vibe,general_place_vibe,True,False,المطعم,,المطعم,,1.3,unreviewed,only ambiguous risky tokens present - needs human judgment,weak,1
hadyelsahar/ar_res_reviews:6323,review_needed,temperature_ac,temperature_ac,True,False,بارد,,بارد,الخبز | الرز | الطعم,1.3,unreviewed,only ambiguous risky tokens present - needs human judgment,weak,1
hadyelsahar/ar_res_reviews:6325,review_needed,general_place_vibe,general_place_vibe,True,False,المطعم,,المطعم,الرز,1.3,unreviewed,only ambiguous risky tokens present - needs human judgment,weak,0
hadyelsahar/ar_res_reviews:6328,review_needed,general_place_vibe,general_place_vibe,True,False,المطعم,,المطعم,,1.3,unreviewed,only ambiguous risky tokens present - needs human judgment,weak,0
hadyelsahar/ar_res_reviews:6337,review_needed,general_place_vibe,general_place_vibe,True,False,المطعم,,المطعم,,1.3,unreviewed,only ambiguous risky tokens present - needs human judgment,weak,1
hadyelsahar/ar_res_reviews:6340,review_needed,,,False,False,قديمه,,,الاسعار,0.3,unreviewed,only ambiguous risky tokens present - needs human judgment,weak,0
hadyelsahar/ar_res_reviews:6346,review_needed,general_place_vibe,general_place_vibe,True,False,المطعم,,المطعم,,1.3,unreviewed,only ambiguous risky tokens present - needs human judgment,weak,1
hadyelsahar/ar_res_reviews:6347,review_needed,general_place_vibe,general_place_vibe,True,False,المحل,,المحل,السعر | الطعم,1.3,unreviewed,only ambiguous risky tokens present - needs human judgment,weak,1
hadyelsahar/ar_res_reviews:6349,review_needed,general_place_vibe,general_place_vibe,True,False,المطعم,,المطعم,الطعم,1.3,unreviewed,only ambiguous risky tokens present - needs human judgment,weak,0
hadyelsahar/ar_res_reviews:6350,review_needed,general_place_vibe,general_place_vibe,True,False,المطعم,,المطعم,,1.3,unreviewed,only ambiguous risky tokens present - needs human judgment,weak,1
hadyelsahar/ar_res_reviews:6356,review_needed,,,False,False,حاره,,,الطعم | مالح,0.3,unreviewed,only ambiguous risky tokens present - needs human judgment,weak,0
hadyelsahar/ar_res_reviews:6363,review_needed,general_place_vibe,general_place_vibe,True,False,المطعم,,المطعم,,1.3,unreviewed,only ambiguous risky tokens present - needs human judgment,weak,0
hadyelsahar/ar_res_reviews:6364,review_needed,general_place_vibe,general_place_vibe,True,False,المطعم,,المطعم,,1.3,unreviewed,only ambiguous risky tokens present - needs human judgment,weak,0
hadyelsahar/ar_res_reviews:6365,review_needed,general_place_vibe,general_place_vibe,True,False,المطعم,,المطعم,الاكل | السعر | الموظفين,1.3,unreviewed,only ambiguous risky tokens present - needs human judgment,weak,0
hadyelsahar/ar_res_reviews:6368,review_needed,general_place_vibe,general_place_vibe,True,False,المطعم,,المطعم,,1.3,unreviewed,only ambiguous risky tokens present - needs human judgment,weak,0
hadyelsahar/ar_res_reviews:6370,review_needed,general_place_vibe,general_place_vibe,True,False,المكان,,المكان,,1.3,unreviewed,only ambiguous risky tokens present - needs human judgment,weak,1
hadyelsahar/ar_res_reviews:6371,review_needed,general_place_vibe,general_place_vibe,True,False,المطعم,,المطعم,الرز,1.3,unreviewed,only ambiguous risky tokens present - needs human judgment,weak,1
hadyelsahar/ar_res_reviews:6376,review_needed,general_place_vibe,general_place_vibe,True,False,المحل | المطعم,,المحل | المطعم,الشاورما,2.6,unreviewed,only ambiguous risky tokens present - needs human judgment,weak,1
hadyelsahar/ar_res_reviews:6378,review_needed,general_place_vibe,general_place_vibe,True,False,المطعم,,المطعم,الطعم,1.3,unreviewed,only ambiguous risky tokens present - needs human judgment,weak,1
hadyelsahar/ar_res_reviews:6382,review_needed,general_place_vibe,general_place_vibe,True,False,المحل,,المحل,الدجاج | الشاورما | اللحم,1.3,unreviewed,only ambiguous risky tokens present - needs human judgment,weak,1
hadyelsahar/ar_res_reviews:6384,review_needed,general_place_vibe,general_place_vibe,True,False,المطعم,,المطعم,الشاورما,1.3,unreviewed,only ambiguous risky tokens present - needs human judgment,weak,0
hadyelsahar/ar_res_reviews:6387,review_needed,general_place_vibe,general_place_vibe,True,False,المطعم,,المطعم,الشاورما,1.3,unreviewed,only ambiguous risky tokens present - needs human judgment,weak,1
hadyelsahar/ar_res_reviews:6414,review_needed,general_place_vibe,general_place_vibe,True,False,المطعم,,المطعم,,1.3,unreviewed,only ambiguous risky tokens present - needs human judgment,weak,0
hadyelsahar/ar_res_reviews:6416,review_needed,general_place_vibe,general_place_vibe,True,False,المطعم,,المطعم,الشاورما,1.3,unreviewed,only ambiguous risky tokens present - needs human judgment,weak,0
hadyelsahar/ar_res_reviews:6418,review_needed,general_place_vibe,general_place_vibe,True,False,المطعم,,المطعم,اللحم,1.3,unreviewed,only ambiguous risky tokens present - needs human judgment,weak,1
hadyelsahar/ar_res_reviews:6422,review_needed,general_place_vibe,general_place_vibe,True,False,المطعم,,المطعم,الخبز | الدجاج,1.3,unreviewed,only ambiguous risky tokens present - needs human judgment,weak,1
hadyelsahar/ar_res_reviews:6424,review_needed,general_place_vibe,general_place_vibe,True,False,المطعم | المكان,,المطعم | المكان,الاكل | الطعم,2.6,unreviewed,only ambiguous risky tokens present - needs human judgment,weak,1
hadyelsahar/ar_res_reviews:6425,review_needed,general_place_vibe,general_place_vibe,True,False,المطعم,,المطعم,,1.3,unreviewed,only ambiguous risky tokens present - needs human judgment,weak,1
hadyelsahar/ar_res_reviews:6427,review_needed,general_place_vibe,general_place_vibe,True,False,المطعم,,المطعم,طعمها | طلبات,1.3,unreviewed,only ambiguous risky tokens present - needs human judgment,weak,1
hadyelsahar/ar_res_reviews:6430,review_needed,general_place_vibe,general_place_vibe,True,False,المطعم,,المطعم,الدجاج,1.3,unreviewed,only ambiguous risky tokens present - needs human judgment,weak,1
hadyelsahar/ar_res_reviews:6436,review_needed,general_place_vibe,general_place_vibe,True,False,المطعم,,المطعم,,1.3,unreviewed,only ambiguous risky tokens present - needs human judgment,weak,1
hadyelsahar/ar_res_reviews:6439,review_needed,general_place_vibe,general_place_vibe,True,False,المطعم,,المطعم,,1.3,unreviewed,only ambiguous risky tokens present - needs human judgment,weak,0
hadyelsahar/ar_res_reviews:6442,review_needed,general_place_vibe,general_place_vibe,True,False,المطعم,,المطعم,,1.3,unreviewed,only ambiguous risky tokens present - needs human judgment,weak,0
hadyelsahar/ar_res_reviews:6446,review_needed,general_place_vibe,general_place_vibe,True,False,المطعم | عاليه,,المطعم,الاكل | الطعام,1.6,unreviewed,only ambiguous risky tokens present - needs human judgment,weak,1
hadyelsahar/ar_res_reviews:6447,review_needed,temperature_ac,temperature_ac,True,False,بارد,,بارد,,1.3,unreviewed,only ambiguous risky tokens present - needs human judgment,weak,0
hadyelsahar/ar_res_reviews:6449,review_needed,general_place_vibe,general_place_vibe,True,False,الفرع,,الفرع,الطعم,1.3,unreviewed,only ambiguous risky tokens present - needs human judgment,weak,1
hadyelsahar/ar_res_reviews:6464,review_needed,general_place_vibe,general_place_vibe,True,False,المطعم,,المطعم,,1.3,unreviewed,only ambiguous risky tokens present - needs human judgment,weak,1
hadyelsahar/ar_res_reviews:6467,review_needed,general_place_vibe,general_place_vibe,True,False,المطعم,,المطعم,,1.3,unreviewed,only ambiguous risky tokens present - needs human judgment,weak,1
hadyelsahar/ar_res_reviews:6479,review_needed,general_place_vibe,general_place_vibe,True,False,المطعم,,المطعم,,1.3,unreviewed,only ambiguous risky tokens present - needs human judgment,weak,1
hadyelsahar/ar_res_reviews:6480,review_needed,general_place_vibe,general_place_vibe,True,False,المطعم,,المطعم,,1.3,unreviewed,only ambiguous risky tokens present - needs human judgment,weak,1
hadyelsahar/ar_res_reviews:6486,review_needed,general_place_vibe,general_place_vibe,True,False,المطعم,,المطعم,التوصيل,1.3,unreviewed,only ambiguous risky tokens present - needs human judgment,weak,1
hadyelsahar/ar_res_reviews:6499,review_needed,general_place_vibe,general_place_vibe,True,False,المطعم,,المطعم,غاليه,1.3,unreviewed,only ambiguous risky tokens present - needs human judgment,weak,1
hadyelsahar/ar_res_reviews:6500,review_needed,general_place_vibe,general_place_vibe,True,False,المطعم,,المطعم,,1.3,unreviewed,only ambiguous risky tokens present - needs human judgment,weak,1
hadyelsahar/ar_res_reviews:6510,review_needed,general_place_vibe,general_place_vibe,True,False,المطعم,,المطعم,,1.3,unreviewed,only ambiguous risky tokens present - needs human judgment,weak,1
hadyelsahar/ar_res_reviews:6516,review_needed,temperature_ac,temperature_ac,True,False,حار,,حار,,1.3,unreviewed,only ambiguous risky tokens present - needs human judgment,weak,1
hadyelsahar/ar_res_reviews:6518,review_needed,general_place_vibe,general_place_vibe,True,False,الفرع | المطعم,,الفرع | المطعم,الرز | الموظفين,2.6,unreviewed,only ambiguous risky tokens present - needs human judgment,weak,0
hadyelsahar/ar_res_reviews:6521,review_needed,general_place_vibe,general_place_vibe,True,False,المطعم,,المطعم,الاكل | الموظفين,1.3,unreviewed,only ambiguous risky tokens present - needs human judgment,weak,0
hadyelsahar/ar_res_reviews:6526,review_needed,general_place_vibe,general_place_vibe,True,False,المطعم,,المطعم,اللحم,1.3,unreviewed,only ambiguous risky tokens present - needs human judgment,weak,1
hadyelsahar/ar_res_reviews:6531,review_needed,general_place_vibe,general_place_vibe,True,False,المطعم,,المطعم,,1.3,unreviewed,only ambiguous risky tokens present - needs human judgment,weak,1
hadyelsahar/ar_res_reviews:6532,review_needed,general_place_vibe,general_place_vibe,True,False,المحل,,المحل,,1.3,unreviewed,only ambiguous risky tokens present - needs human judgment,weak,1
hadyelsahar/ar_res_reviews:6534,review_needed,general_place_vibe,general_place_vibe,True,False,المطعم,,المطعم,الاسعار | البرجر | البطاطس | اللحم,1.3,unreviewed,only ambiguous risky tokens present - needs human judgment,weak,1
hadyelsahar/ar_res_reviews:6535,review_needed,general_place_vibe,general_place_vibe,True,False,المحل | المطعم,,المحل | المطعم,الكاشير | انتظرت,2.6,unreviewed,only ambiguous risky tokens present - needs human judgment,weak,1
hadyelsahar/ar_res_reviews:6536,review_needed,general_place_vibe,general_place_vibe,True,False,المطعم,,المطعم,,1.3,unreviewed,only ambiguous risky tokens present - needs human judgment,weak,0
hadyelsahar/ar_res_reviews:6538,review_needed,general_place_vibe,general_place_vibe,True,False,المطعم,,المطعم,الخبز | اللحم,1.3,unreviewed,only ambiguous risky tokens present - needs human judgment,weak,1
hadyelsahar/ar_res_reviews:6539,review_needed,general_place_vibe,general_place_vibe,True,False,المحل,,المحل,,1.3,unreviewed,only ambiguous risky tokens present - needs human judgment,weak,0
hadyelsahar/ar_res_reviews:6547,review_needed,general_place_vibe,general_place_vibe,True,False,المطعم,,المطعم,,1.3,unreviewed,only ambiguous risky tokens present - needs human judgment,weak,1
hadyelsahar/ar_res_reviews:6553,review_needed,general_place_vibe,general_place_vibe,True,False,المطعم,,المطعم,,1.3,unreviewed,only ambiguous risky tokens present - needs human judgment,weak,1
hadyelsahar/ar_res_reviews:6556,review_needed,general_place_vibe,general_place_vibe,True,False,المطعم,,المطعم,الشاورما,1.3,unreviewed,only ambiguous risky tokens present - needs human judgment,weak,1
hadyelsahar/ar_res_reviews:6560,review_needed,general_place_vibe,general_place_vibe,True,False,المطعم,,المطعم,الدجاج | السلطه | الشاورما,1.3,unreviewed,only ambiguous risky tokens present - needs human judgment,weak,0
hadyelsahar/ar_res_reviews:6564,review_needed,general_place_vibe,general_place_vibe,True,False,المطعم,,المطعم,,1.3,unreviewed,only ambiguous risky tokens present - needs human judgment,weak,1
hadyelsahar/ar_res_reviews:6567,review_needed,general_place_vibe,general_place_vibe,True,False,المطعم,,المطعم,,1.3,unreviewed,only ambiguous risky tokens present - needs human judgment,weak,0
hadyelsahar/ar_res_reviews:6570,review_needed,smell,smell,True,False,ريحه,,ريحه,الاكل | اللحم,1.3,unreviewed,only ambiguous risky tokens present - needs human judgment,weak,0
hadyelsahar/ar_res_reviews:6577,review_needed,general_place_vibe,general_place_vibe,True,False,المطعم,,المطعم,,1.3,unreviewed,only ambiguous risky tokens present - needs human judgment,weak,1
hadyelsahar/ar_res_reviews:6579,review_needed,general_place_vibe,general_place_vibe,True,False,المطعم,,المطعم,الاكل,1.3,unreviewed,only ambiguous risky tokens present - needs human judgment,weak,0
hadyelsahar/ar_res_reviews:6592,review_needed,,,False,False,عاليه,,,,0.3,unreviewed,only ambiguous risky tokens present - needs human judgment,weak,1
hadyelsahar/ar_res_reviews:6595,review_needed,general_place_vibe,general_place_vibe,True,False,المطعم,,المطعم,,1.3,unreviewed,only ambiguous risky tokens present - needs human judgment,weak,1
hadyelsahar/ar_res_reviews:6599,review_needed,general_place_vibe,general_place_vibe,True,False,المحل,,المحل,طعمها,1.3,unreviewed,only ambiguous risky tokens present - needs human judgment,weak,1
hadyelsahar/ar_res_reviews:6616,review_needed,general_place_vibe,general_place_vibe,True,False,المطعم,,المطعم,الطعم,1.3,unreviewed,only ambiguous risky tokens present - needs human judgment,weak,0
hadyelsahar/ar_res_reviews:6627,review_needed,general_place_vibe,general_place_vibe,True,False,المكان,,المكان,,1.3,unreviewed,only ambiguous risky tokens present - needs human judgment,weak,1
hadyelsahar/ar_res_reviews:6628,review_needed,temperature_ac,general_place_vibe | temperature_ac,True,False,المطعم | بارد,,المطعم | بارد,الدجاج,2.6,unreviewed,only ambiguous risky tokens present - needs human judgment,weak,1
hadyelsahar/ar_res_reviews:6633,review_needed,outdoor_view,general_place_vibe | outdoor_view,True,False,المطعم | برا,,المطعم | برا,البيتزا,2.6,unreviewed,only ambiguous risky tokens present - needs human judgment,weak,0
hadyelsahar/ar_res_reviews:6636,review_needed,general_place_vibe,general_place_vibe,True,False,المطعم,,المطعم,,1.3,unreviewed,only ambiguous risky tokens present - needs human judgment,weak,1
hadyelsahar/ar_res_reviews:6641,review_needed,general_place_vibe,general_place_vibe,True,False,المطعم,,المطعم,الاكل | طعمها,1.3,unreviewed,only ambiguous risky tokens present - needs human judgment,weak,1
hadyelsahar/ar_res_reviews:6642,review_needed,seating_comfort,seating_comfort | outdoor_view,True,False,الطاوله | برا,,الطاوله | برا,صراصير,2.6,unreviewed,only ambiguous risky tokens present - needs human judgment,weak,0
hadyelsahar/ar_res_reviews:6643,review_needed,general_place_vibe,general_place_vibe,True,False,المطعم,,المطعم,,1.3,unreviewed,only ambiguous risky tokens present - needs human judgment,weak,1
hadyelsahar/ar_res_reviews:6644,review_needed,general_place_vibe,general_place_vibe,True,False,المكان,,المكان,الطعم,1.3,unreviewed,only ambiguous risky tokens present - needs human judgment,weak,0
hadyelsahar/ar_res_reviews:6646,review_needed,general_place_vibe,general_place_vibe,True,False,المكان,,المكان,الاسعار | الاكل,1.3,unreviewed,only ambiguous risky tokens present - needs human judgment,weak,1
hadyelsahar/ar_res_reviews:6648,review_needed,general_place_vibe,general_place_vibe,True,False,المطعم,,المطعم,,1.3,unreviewed,only ambiguous risky tokens present - needs human judgment,weak,0
hadyelsahar/ar_res_reviews:6660,review_needed,,,False,False,زيت,,,الاكل | البطاطس | الطعم | الوجبه,0.3,unreviewed,only ambiguous risky tokens present - needs human judgment,weak,1
hadyelsahar/ar_res_reviews:6662,review_needed,outdoor_view,outdoor_view,True,False,برا,,برا,السعر | الوجبه,1.3,unreviewed,only ambiguous risky tokens present - needs human judgment,weak,1
hadyelsahar/ar_res_reviews:6665,review_needed,general_place_vibe,general_place_vibe,True,False,المطعم,,المطعم,البطاطس,1.3,unreviewed,only ambiguous risky tokens present - needs human judgment,weak,1
hadyelsahar/ar_res_reviews:6666,review_needed,,,False,False,زيت,,,الاكل,0.3,unreviewed,only ambiguous risky tokens present - needs human judgment,weak,0
hadyelsahar/ar_res_reviews:6673,review_needed,general_place_vibe,general_place_vibe,True,False,المكان,,المكان,,1.3,unreviewed,only ambiguous risky tokens present - needs human judgment,weak,1
hadyelsahar/ar_res_reviews:6676,review_needed,general_place_vibe,general_place_vibe,True,False,المطعم,,المطعم,,1.3,unreviewed,only ambiguous risky tokens present - needs human judgment,weak,1
hadyelsahar/ar_res_reviews:6681,review_needed,general_place_vibe,general_place_vibe,True,False,المطعم,,المطعم,,1.3,unreviewed,only ambiguous risky tokens present - needs human judgment,weak,1
hadyelsahar/ar_res_reviews:6684,review_needed,general_place_vibe,general_place_vibe,True,False,المطعم,,المطعم,,1.3,unreviewed,only ambiguous risky tokens present - needs human judgment,weak,0
hadyelsahar/ar_res_reviews:6688,review_needed,general_place_vibe,general_place_vibe,True,False,المكان,,المكان,,1.3,unreviewed,only ambiguous risky tokens present - needs human judgment,weak,1
hadyelsahar/ar_res_reviews:6692,review_needed,general_place_vibe,general_place_vibe,True,False,المطعم,,المطعم,,1.3,unreviewed,only ambiguous risky tokens present - needs human judgment,weak,1
hadyelsahar/ar_res_reviews:6693,review_needed,general_place_vibe,general_place_vibe,True,False,المطعم,,المطعم,,1.3,unreviewed,only ambiguous risky tokens present - needs human judgment,weak,1
hadyelsahar/ar_res_reviews:6697,review_needed,general_place_vibe,general_place_vibe,True,False,المطعم,,المطعم,,1.3,unreviewed,only ambiguous risky tokens present - needs human judgment,weak,1
hadyelsahar/ar_res_reviews:6699,review_needed,general_place_vibe,general_place_vibe,True,False,المحل,,المحل,اللحم,1.3,unreviewed,only ambiguous risky tokens present - needs human judgment,weak,1
hadyelsahar/ar_res_reviews:6700,review_needed,general_place_vibe,general_place_vibe,True,False,المطعم,,المطعم,الشاورما | الطعم,1.3,unreviewed,only ambiguous risky tokens present - needs human judgment,weak,0
hadyelsahar/ar_res_reviews:6705,review_needed,general_place_vibe,general_place_vibe,True,False,المطعم | زيت,,المطعم,,1.6,unreviewed,only ambiguous risky tokens present - needs human judgment,weak,1
hadyelsahar/ar_res_reviews:6706,review_needed,general_place_vibe,general_place_vibe,True,False,المطعم,,المطعم,,1.3,unreviewed,only ambiguous risky tokens present - needs human judgment,weak,1
hadyelsahar/ar_res_reviews:6714,review_needed,general_place_vibe,general_place_vibe,True,False,المطعم,,المطعم,,1.3,unreviewed,only ambiguous risky tokens present - needs human judgment,weak,0
hadyelsahar/ar_res_reviews:6715,review_needed,general_place_vibe,general_place_vibe,True,False,المطعم,,المطعم,,1.3,unreviewed,only ambiguous risky tokens present - needs human judgment,weak,1
hadyelsahar/ar_res_reviews:6716,review_needed,general_place_vibe,general_place_vibe,True,False,المحل,,المحل,الاكل,1.3,unreviewed,only ambiguous risky tokens present - needs human judgment,weak,1
hadyelsahar/ar_res_reviews:6718,review_needed,general_place_vibe,general_place_vibe,True,False,المكان,,المكان,,1.3,unreviewed,only ambiguous risky tokens present - needs human judgment,weak,1
hadyelsahar/ar_res_reviews:6720,review_needed,temperature_ac,temperature_ac,True,False,بارد,,بارد,,1.3,unreviewed,only ambiguous risky tokens present - needs human judgment,weak,0
hadyelsahar/ar_res_reviews:6722,review_needed,general_place_vibe,general_place_vibe,True,False,المكان,,المكان,,1.3,unreviewed,only ambiguous risky tokens present - needs human judgment,weak,1
hadyelsahar/ar_res_reviews:6732,review_needed,general_place_vibe,general_place_vibe,True,False,المحل | المطعم,,المحل | المطعم,الخبز,2.6,unreviewed,only ambiguous risky tokens present - needs human judgment,weak,1
hadyelsahar/ar_res_reviews:6743,review_needed,general_place_vibe,general_place_vibe,True,False,المطعم,,المطعم,,1.3,unreviewed,only ambiguous risky tokens present - needs human judgment,weak,1
hadyelsahar/ar_res_reviews:6749,review_needed,temperature_ac,temperature_ac,True,False,بارد,,بارد,الاكل,1.3,unreviewed,only ambiguous risky tokens present - needs human judgment,weak,0
hadyelsahar/ar_res_reviews:6756,review_needed,general_place_vibe,general_place_vibe,True,False,المطعم,,المطعم,اللحم,1.3,unreviewed,only ambiguous risky tokens present - needs human judgment,weak,1
hadyelsahar/ar_res_reviews:6766,review_needed,general_place_vibe,general_place_vibe,True,False,المطعم,,المطعم,الكاشير,1.3,unreviewed,only ambiguous risky tokens present - needs human judgment,weak,1
hadyelsahar/ar_res_reviews:6769,review_needed,general_place_vibe,general_place_vibe,True,False,المطعم,,المطعم,الاسعار | الاكل,1.3,unreviewed,only ambiguous risky tokens present - needs human judgment,weak,1
hadyelsahar/ar_res_reviews:6770,review_needed,temperature_ac,general_place_vibe | temperature_ac,True,False,المطعم | بارد,,المطعم | بارد,,2.6,unreviewed,only ambiguous risky tokens present - needs human judgment,weak,1
hadyelsahar/ar_res_reviews:6775,review_needed,general_place_vibe,general_place_vibe,True,False,المطعم,,المطعم,الاكل | الطعام,1.3,unreviewed,only ambiguous risky tokens present - needs human judgment,weak,1
hadyelsahar/ar_res_reviews:6776,review_needed,general_place_vibe,general_place_vibe,True,False,المطعم,,المطعم,الطعام,1.3,unreviewed,only ambiguous risky tokens present - needs human judgment,weak,1
hadyelsahar/ar_res_reviews:6786,review_needed,general_place_vibe,general_place_vibe,True,False,المحل,,المحل,الدجاج | اللحم,1.3,unreviewed,only ambiguous risky tokens present - needs human judgment,weak,0
hadyelsahar/ar_res_reviews:6789,review_needed,general_place_vibe,general_place_vibe,True,False,المكان,,المكان,الاكل,1.3,unreviewed,only ambiguous risky tokens present - needs human judgment,weak,1
hadyelsahar/ar_res_reviews:6790,review_needed,general_place_vibe,general_place_vibe,True,False,المطعم,,المطعم,,1.3,unreviewed,only ambiguous risky tokens present - needs human judgment,weak,0
hadyelsahar/ar_res_reviews:6792,review_needed,temperature_ac,temperature_ac,True,False,بارد,,بارد,,1.3,unreviewed,only ambiguous risky tokens present - needs human judgment,weak,0
hadyelsahar/ar_res_reviews:6793,review_needed,general_place_vibe,general_place_vibe,True,False,المكان,,المكان,,1.3,unreviewed,only ambiguous risky tokens present - needs human judgment,weak,1
hadyelsahar/ar_res_reviews:6803,review_needed,general_place_vibe,general_place_vibe,True,False,المطعم,,المطعم,,1.3,unreviewed,only ambiguous risky tokens present - needs human judgment,weak,1
hadyelsahar/ar_res_reviews:6805,review_needed,general_place_vibe,general_place_vibe,True,False,المطعم,,المطعم,,1.3,unreviewed,only ambiguous risky tokens present - needs human judgment,weak,1
hadyelsahar/ar_res_reviews:6806,review_needed,general_place_vibe,general_place_vibe,True,False,المكان,,المكان,الاسعار,1.3,unreviewed,only ambiguous risky tokens present - needs human judgment,weak,1
hadyelsahar/ar_res_reviews:6811,review_needed,seating_comfort,seating_comfort | general_place_vibe,True,False,الطاوله | المطعم | المكان | وسخ | وسخه,,الطاوله | المطعم | المكان,الاكل,4.5,unreviewed,only ambiguous risky tokens present - needs human judgment,weak,0
hadyelsahar/ar_res_reviews:6814,review_needed,general_place_vibe,general_place_vibe,True,False,المطعم,,المطعم,,1.3,unreviewed,only ambiguous risky tokens present - needs human judgment,weak,1
hadyelsahar/ar_res_reviews:6821,review_needed,seating_comfort,seating_comfort | general_place_vibe,True,False,الطاوله | المطعم,,الطاوله | المطعم,,2.6,unreviewed,only ambiguous risky tokens present - needs human judgment,weak,0
hadyelsahar/ar_res_reviews:6830,review_needed,general_place_vibe,general_place_vibe,True,False,المحل,,المحل,الطعم,1.3,unreviewed,only ambiguous risky tokens present - needs human judgment,weak,1
hadyelsahar/ar_res_reviews:6831,review_needed,,,False,False,حاره,,,البرجر | اللحم | الوجبه,0.3,unreviewed,only ambiguous risky tokens present - needs human judgment,weak,1
hadyelsahar/ar_res_reviews:6842,review_needed,general_place_vibe,general_place_vibe,True,False,المطعم,,المطعم,البرجر | البطاطس | الطعام,1.3,unreviewed,only ambiguous risky tokens present - needs human judgment,weak,1
hadyelsahar/ar_res_reviews:6848,review_needed,general_place_vibe,general_place_vibe,True,False,المطعم,,المطعم,الاكل,1.3,unreviewed,only ambiguous risky tokens present - needs human judgment,weak,0
hadyelsahar/ar_res_reviews:6856,review_needed,general_place_vibe,general_place_vibe,True,False,المطعم,,المطعم,السلطه | اللحم | غالي,1.3,unreviewed,only ambiguous risky tokens present - needs human judgment,weak,1
hadyelsahar/ar_res_reviews:6860,review_needed,temperature_ac,general_place_vibe | temperature_ac,True,False,المطعم | حار,,المطعم | حار,السعر | طعمه | طعمها,2.6,unreviewed,only ambiguous risky tokens present - needs human judgment,weak,1
hadyelsahar/ar_res_reviews:6866,review_needed,general_place_vibe,general_place_vibe,True,False,المحل,,المحل,,1.3,unreviewed,only ambiguous risky tokens present - needs human judgment,weak,0
hadyelsahar/ar_res_reviews:6867,review_needed,general_place_vibe,general_place_vibe,True,False,المحل | المطعم,,المحل | المطعم,,2.6,unreviewed,only ambiguous risky tokens present - needs human judgment,weak,1
hadyelsahar/ar_res_reviews:6871,review_needed,outdoor_view,general_place_vibe | outdoor_view,True,False,المحل | المطعم | برا,,المحل | المطعم | برا,الدجاج | السعر | السندويش | الوجبه | طعمها,3.9,unreviewed,only ambiguous risky tokens present - needs human judgment,weak,1
hadyelsahar/ar_res_reviews:6872,review_needed,general_place_vibe,general_place_vibe,True,False,المطعم,,المطعم,الاكل,1.3,unreviewed,only ambiguous risky tokens present - needs human judgment,weak,1
hadyelsahar/ar_res_reviews:6878,review_needed,general_place_vibe,general_place_vibe,True,False,المحل,,المحل,اللحم | طلبات,1.3,unreviewed,only ambiguous risky tokens present - needs human judgment,weak,1
hadyelsahar/ar_res_reviews:6879,review_needed,general_place_vibe,general_place_vibe,True,False,المطعم,,المطعم,اللحم | طعمه,1.3,unreviewed,only ambiguous risky tokens present - needs human judgment,weak,1
hadyelsahar/ar_res_reviews:6882,review_needed,general_place_vibe,general_place_vibe,True,False,المحل | المطعم,,المحل | المطعم,الاكل,2.6,unreviewed,only ambiguous risky tokens present - needs human judgment,weak,1
hadyelsahar/ar_res_reviews:6885,review_needed,general_place_vibe,general_place_vibe,True,False,المطعم,,المطعم,,1.3,unreviewed,only ambiguous risky tokens present - needs human judgment,weak,1
hadyelsahar/ar_res_reviews:6887,review_needed,general_place_vibe,general_place_vibe,True,False,المطعم,,المطعم,,1.3,unreviewed,only ambiguous risky tokens present - needs human judgment,weak,1
hadyelsahar/ar_res_reviews:6888,review_needed,general_place_vibe,general_place_vibe,True,False,المحل,,المحل,,1.3,unreviewed,only ambiguous risky tokens present - needs human judgment,weak,1
hadyelsahar/ar_res_reviews:6895,review_needed,general_place_vibe,general_place_vibe,True,False,المطعم,,المطعم,,1.3,unreviewed,only ambiguous risky tokens present - needs human judgment,weak,1
hadyelsahar/ar_res_reviews:6896,review_needed,general_place_vibe,general_place_vibe,True,False,المحل,,المحل,,1.3,unreviewed,only ambiguous risky tokens present - needs human judgment,weak,1
hadyelsahar/ar_res_reviews:6903,review_needed,general_place_vibe,general_place_vibe,True,False,المطعم,,المطعم,,1.3,unreviewed,only ambiguous risky tokens present - needs human judgment,weak,1
hadyelsahar/ar_res_reviews:6904,review_needed,general_place_vibe,general_place_vibe,True,False,المطعم,,المطعم,,1.3,unreviewed,only ambiguous risky tokens present - needs human judgment,weak,1
hadyelsahar/ar_res_reviews:6912,review_needed,general_place_vibe,general_place_vibe,True,False,المطعم | المكان,,المطعم | المكان,الاسعار,2.6,unreviewed,only ambiguous risky tokens present - needs human judgment,weak,1
hadyelsahar/ar_res_reviews:6914,review_needed,general_place_vibe,general_place_vibe,True,False,المطعم,,المطعم,,1.3,unreviewed,only ambiguous risky tokens present - needs human judgment,weak,1
hadyelsahar/ar_res_reviews:6917,review_needed,general_place_vibe,general_place_vibe,True,False,الفرع,,الفرع,,1.3,unreviewed,only ambiguous risky tokens present - needs human judgment,weak,0
hadyelsahar/ar_res_reviews:6929,review_needed,general_place_vibe,general_place_vibe,True,False,المطعم,,المطعم,,1.3,unreviewed,only ambiguous risky tokens present - needs human judgment,weak,1
hadyelsahar/ar_res_reviews:6931,review_needed,general_place_vibe,general_place_vibe,True,False,المطعم,,المطعم,الطعام | طعمها,1.3,unreviewed,only ambiguous risky tokens present - needs human judgment,weak,0
hadyelsahar/ar_res_reviews:6938,review_needed,general_place_vibe,general_place_vibe,True,False,المطعم,,المطعم,الاكل | البيتزا,1.3,unreviewed,only ambiguous risky tokens present - needs human judgment,weak,1
hadyelsahar/ar_res_reviews:6939,review_needed,general_place_vibe,general_place_vibe,True,False,الفرع,,الفرع,,1.3,unreviewed,only ambiguous risky tokens present - needs human judgment,weak,1
hadyelsahar/ar_res_reviews:6946,review_needed,general_place_vibe,general_place_vibe,True,False,المحل | حاره,,المحل,,1.6,unreviewed,only ambiguous risky tokens present - needs human judgment,weak,1
hadyelsahar/ar_res_reviews:6957,review_needed,seating_comfort,seating_comfort,True,False,الطاوله,,الطاوله,الفاتوره | طعمه | غالي,1.3,unreviewed,only ambiguous risky tokens present - needs human judgment,weak,0
hadyelsahar/ar_res_reviews:6968,review_needed,general_place_vibe,general_place_vibe,True,False,المطعم,,المطعم,الاسعار | الاكل | الطعم,1.3,unreviewed,only ambiguous risky tokens present - needs human judgment,weak,1
hadyelsahar/ar_res_reviews:6975,review_needed,temperature_ac,general_place_vibe | temperature_ac,True,False,المحل | المطعم | حار,,المحل | المطعم | حار,الاكل | السعر | الطعم | طعمه,3.9,unreviewed,only ambiguous risky tokens present - needs human judgment,weak,1
hadyelsahar/ar_res_reviews:6979,review_needed,general_place_vibe,general_place_vibe,True,False,المكان,,المكان,الاكل,1.3,unreviewed,only ambiguous risky tokens present - needs human judgment,weak,0
hadyelsahar/ar_res_reviews:6980,review_needed,,,False,False,وسخه,,,,0.3,unreviewed,only ambiguous risky tokens present - needs human judgment,weak,0
hadyelsahar/ar_res_reviews:6992,review_needed,general_place_vibe,general_place_vibe,True,False,المكان,,المكان,,1.3,unreviewed,only ambiguous risky tokens present - needs human judgment,weak,1
hadyelsahar/ar_res_reviews:6993,review_needed,general_place_vibe,general_place_vibe,True,False,المكان,,المكان,,1.3,unreviewed,only ambiguous risky tokens present - needs human judgment,weak,1
hadyelsahar/ar_res_reviews:6997,review_needed,,,False,False,زيت,,,,0.3,unreviewed,only ambiguous risky tokens present - needs human judgment,weak,1
hadyelsahar/ar_res_reviews:7006,review_needed,general_place_vibe,general_place_vibe,True,False,المكان,,المكان,,1.3,unreviewed,only ambiguous risky tokens present - needs human judgment,weak,1
hadyelsahar/ar_res_reviews:7008,review_needed,general_place_vibe,general_place_vibe,True,False,المطعم,,المطعم,طلبات,1.3,unreviewed,only ambiguous risky tokens present - needs human judgment,weak,1
hadyelsahar/ar_res_reviews:7011,review_needed,general_place_vibe,general_place_vibe,True,False,المكان,,المكان,البرجر,1.3,unreviewed,only ambiguous risky tokens present - needs human judgment,weak,1
hadyelsahar/ar_res_reviews:7013,review_needed,temperature_ac,temperature_ac | general_place_vibe,True,False,حار | قديم,,حار | قديم,الاكل | التوصيل | الدجاج,2.6,unreviewed,only ambiguous risky tokens present - needs human judgment,weak,1
hadyelsahar/ar_res_reviews:7014,review_needed,general_place_vibe,general_place_vibe,True,False,المطعم,,المطعم,,1.3,unreviewed,only ambiguous risky tokens present - needs human judgment,weak,1
hadyelsahar/ar_res_reviews:7015,review_needed,general_place_vibe,general_place_vibe,True,False,المطعم,,المطعم,,1.3,unreviewed,only ambiguous risky tokens present - needs human judgment,weak,1
hadyelsahar/ar_res_reviews:7025,review_needed,general_place_vibe,general_place_vibe,True,False,المطعم,,المطعم,الاسعار | البطاطس,1.3,unreviewed,only ambiguous risky tokens present - needs human judgment,weak,1
hadyelsahar/ar_res_reviews:7026,review_needed,general_place_vibe,general_place_vibe,True,False,المطعم,,المطعم,البطاطس | الدجاج | مالح,1.3,unreviewed,only ambiguous risky tokens present - needs human judgment,weak,1
hadyelsahar/ar_res_reviews:7027,review_needed,general_place_vibe,general_place_vibe,True,False,المطعم,,المطعم,اللحم | طعمه,1.3,unreviewed,only ambiguous risky tokens present - needs human judgment,weak,0
hadyelsahar/ar_res_reviews:7029,review_needed,general_place_vibe,general_place_vibe,True,False,المطعم,,المطعم,,1.3,unreviewed,only ambiguous risky tokens present - needs human judgment,weak,1
hadyelsahar/ar_res_reviews:7033,review_needed,,,False,False,حاره,,,,0.3,unreviewed,only ambiguous risky tokens present - needs human judgment,weak,0
hadyelsahar/ar_res_reviews:7035,review_needed,general_place_vibe,general_place_vibe,True,False,الفرع,,الفرع,,1.3,unreviewed,only ambiguous risky tokens present - needs human judgment,weak,1
hadyelsahar/ar_res_reviews:7037,review_needed,general_place_vibe,general_place_vibe,True,False,المطعم | المكان,,المطعم | المكان,,2.6,unreviewed,only ambiguous risky tokens present - needs human judgment,weak,1
hadyelsahar/ar_res_reviews:7041,review_needed,general_place_vibe,general_place_vibe,True,False,المحل,,المحل,,1.3,unreviewed,only ambiguous risky tokens present - needs human judgment,weak,1
hadyelsahar/ar_res_reviews:7043,review_needed,general_place_vibe,general_place_vibe,True,False,المطعم,,المطعم,البطاطس | النكهه | نسوا,1.3,unreviewed,only ambiguous risky tokens present - needs human judgment,weak,0
hadyelsahar/ar_res_reviews:7046,review_needed,general_place_vibe,general_place_vibe,True,False,المطعم,,المطعم,البرجر,1.3,unreviewed,only ambiguous risky tokens present - needs human judgment,weak,1
hadyelsahar/ar_res_reviews:7051,review_needed,general_place_vibe,general_place_vibe,True,False,المطعم,,المطعم,,1.3,unreviewed,only ambiguous risky tokens present - needs human judgment,weak,1
hadyelsahar/ar_res_reviews:7053,review_needed,general_place_vibe,general_place_vibe,True,False,المكان,,المكان,اللحم,1.3,unreviewed,only ambiguous risky tokens present - needs human judgment,weak,1
hadyelsahar/ar_res_reviews:7054,review_needed,general_place_vibe,general_place_vibe,True,False,المطعم,,المطعم,طعمها,1.3,unreviewed,only ambiguous risky tokens present - needs human judgment,weak,0
hadyelsahar/ar_res_reviews:7055,review_needed,general_place_vibe,general_place_vibe,True,False,المطعم,,المطعم,,1.3,unreviewed,only ambiguous risky tokens present - needs human judgment,weak,1
hadyelsahar/ar_res_reviews:7057,review_needed,general_place_vibe,general_place_vibe,True,False,المطعم,,المطعم,,1.3,unreviewed,only ambiguous risky tokens present - needs human judgment,weak,1
hadyelsahar/ar_res_reviews:7059,review_needed,general_place_vibe,general_place_vibe,True,False,المطعم,,المطعم,,1.3,unreviewed,only ambiguous risky tokens present - needs human judgment,weak,1
hadyelsahar/ar_res_reviews:7062,review_needed,general_place_vibe,general_place_vibe,True,False,المطعم,,المطعم,البرجر | الدجاج | اللحم | الوجبه,1.3,unreviewed,only ambiguous risky tokens present - needs human judgment,weak,1
hadyelsahar/ar_res_reviews:7064,review_needed,general_place_vibe,general_place_vibe,True,False,المطعم,,المطعم,البطاطس | اللحم | طعمه,1.3,unreviewed,only ambiguous risky tokens present - needs human judgment,weak,1
hadyelsahar/ar_res_reviews:7066,review_needed,general_place_vibe,general_place_vibe,True,False,المطعم,,المطعم,الاكل | البرجر,1.3,unreviewed,only ambiguous risky tokens present - needs human judgment,weak,1
hadyelsahar/ar_res_reviews:7075,review_needed,general_place_vibe,general_place_vibe,True,False,المطعم | المكان,,المطعم | المكان,الاسعار | الاكل,2.6,unreviewed,only ambiguous risky tokens present - needs human judgment,weak,1
hadyelsahar/ar_res_reviews:7076,review_needed,general_place_vibe,general_place_vibe,True,False,المحل | المطعم,,المحل | المطعم,,2.6,unreviewed,only ambiguous risky tokens present - needs human judgment,weak,0
hadyelsahar/ar_res_reviews:7081,review_needed,general_place_vibe,general_place_vibe,True,False,المطعم,,المطعم,,1.3,unreviewed,only ambiguous risky tokens present - needs human judgment,weak,0
hadyelsahar/ar_res_reviews:7084,review_needed,general_place_vibe,general_place_vibe,True,False,المطعم,,المطعم,البطاطس | السعر | طعمها,1.3,unreviewed,only ambiguous risky tokens present - needs human judgment,weak,1
hadyelsahar/ar_res_reviews:7086,review_needed,general_place_vibe,general_place_vibe,True,False,المطعم,,المطعم,ناقص,1.3,unreviewed,only ambiguous risky tokens present - needs human judgment,weak,0
hadyelsahar/ar_res_reviews:7087,review_needed,general_place_vibe,general_place_vibe,True,False,المطعم,,المطعم,اللحم,1.3,unreviewed,only ambiguous risky tokens present - needs human judgment,weak,1
hadyelsahar/ar_res_reviews:7090,review_needed,outdoor_view,general_place_vibe | outdoor_view,True,False,المطعم | برا,,المطعم | برا,الاسعار | السعر,2.6,unreviewed,only ambiguous risky tokens present - needs human judgment,weak,1
hadyelsahar/ar_res_reviews:7091,review_needed,general_place_vibe,general_place_vibe,True,False,المطعم,,المطعم,,1.3,unreviewed,only ambiguous risky tokens present - needs human judgment,weak,1
hadyelsahar/ar_res_reviews:7094,review_needed,general_place_vibe,general_place_vibe,True,False,المطعم,,المطعم,البرجر,1.3,unreviewed,only ambiguous risky tokens present - needs human judgment,weak,1
hadyelsahar/ar_res_reviews:7095,review_needed,general_place_vibe,general_place_vibe,True,False,المطعم,,المطعم,اللحم,1.3,unreviewed,only ambiguous risky tokens present - needs human judgment,weak,0
hadyelsahar/ar_res_reviews:7098,review_needed,general_place_vibe,general_place_vibe,True,False,المحل,,المحل,,1.3,unreviewed,only ambiguous risky tokens present - needs human judgment,weak,0
hadyelsahar/ar_res_reviews:7105,review_needed,general_place_vibe,general_place_vibe,True,False,المطعم,,المطعم,,1.3,unreviewed,only ambiguous risky tokens present - needs human judgment,weak,1
hadyelsahar/ar_res_reviews:7114,review_needed,temperature_ac,temperature_ac,True,False,حار,,حار,,1.3,unreviewed,only ambiguous risky tokens present - needs human judgment,weak,0
hadyelsahar/ar_res_reviews:7116,review_needed,general_place_vibe,general_place_vibe,True,False,المطعم,,المطعم,الاسعار,1.3,unreviewed,only ambiguous risky tokens present - needs human judgment,weak,1
hadyelsahar/ar_res_reviews:7131,review_needed,general_place_vibe,general_place_vibe,True,False,المحل,,المحل,,1.3,unreviewed,only ambiguous risky tokens present - needs human judgment,weak,1
hadyelsahar/ar_res_reviews:7140,review_needed,,,False,False,حاره,,,الرز,0.3,unreviewed,only ambiguous risky tokens present - needs human judgment,weak,1
hadyelsahar/ar_res_reviews:7141,review_needed,general_place_vibe,general_place_vibe,True,False,المطعم,,المطعم,,1.3,unreviewed,only ambiguous risky tokens present - needs human judgment,weak,1
hadyelsahar/ar_res_reviews:7142,review_needed,general_place_vibe,general_place_vibe,True,False,المطعم,,المطعم,طعمه,1.3,unreviewed,only ambiguous risky tokens present - needs human judgment,weak,0
hadyelsahar/ar_res_reviews:7144,review_needed,general_place_vibe,general_place_vibe,True,False,المطعم,,المطعم,الاكل | الرز,1.3,unreviewed,only ambiguous risky tokens present - needs human judgment,weak,1
hadyelsahar/ar_res_reviews:7145,review_needed,general_place_vibe,general_place_vibe,True,False,المطعم,,المطعم,الرز,1.3,unreviewed,only ambiguous risky tokens present - needs human judgment,weak,0
hadyelsahar/ar_res_reviews:7146,review_needed,smell,smell,True,False,ريحه,,ريحه,الدجاج | الرز,1.3,unreviewed,only ambiguous risky tokens present - needs human judgment,weak,1
hadyelsahar/ar_res_reviews:7148,review_needed,general_place_vibe,general_place_vibe,True,False,المطعم,,المطعم,الاكل,1.3,unreviewed,only ambiguous risky tokens present - needs human judgment,weak,1
hadyelsahar/ar_res_reviews:7149,review_needed,general_place_vibe,general_place_vibe,True,False,المطعم,,المطعم,الرز | الطعم,1.3,unreviewed,only ambiguous risky tokens present - needs human judgment,weak,1
hadyelsahar/ar_res_reviews:7152,review_needed,outdoor_view,outdoor_view,True,False,برا,,برا,,1.3,unreviewed,only ambiguous risky tokens present - needs human judgment,weak,1
hadyelsahar/ar_res_reviews:7154,review_needed,general_place_vibe,general_place_vibe,True,False,المطعم,,المطعم,حشره,1.3,unreviewed,only ambiguous risky tokens present - needs human judgment,weak,0
hadyelsahar/ar_res_reviews:7158,review_needed,general_place_vibe,general_place_vibe,True,False,المطعم,,المطعم,,1.3,unreviewed,only ambiguous risky tokens present - needs human judgment,weak,0
hadyelsahar/ar_res_reviews:7159,review_needed,general_place_vibe,general_place_vibe,True,False,المطعم,,المطعم,,1.3,unreviewed,only ambiguous risky tokens present - needs human judgment,weak,0
hadyelsahar/ar_res_reviews:7160,review_needed,general_place_vibe,general_place_vibe,True,False,المطعم,,المطعم,,1.3,unreviewed,only ambiguous risky tokens present - needs human judgment,weak,1
hadyelsahar/ar_res_reviews:7164,review_needed,general_place_vibe,general_place_vibe,True,False,المطعم,,المطعم,الطعم,1.3,unreviewed,only ambiguous risky tokens present - needs human judgment,weak,1
hadyelsahar/ar_res_reviews:7167,review_needed,general_place_vibe,general_place_vibe,True,False,المطعم,,المطعم,الرز,1.3,unreviewed,only ambiguous risky tokens present - needs human judgment,weak,1
hadyelsahar/ar_res_reviews:7174,review_needed,general_place_vibe,general_place_vibe,True,False,المطعم,,المطعم,الاسعار,1.3,unreviewed,only ambiguous risky tokens present - needs human judgment,weak,1
hadyelsahar/ar_res_reviews:7181,review_needed,general_place_vibe,general_place_vibe,True,False,المطعم,,المطعم,,1.3,unreviewed,only ambiguous risky tokens present - needs human judgment,weak,0
hadyelsahar/ar_res_reviews:7189,review_needed,general_place_vibe,general_place_vibe,True,False,المطعم,,المطعم,,1.3,unreviewed,only ambiguous risky tokens present - needs human judgment,weak,1
hadyelsahar/ar_res_reviews:7191,review_needed,general_place_vibe,general_place_vibe,True,False,المحل,,المحل,,1.3,unreviewed,only ambiguous risky tokens present - needs human judgment,weak,1
hadyelsahar/ar_res_reviews:7193,review_needed,temperature_ac,general_place_vibe | temperature_ac,True,False,المطعم | بارد | حار,,المطعم | بارد | حار,البرجر,3.9,unreviewed,only ambiguous risky tokens present - needs human judgment,weak,0
hadyelsahar/ar_res_reviews:7195,review_needed,general_place_vibe,general_place_vibe,True,False,المطعم,,المطعم,السعر | الوجبه,1.3,unreviewed,only ambiguous risky tokens present - needs human judgment,weak,1
hadyelsahar/ar_res_reviews:7196,review_needed,,,False,False,عالي,,,الطعم | اللحم,0.3,unreviewed,only ambiguous risky tokens present - needs human judgment,weak,1
hadyelsahar/ar_res_reviews:7198,review_needed,general_place_vibe,general_place_vibe,True,False,المطعم,,المطعم,,1.3,unreviewed,only ambiguous risky tokens present - needs human judgment,weak,1
hadyelsahar/ar_res_reviews:7206,review_needed,general_place_vibe,general_place_vibe,True,False,المطعم,,المطعم,البرجر | البطاطس | طعمه,1.3,unreviewed,only ambiguous risky tokens present - needs human judgment,weak,1
hadyelsahar/ar_res_reviews:7216,review_needed,general_place_vibe,general_place_vibe,True,False,المطعم,,المطعم,,1.3,unreviewed,only ambiguous risky tokens present - needs human judgment,weak,1
hadyelsahar/ar_res_reviews:7218,review_needed,general_place_vibe,general_place_vibe,True,False,المطعم,,المطعم,الاكل,1.3,unreviewed,only ambiguous risky tokens present - needs human judgment,weak,1
hadyelsahar/ar_res_reviews:7219,review_needed,general_place_vibe,general_place_vibe,True,False,الفرع,,الفرع,الرز,1.3,unreviewed,only ambiguous risky tokens present - needs human judgment,weak,1
hadyelsahar/ar_res_reviews:7222,review_needed,general_place_vibe,general_place_vibe,True,False,المطعم | المكان,,المطعم | المكان,,2.6,unreviewed,only ambiguous risky tokens present - needs human judgment,weak,1
hadyelsahar/ar_res_reviews:7224,review_needed,general_place_vibe,general_place_vibe,True,False,المطعم,,المطعم,الطعام | الطعم,1.3,unreviewed,only ambiguous risky tokens present - needs human judgment,weak,0
hadyelsahar/ar_res_reviews:7226,review_needed,general_place_vibe,general_place_vibe,True,False,المطعم,,المطعم,,1.3,unreviewed,only ambiguous risky tokens present - needs human judgment,weak,1
hadyelsahar/ar_res_reviews:7229,review_needed,general_place_vibe,general_place_vibe,True,False,المطعم | قديم,,المطعم | قديم,,2.6,unreviewed,only ambiguous risky tokens present - needs human judgment,weak,0
hadyelsahar/ar_res_reviews:7232,review_needed,general_place_vibe,general_place_vibe,True,False,قديم,,قديم,,1.3,unreviewed,only ambiguous risky tokens present - needs human judgment,weak,1
hadyelsahar/ar_res_reviews:7236,review_needed,general_place_vibe,general_place_vibe,True,False,المطعم,,المطعم,الاكل,1.3,unreviewed,only ambiguous risky tokens present - needs human judgment,weak,1
hadyelsahar/ar_res_reviews:7241,review_needed,general_place_vibe,general_place_vibe,True,False,المكان,,المكان,النادل,1.3,unreviewed,only ambiguous risky tokens present - needs human judgment,weak,1
hadyelsahar/ar_res_reviews:7243,review_needed,general_place_vibe,general_place_vibe,True,False,المطعم,,المطعم,الوجبه,1.3,unreviewed,only ambiguous risky tokens present - needs human judgment,weak,1
hadyelsahar/ar_res_reviews:7244,review_needed,general_place_vibe,general_place_vibe,True,False,المطعم,,المطعم,,1.3,unreviewed,only ambiguous risky tokens present - needs human judgment,weak,1
hadyelsahar/ar_res_reviews:7250,review_needed,general_place_vibe,general_place_vibe,True,False,المطعم,,المطعم,الاكل,1.3,unreviewed,only ambiguous risky tokens present - needs human judgment,weak,0
hadyelsahar/ar_res_reviews:7253,review_needed,general_place_vibe,general_place_vibe,True,False,المطعم,,المطعم,الاكل | السعر,1.3,unreviewed,only ambiguous risky tokens present - needs human judgment,weak,1
hadyelsahar/ar_res_reviews:7255,review_needed,general_place_vibe,general_place_vibe,True,False,المطعم,,المطعم,,1.3,unreviewed,only ambiguous risky tokens present - needs human judgment,weak,0
hadyelsahar/ar_res_reviews:7257,review_needed,general_place_vibe,general_place_vibe,True,False,المطعم,,المطعم,,1.3,unreviewed,only ambiguous risky tokens present - needs human judgment,weak,1
hadyelsahar/ar_res_reviews:7267,review_needed,general_place_vibe,general_place_vibe,True,False,المطعم,,المطعم,,1.3,unreviewed,only ambiguous risky tokens present - needs human judgment,weak,1
hadyelsahar/ar_res_reviews:7272,review_needed,general_place_vibe,general_place_vibe,True,False,المطعم | عاليه,,المطعم,الدجاج,1.6,unreviewed,only ambiguous risky tokens present - needs human judgment,weak,1
hadyelsahar/ar_res_reviews:7278,review_needed,general_place_vibe,general_place_vibe,True,False,المكان,,المكان,النادل,1.3,unreviewed,only ambiguous risky tokens present - needs human judgment,weak,0
hadyelsahar/ar_res_reviews:7280,review_needed,general_place_vibe,general_place_vibe,True,False,المطعم,,المطعم,,1.3,unreviewed,only ambiguous risky tokens present - needs human judgment,weak,0
hadyelsahar/ar_res_reviews:7284,review_needed,general_place_vibe,general_place_vibe,True,False,المطعم,,المطعم,الخبز,1.3,unreviewed,only ambiguous risky tokens present - needs human judgment,weak,1
hadyelsahar/ar_res_reviews:7291,review_needed,general_place_vibe,general_place_vibe,True,False,المطعم,,المطعم,,1.3,unreviewed,only ambiguous risky tokens present - needs human judgment,weak,1
hadyelsahar/ar_res_reviews:7300,review_needed,general_place_vibe,general_place_vibe,True,False,الفرع | المكان,,الفرع | المكان,,2.6,unreviewed,only ambiguous risky tokens present - needs human judgment,weak,1
hadyelsahar/ar_res_reviews:7302,review_needed,general_place_vibe,general_place_vibe,True,False,المطعم,,المطعم,,1.3,unreviewed,only ambiguous risky tokens present - needs human judgment,weak,1
hadyelsahar/ar_res_reviews:7304,review_needed,general_place_vibe,general_place_vibe,True,False,المطعم,,المطعم,,1.3,unreviewed,only ambiguous risky tokens present - needs human judgment,weak,1
hadyelsahar/ar_res_reviews:7305,review_needed,general_place_vibe,general_place_vibe,True,False,المطعم,,المطعم,الاسعار | الاكل,1.3,unreviewed,only ambiguous risky tokens present - needs human judgment,weak,1
hadyelsahar/ar_res_reviews:7306,review_needed,general_place_vibe,general_place_vibe,True,False,المطعم,,المطعم,الاسعار,1.3,unreviewed,only ambiguous risky tokens present - needs human judgment,weak,1
hadyelsahar/ar_res_reviews:7314,review_needed,outdoor_view,outdoor_view,True,False,برا,,برا,الاكل,1.3,unreviewed,only ambiguous risky tokens present - needs human judgment,weak,1
hadyelsahar/ar_res_reviews:7319,review_needed,general_place_vibe,general_place_vibe,True,False,الفرع | قديم,,الفرع | قديم,غاليه,2.6,unreviewed,only ambiguous risky tokens present - needs human judgment,weak,1
hadyelsahar/ar_res_reviews:7321,review_needed,general_place_vibe,general_place_vibe,True,False,المحل,,المحل,اسلوبه,1.3,unreviewed,only ambiguous risky tokens present - needs human judgment,weak,0
hadyelsahar/ar_res_reviews:7326,review_needed,temperature_ac,general_place_vibe | temperature_ac,True,False,المطعم | بارد,,المطعم | بارد,جاهز,2.6,unreviewed,only ambiguous risky tokens present - needs human judgment,weak,0
hadyelsahar/ar_res_reviews:7332,review_needed,general_place_vibe,general_place_vibe,True,False,الفرع,,الفرع,,1.3,unreviewed,only ambiguous risky tokens present - needs human judgment,weak,1
hadyelsahar/ar_res_reviews:7336,review_needed,general_place_vibe,general_place_vibe,True,False,المطعم,,المطعم,الاكل,1.3,unreviewed,only ambiguous risky tokens present - needs human judgment,weak,0
hadyelsahar/ar_res_reviews:7346,review_needed,general_place_vibe,general_place_vibe,True,False,المطعم,,المطعم,الاكل,1.3,unreviewed,only ambiguous risky tokens present - needs human judgment,weak,0
hadyelsahar/ar_res_reviews:7350,review_needed,general_place_vibe,general_place_vibe,True,False,المطعم,,المطعم,,1.3,unreviewed,only ambiguous risky tokens present - needs human judgment,weak,1
hadyelsahar/ar_res_reviews:7351,review_needed,general_place_vibe,general_place_vibe,True,False,المطعم,,المطعم,,1.3,unreviewed,only ambiguous risky tokens present - needs human judgment,weak,1
hadyelsahar/ar_res_reviews:7352,review_needed,general_place_vibe,general_place_vibe,True,False,المطعم,,المطعم,الاسعار | الاكل,1.3,unreviewed,only ambiguous risky tokens present - needs human judgment,weak,1
hadyelsahar/ar_res_reviews:7353,review_needed,general_place_vibe,general_place_vibe,True,False,المكان,,المكان,الاكل | الطعام,1.3,unreviewed,only ambiguous risky tokens present - needs human judgment,weak,1
hadyelsahar/ar_res_reviews:7355,review_needed,general_place_vibe,general_place_vibe,True,False,المطعم,,المطعم,اللحم,1.3,unreviewed,only ambiguous risky tokens present - needs human judgment,weak,1
hadyelsahar/ar_res_reviews:7365,review_needed,general_place_vibe,general_place_vibe,True,False,المطعم,,المطعم,الاسعار,1.3,unreviewed,only ambiguous risky tokens present - needs human judgment,weak,0
hadyelsahar/ar_res_reviews:7366,review_needed,general_place_vibe,general_place_vibe,True,False,المطعم,,المطعم,الرز,1.3,unreviewed,only ambiguous risky tokens present - needs human judgment,weak,0
hadyelsahar/ar_res_reviews:7371,review_needed,general_place_vibe,general_place_vibe,True,False,المطعم,,المطعم,الاكل | اللحم,1.3,unreviewed,only ambiguous risky tokens present - needs human judgment,weak,0
hadyelsahar/ar_res_reviews:7372,review_needed,general_place_vibe,general_place_vibe,True,False,المطعم,,المطعم,,1.3,unreviewed,only ambiguous risky tokens present - needs human judgment,weak,1
hadyelsahar/ar_res_reviews:7374,review_needed,general_place_vibe,general_place_vibe,True,False,المطعم,,المطعم,,1.3,unreviewed,only ambiguous risky tokens present - needs human judgment,weak,1
hadyelsahar/ar_res_reviews:7381,review_needed,general_place_vibe,general_place_vibe,True,False,المكان,,المكان,النادل,1.3,unreviewed,only ambiguous risky tokens present - needs human judgment,weak,0
hadyelsahar/ar_res_reviews:7382,review_needed,general_place_vibe,general_place_vibe,True,False,المطعم,,المطعم,الاكل,1.3,unreviewed,only ambiguous risky tokens present - needs human judgment,weak,1
hadyelsahar/ar_res_reviews:7387,review_needed,general_place_vibe,general_place_vibe,True,False,المطعم,,المطعم,الطعم,1.3,unreviewed,only ambiguous risky tokens present - needs human judgment,weak,1
hadyelsahar/ar_res_reviews:7391,review_needed,general_place_vibe,general_place_vibe,True,False,المطعم,,المطعم,,1.3,unreviewed,only ambiguous risky tokens present - needs human judgment,weak,1
hadyelsahar/ar_res_reviews:7394,review_needed,,,False,False,زيت,,,اللحم,0.3,unreviewed,only ambiguous risky tokens present - needs human judgment,weak,1
hadyelsahar/ar_res_reviews:7397,review_needed,general_place_vibe,general_place_vibe,True,False,المطعم,,المطعم,,1.3,unreviewed,only ambiguous risky tokens present - needs human judgment,weak,1
hadyelsahar/ar_res_reviews:7399,review_needed,general_place_vibe,general_place_vibe,True,False,المطعم,,المطعم,الدجاج | الرز,1.3,unreviewed,only ambiguous risky tokens present - needs human judgment,weak,1
hadyelsahar/ar_res_reviews:7403,review_needed,general_place_vibe,general_place_vibe,True,False,المطعم,,المطعم,,1.3,unreviewed,only ambiguous risky tokens present - needs human judgment,weak,0
hadyelsahar/ar_res_reviews:7409,review_needed,general_place_vibe,general_place_vibe,True,False,المكان,,المكان,,1.3,unreviewed,only ambiguous risky tokens present - needs human judgment,weak,1
hadyelsahar/ar_res_reviews:7410,review_needed,outdoor_view,outdoor_view,True,False,برا,,برا,,1.3,unreviewed,only ambiguous risky tokens present - needs human judgment,weak,1
hadyelsahar/ar_res_reviews:7411,review_needed,general_place_vibe,general_place_vibe,True,False,المطعم,,المطعم,غاليه,1.3,unreviewed,only ambiguous risky tokens present - needs human judgment,weak,1
hadyelsahar/ar_res_reviews:7414,review_needed,general_place_vibe,general_place_vibe,True,False,المكان,,المكان,,1.3,unreviewed,only ambiguous risky tokens present - needs human judgment,weak,1
hadyelsahar/ar_res_reviews:7415,review_needed,,,False,False,زيت,,,البطاطس,0.3,unreviewed,only ambiguous risky tokens present - needs human judgment,weak,0
hadyelsahar/ar_res_reviews:7419,review_needed,general_place_vibe,general_place_vibe,True,False,المطعم,,المطعم,الارز | النادل,1.3,unreviewed,only ambiguous risky tokens present - needs human judgment,weak,1
hadyelsahar/ar_res_reviews:7421,review_needed,temperature_ac,general_place_vibe | temperature_ac,True,False,المطعم | المكان | حار,,المطعم | المكان | حار,البرجر | الرز | الطعام | اللحم | ني,3.9,unreviewed,only ambiguous risky tokens present - needs human judgment,weak,1
hadyelsahar/ar_res_reviews:7426,review_needed,general_place_vibe,general_place_vibe,True,False,المطعم | المكان,,المطعم | المكان,الطعام,2.6,unreviewed,only ambiguous risky tokens present - needs human judgment,weak,1
hadyelsahar/ar_res_reviews:7427,review_needed,general_place_vibe,general_place_vibe,True,False,المطعم,,المطعم,,1.3,unreviewed,only ambiguous risky tokens present - needs human judgment,weak,1
hadyelsahar/ar_res_reviews:7429,review_needed,general_place_vibe,general_place_vibe,True,False,المحل,,المحل,,1.3,unreviewed,only ambiguous risky tokens present - needs human judgment,weak,1
hadyelsahar/ar_res_reviews:7431,review_needed,general_place_vibe,general_place_vibe,True,False,المطعم | بارده,,المطعم,البطاطس,1.6,unreviewed,only ambiguous risky tokens present - needs human judgment,weak,1
hadyelsahar/ar_res_reviews:7433,review_needed,outdoor_view,general_place_vibe | outdoor_view,True,False,المطعم | برا,,المطعم | برا,الاسعار | الاكل,2.6,unreviewed,only ambiguous risky tokens present - needs human judgment,weak,0
hadyelsahar/ar_res_reviews:7435,review_needed,general_place_vibe,general_place_vibe,True,False,المطعم,,المطعم,الاكل,1.3,unreviewed,only ambiguous risky tokens present - needs human judgment,weak,1
hadyelsahar/ar_res_reviews:7447,review_needed,general_place_vibe,general_place_vibe,True,False,المطعم,,المطعم,,1.3,unreviewed,only ambiguous risky tokens present - needs human judgment,weak,1
hadyelsahar/ar_res_reviews:7449,review_needed,temperature_ac,temperature_ac,True,False,بارد,,بارد,,1.3,unreviewed,only ambiguous risky tokens present - needs human judgment,weak,0
hadyelsahar/ar_res_reviews:7450,review_needed,general_place_vibe,general_place_vibe,True,False,المطعم,,المطعم,الاسعار,1.3,unreviewed,only ambiguous risky tokens present - needs human judgment,weak,1
hadyelsahar/ar_res_reviews:7451,review_needed,general_place_vibe,general_place_vibe,True,False,المطعم,,المطعم,,1.3,unreviewed,only ambiguous risky tokens present - needs human judgment,weak,0
hadyelsahar/ar_res_reviews:7461,review_needed,general_place_vibe,general_place_vibe,True,False,المطعم,,المطعم,,1.3,unreviewed,only ambiguous risky tokens present - needs human judgment,weak,1
hadyelsahar/ar_res_reviews:7463,review_needed,general_place_vibe,general_place_vibe,True,False,المطعم,,المطعم,الاكل,1.3,unreviewed,only ambiguous risky tokens present - needs human judgment,weak,1
hadyelsahar/ar_res_reviews:7465,review_needed,general_place_vibe,general_place_vibe,True,False,المطعم,,المطعم,,1.3,unreviewed,only ambiguous risky tokens present - needs human judgment,weak,0
hadyelsahar/ar_res_reviews:7467,review_needed,general_place_vibe,general_place_vibe,True,False,المطعم,,المطعم,,1.3,unreviewed,only ambiguous risky tokens present - needs human judgment,weak,1
hadyelsahar/ar_res_reviews:7471,review_needed,general_place_vibe,general_place_vibe,True,False,المطعم,,المطعم,,1.3,unreviewed,only ambiguous risky tokens present - needs human judgment,weak,1
hadyelsahar/ar_res_reviews:7483,review_needed,general_place_vibe,general_place_vibe,True,False,المطعم,,المطعم,,1.3,unreviewed,only ambiguous risky tokens present - needs human judgment,weak,0
hadyelsahar/ar_res_reviews:7504,review_needed,general_place_vibe,general_place_vibe,True,False,المطعم,,المطعم,البيتزا | السعر | غالي,1.3,unreviewed,only ambiguous risky tokens present - needs human judgment,weak,1
hadyelsahar/ar_res_reviews:7505,review_needed,general_place_vibe,general_place_vibe,True,False,المطعم,,المطعم,طلبات,1.3,unreviewed,only ambiguous risky tokens present - needs human judgment,weak,0
hadyelsahar/ar_res_reviews:7508,review_needed,temperature_ac,temperature_ac,True,False,بارد,,بارد,,1.3,unreviewed,only ambiguous risky tokens present - needs human judgment,weak,0
hadyelsahar/ar_res_reviews:7511,review_needed,general_place_vibe,general_place_vibe,True,False,المطعم,,المطعم,,1.3,unreviewed,only ambiguous risky tokens present - needs human judgment,weak,1
hadyelsahar/ar_res_reviews:7513,review_needed,general_place_vibe,general_place_vibe,True,False,المطعم,,المطعم,الاسعار,1.3,unreviewed,only ambiguous risky tokens present - needs human judgment,weak,1
hadyelsahar/ar_res_reviews:7515,review_needed,general_place_vibe,general_place_vibe,True,False,المحل,,المحل,الاكل,1.3,unreviewed,only ambiguous risky tokens present - needs human judgment,weak,0
hadyelsahar/ar_res_reviews:7516,review_needed,general_place_vibe,general_place_vibe,True,False,المطعم,,المطعم,الاسعار,1.3,unreviewed,only ambiguous risky tokens present - needs human judgment,weak,1
hadyelsahar/ar_res_reviews:7524,review_needed,general_place_vibe,general_place_vibe,True,False,المطعم,,المطعم,,1.3,unreviewed,only ambiguous risky tokens present - needs human judgment,weak,1
hadyelsahar/ar_res_reviews:7526,review_needed,general_place_vibe,general_place_vibe,True,False,الفرع | المطعم | عاليه,,الفرع | المطعم,الوجبه,2.9,unreviewed,only ambiguous risky tokens present - needs human judgment,weak,1
hadyelsahar/ar_res_reviews:7529,review_needed,smell,smell,True,False,ريحه,,ريحه,الدجاج,1.3,unreviewed,only ambiguous risky tokens present - needs human judgment,weak,0
hadyelsahar/ar_res_reviews:7530,review_needed,temperature_ac,temperature_ac | smell,True,False,بارد | ريحه,,بارد | ريحه,الدجاج | اللحمه,2.6,unreviewed,only ambiguous risky tokens present - needs human judgment,weak,0
hadyelsahar/ar_res_reviews:7534,review_needed,general_place_vibe,general_place_vibe,True,False,المطعم,,المطعم,,1.3,unreviewed,only ambiguous risky tokens present - needs human judgment,weak,0
hadyelsahar/ar_res_reviews:7539,review_needed,general_place_vibe,general_place_vibe,True,False,المطعم,,المطعم,,1.3,unreviewed,only ambiguous risky tokens present - needs human judgment,weak,1
hadyelsahar/ar_res_reviews:7542,review_needed,general_place_vibe,general_place_vibe,True,False,المطعم,,المطعم,الخبز,1.3,unreviewed,only ambiguous risky tokens present - needs human judgment,weak,1
hadyelsahar/ar_res_reviews:7543,review_needed,temperature_ac,general_place_vibe | temperature_ac,True,False,المطعم | حار | حاره,,المطعم | حار,الاكل,2.9,unreviewed,only ambiguous risky tokens present - needs human judgment,weak,1
hadyelsahar/ar_res_reviews:7544,review_needed,seating_comfort,seating_comfort,True,False,الطاوله,,الطاوله,,1.3,unreviewed,only ambiguous risky tokens present - needs human judgment,weak,0
hadyelsahar/ar_res_reviews:7545,review_needed,general_place_vibe,general_place_vibe,True,False,المطعم,,المطعم,الاكل,1.3,unreviewed,only ambiguous risky tokens present - needs human judgment,weak,1
hadyelsahar/ar_res_reviews:7550,review_needed,temperature_ac,general_place_vibe | temperature_ac,True,False,المطعم | حار,,المطعم | حار,الاكل,2.6,unreviewed,only ambiguous risky tokens present - needs human judgment,weak,0
hadyelsahar/ar_res_reviews:7552,review_needed,general_place_vibe,general_place_vibe,True,False,المطعم,,المطعم,الدجاج,1.3,unreviewed,only ambiguous risky tokens present - needs human judgment,weak,1
hadyelsahar/ar_res_reviews:7556,review_needed,general_place_vibe,general_place_vibe,True,False,المكان,,المكان,غلط,1.3,unreviewed,only ambiguous risky tokens present - needs human judgment,weak,1
hadyelsahar/ar_res_reviews:7561,review_needed,general_place_vibe,general_place_vibe,True,False,المطعم,,المطعم,الاكل,1.3,unreviewed,only ambiguous risky tokens present - needs human judgment,weak,1
hadyelsahar/ar_res_reviews:7563,review_needed,,,False,False,زيت,,,السلطه,0.3,unreviewed,only ambiguous risky tokens present - needs human judgment,weak,1
hadyelsahar/ar_res_reviews:7568,review_needed,general_place_vibe,general_place_vibe,True,False,المطعم,,المطعم,,1.3,unreviewed,only ambiguous risky tokens present - needs human judgment,weak,1
hadyelsahar/ar_res_reviews:7578,review_needed,general_place_vibe,general_place_vibe,True,False,المطعم,,المطعم,,1.3,unreviewed,only ambiguous risky tokens present - needs human judgment,weak,1
hadyelsahar/ar_res_reviews:7581,review_needed,general_place_vibe,general_place_vibe,True,False,المطعم,,المطعم,,1.3,unreviewed,only ambiguous risky tokens present - needs human judgment,weak,1
hadyelsahar/ar_res_reviews:7583,review_needed,general_place_vibe,general_place_vibe,True,False,المطعم,,المطعم,,1.3,unreviewed,only ambiguous risky tokens present - needs human judgment,weak,1
hadyelsahar/ar_res_reviews:7585,review_needed,general_place_vibe,general_place_vibe,True,False,الفرع,,الفرع,الاكل | البطاطس,1.3,unreviewed,only ambiguous risky tokens present - needs human judgment,weak,0
hadyelsahar/ar_res_reviews:7587,review_needed,general_place_vibe,general_place_vibe,True,False,المطعم,,المطعم,,1.3,unreviewed,only ambiguous risky tokens present - needs human judgment,weak,0
hadyelsahar/ar_res_reviews:7591,review_needed,general_place_vibe,general_place_vibe,True,False,المطعم,,المطعم,,1.3,unreviewed,only ambiguous risky tokens present - needs human judgment,weak,0
hadyelsahar/ar_res_reviews:7596,review_needed,general_place_vibe,general_place_vibe,True,False,الفرع,,الفرع,,1.3,unreviewed,only ambiguous risky tokens present - needs human judgment,weak,1
hadyelsahar/ar_res_reviews:7597,review_needed,general_place_vibe,general_place_vibe,True,False,المطعم,,المطعم,,1.3,unreviewed,only ambiguous risky tokens present - needs human judgment,weak,1
hadyelsahar/ar_res_reviews:7599,review_needed,general_place_vibe,general_place_vibe,True,False,المطعم,,المطعم,,1.3,unreviewed,only ambiguous risky tokens present - needs human judgment,weak,0
hadyelsahar/ar_res_reviews:7600,review_needed,general_place_vibe,general_place_vibe,True,False,المطعم | زيت,,المطعم,الاكل,1.6,unreviewed,only ambiguous risky tokens present - needs human judgment,weak,1
hadyelsahar/ar_res_reviews:7601,review_needed,general_place_vibe,general_place_vibe,True,False,المطعم,,المطعم,,1.3,unreviewed,only ambiguous risky tokens present - needs human judgment,weak,1
hadyelsahar/ar_res_reviews:7603,review_needed,general_place_vibe,general_place_vibe,True,False,المطعم,,المطعم,الشاورما,1.3,unreviewed,only ambiguous risky tokens present - needs human judgment,weak,1
hadyelsahar/ar_res_reviews:7606,review_needed,general_place_vibe,general_place_vibe,True,False,المطعم,,المطعم,السعر,1.3,unreviewed,only ambiguous risky tokens present - needs human judgment,weak,1
hadyelsahar/ar_res_reviews:7613,review_needed,general_place_vibe,general_place_vibe,True,False,المحل,,المحل,البطاطس | الشاورما,1.3,unreviewed,only ambiguous risky tokens present - needs human judgment,weak,1
hadyelsahar/ar_res_reviews:7620,review_needed,general_place_vibe,general_place_vibe,True,False,المطعم | عاليه,,المطعم,الطعم,1.6,unreviewed,only ambiguous risky tokens present - needs human judgment,weak,1
hadyelsahar/ar_res_reviews:7623,review_needed,general_place_vibe,general_place_vibe,True,False,المطعم,,المطعم,الاسعار | الطعام | اللحم,1.3,unreviewed,only ambiguous risky tokens present - needs human judgment,weak,1
hadyelsahar/ar_res_reviews:7630,review_needed,general_place_vibe,general_place_vibe,True,False,الفرع,,الفرع,,1.3,unreviewed,only ambiguous risky tokens present - needs human judgment,weak,0
hadyelsahar/ar_res_reviews:7632,review_needed,general_place_vibe,general_place_vibe,True,False,المكان,,المكان,النادل,1.3,unreviewed,only ambiguous risky tokens present - needs human judgment,weak,0
hadyelsahar/ar_res_reviews:7633,review_needed,general_place_vibe,general_place_vibe,True,False,الفرع,,الفرع,الدجاج | السندويش | الشاورما,1.3,unreviewed,only ambiguous risky tokens present - needs human judgment,weak,1
hadyelsahar/ar_res_reviews:7637,review_needed,general_place_vibe,general_place_vibe,True,False,المطعم,,المطعم,الشاورما,1.3,unreviewed,only ambiguous risky tokens present - needs human judgment,weak,1
hadyelsahar/ar_res_reviews:7646,review_needed,general_place_vibe,general_place_vibe,True,False,المطعم,,المطعم,,1.3,unreviewed,only ambiguous risky tokens present - needs human judgment,weak,1
hadyelsahar/ar_res_reviews:7648,review_needed,general_place_vibe,general_place_vibe,True,False,المطعم,,المطعم,الاكل | الطعم | طلبات,1.3,unreviewed,only ambiguous risky tokens present - needs human judgment,weak,1
hadyelsahar/ar_res_reviews:7653,review_needed,general_place_vibe,general_place_vibe,True,False,المطعم,,المطعم,,1.3,unreviewed,only ambiguous risky tokens present - needs human judgment,weak,1
hadyelsahar/ar_res_reviews:7657,review_needed,general_place_vibe,general_place_vibe,True,False,المطعم,,المطعم,,1.3,unreviewed,only ambiguous risky tokens present - needs human judgment,weak,1
hadyelsahar/ar_res_reviews:7660,review_needed,,,False,False,زيت,,,الشاورما,0.3,unreviewed,only ambiguous risky tokens present - needs human judgment,weak,1
hadyelsahar/ar_res_reviews:7661,review_needed,general_place_vibe,general_place_vibe,True,False,المطعم,,المطعم,,1.3,unreviewed,only ambiguous risky tokens present - needs human judgment,weak,1
hadyelsahar/ar_res_reviews:7672,review_needed,general_place_vibe,general_place_vibe,True,False,المطعم,,المطعم,الاكل,1.3,unreviewed,only ambiguous risky tokens present - needs human judgment,weak,0
hadyelsahar/ar_res_reviews:7678,review_needed,general_place_vibe,general_place_vibe,True,False,المكان,,المكان,الطعم,1.3,unreviewed,only ambiguous risky tokens present - needs human judgment,weak,1
hadyelsahar/ar_res_reviews:7681,review_needed,general_place_vibe,general_place_vibe,True,False,المطعم,,المطعم,الاسعار | الساندويتش | الطعم,1.3,unreviewed,only ambiguous risky tokens present - needs human judgment,weak,1
hadyelsahar/ar_res_reviews:7687,review_needed,general_place_vibe,general_place_vibe,True,False,المحل | المطعم,,المحل | المطعم,الموظفين,2.6,unreviewed,only ambiguous risky tokens present - needs human judgment,weak,1
hadyelsahar/ar_res_reviews:7690,review_needed,general_place_vibe,general_place_vibe,True,False,المطعم,,المطعم,الاكل | الطعم,1.3,unreviewed,only ambiguous risky tokens present - needs human judgment,weak,1
hadyelsahar/ar_res_reviews:7693,review_needed,general_place_vibe,general_place_vibe,True,False,المطعم | بارده,,المطعم,,1.6,unreviewed,only ambiguous risky tokens present - needs human judgment,weak,1
hadyelsahar/ar_res_reviews:7700,review_needed,general_place_vibe,general_place_vibe,True,False,المطعم | زيت,,المطعم,التوصيل | الدجاج,1.6,unreviewed,only ambiguous risky tokens present - needs human judgment,weak,1
hadyelsahar/ar_res_reviews:7703,review_needed,general_place_vibe,general_place_vibe,True,False,المطعم,,المطعم,,1.3,unreviewed,only ambiguous risky tokens present - needs human judgment,weak,1
hadyelsahar/ar_res_reviews:7709,review_needed,general_place_vibe,general_place_vibe,True,False,المطعم,,المطعم,,1.3,unreviewed,only ambiguous risky tokens present - needs human judgment,weak,0
hadyelsahar/ar_res_reviews:7717,review_needed,general_place_vibe,general_place_vibe,True,False,المحل | المكان,,المحل | المكان,,2.6,unreviewed,only ambiguous risky tokens present - needs human judgment,weak,1
hadyelsahar/ar_res_reviews:7718,review_needed,general_place_vibe,general_place_vibe,True,False,المطعم,,المطعم,,1.3,unreviewed,only ambiguous risky tokens present - needs human judgment,weak,1
hadyelsahar/ar_res_reviews:7719,review_needed,general_place_vibe,general_place_vibe,True,False,المطعم,,المطعم,الرز,1.3,unreviewed,only ambiguous risky tokens present - needs human judgment,weak,0
hadyelsahar/ar_res_reviews:7726,review_needed,general_place_vibe,general_place_vibe,True,False,المطعم,,المطعم,,1.3,unreviewed,only ambiguous risky tokens present - needs human judgment,weak,1
hadyelsahar/ar_res_reviews:7728,review_needed,general_place_vibe,general_place_vibe,True,False,المطعم | حاره,,المطعم,,1.6,unreviewed,only ambiguous risky tokens present - needs human judgment,weak,1
hadyelsahar/ar_res_reviews:7731,review_needed,general_place_vibe,general_place_vibe,True,False,المطعم,,المطعم,,1.3,unreviewed,only ambiguous risky tokens present - needs human judgment,weak,1
hadyelsahar/ar_res_reviews:7733,review_needed,general_place_vibe,general_place_vibe,True,False,المطعم,,المطعم,,1.3,unreviewed,only ambiguous risky tokens present - needs human judgment,weak,0
hadyelsahar/ar_res_reviews:7738,review_needed,general_place_vibe,general_place_vibe,True,False,المطعم,,المطعم,,1.3,unreviewed,only ambiguous risky tokens present - needs human judgment,weak,1
hadyelsahar/ar_res_reviews:7740,review_needed,general_place_vibe,general_place_vibe,True,False,المطعم,,المطعم,الاكل,1.3,unreviewed,only ambiguous risky tokens present - needs human judgment,weak,1
hadyelsahar/ar_res_reviews:7743,review_needed,general_place_vibe,general_place_vibe,True,False,المطعم,,المطعم,الاكل | الرز,1.3,unreviewed,only ambiguous risky tokens present - needs human judgment,weak,1
hadyelsahar/ar_res_reviews:7747,review_needed,general_place_vibe,general_place_vibe,True,False,المطعم,,المطعم,,1.3,unreviewed,only ambiguous risky tokens present - needs human judgment,weak,1
hadyelsahar/ar_res_reviews:7750,review_needed,general_place_vibe,general_place_vibe,True,False,المطعم,,المطعم,الاسعار | الطعم,1.3,unreviewed,only ambiguous risky tokens present - needs human judgment,weak,1
hadyelsahar/ar_res_reviews:7755,review_needed,general_place_vibe,general_place_vibe,True,False,المطعم,,المطعم,الرز | الوجبه,1.3,unreviewed,only ambiguous risky tokens present - needs human judgment,weak,1
hadyelsahar/ar_res_reviews:7760,review_needed,general_place_vibe,general_place_vibe,True,False,المحل,,المحل,الكاشير,1.3,unreviewed,only ambiguous risky tokens present - needs human judgment,weak,1
hadyelsahar/ar_res_reviews:7761,review_needed,general_place_vibe,general_place_vibe,True,False,المحل,,المحل,,1.3,unreviewed,only ambiguous risky tokens present - needs human judgment,weak,1
hadyelsahar/ar_res_reviews:7766,review_needed,general_place_vibe,general_place_vibe,True,False,المطعم,,المطعم,,1.3,unreviewed,only ambiguous risky tokens present - needs human judgment,weak,1
hadyelsahar/ar_res_reviews:7769,review_needed,general_place_vibe,general_place_vibe,True,False,المطعم,,المطعم,الشاورما | الطعم,1.3,unreviewed,only ambiguous risky tokens present - needs human judgment,weak,1
hadyelsahar/ar_res_reviews:7771,review_needed,,,False,False,زيت,,,البرجر,0.3,unreviewed,only ambiguous risky tokens present - needs human judgment,weak,1
hadyelsahar/ar_res_reviews:7774,review_needed,general_place_vibe,general_place_vibe,True,False,المحل,,المحل,,1.3,unreviewed,only ambiguous risky tokens present - needs human judgment,weak,1
hadyelsahar/ar_res_reviews:7777,review_needed,general_place_vibe,general_place_vibe,True,False,المطعم,,المطعم,الاكل | الشاورما,1.3,unreviewed,only ambiguous risky tokens present - needs human judgment,weak,1
hadyelsahar/ar_res_reviews:7789,review_needed,general_place_vibe,general_place_vibe,True,False,المطعم,,المطعم,الاكل | السلطه,1.3,unreviewed,only ambiguous risky tokens present - needs human judgment,weak,1
hadyelsahar/ar_res_reviews:7792,review_needed,general_place_vibe,general_place_vibe,True,False,المطعم,,المطعم,البطاطس | جاهز,1.3,unreviewed,only ambiguous risky tokens present - needs human judgment,weak,1
hadyelsahar/ar_res_reviews:7794,review_needed,general_place_vibe,general_place_vibe,True,False,المطعم,,المطعم,الطعم,1.3,unreviewed,only ambiguous risky tokens present - needs human judgment,weak,1
hadyelsahar/ar_res_reviews:7795,review_needed,general_place_vibe,general_place_vibe,True,False,المطعم,,المطعم,البرجر | البطاطس,1.3,unreviewed,only ambiguous risky tokens present - needs human judgment,weak,1
hadyelsahar/ar_res_reviews:7796,review_needed,general_place_vibe,general_place_vibe,True,False,المطعم,,المطعم,,1.3,unreviewed,only ambiguous risky tokens present - needs human judgment,weak,1
hadyelsahar/ar_res_reviews:7802,review_needed,general_place_vibe,general_place_vibe,True,False,المطعم | عالي | عاليه,,المطعم,,1.9,unreviewed,only ambiguous risky tokens present - needs human judgment,weak,1
hadyelsahar/ar_res_reviews:7803,review_needed,general_place_vibe,general_place_vibe,True,False,المطعم,,المطعم,الاسعار,1.3,unreviewed,only ambiguous risky tokens present - needs human judgment,weak,1
hadyelsahar/ar_res_reviews:7805,review_needed,general_place_vibe,general_place_vibe,True,False,المطعم,,المطعم,,1.3,unreviewed,only ambiguous risky tokens present - needs human judgment,weak,0
hadyelsahar/ar_res_reviews:7807,review_needed,general_place_vibe,general_place_vibe,True,False,المطعم,,المطعم,الاسعار,1.3,unreviewed,only ambiguous risky tokens present - needs human judgment,weak,0
hadyelsahar/ar_res_reviews:7809,review_needed,general_place_vibe,general_place_vibe,True,False,المطعم,,المطعم,,1.3,unreviewed,only ambiguous risky tokens present - needs human judgment,weak,0
hadyelsahar/ar_res_reviews:7810,review_needed,general_place_vibe,general_place_vibe,True,False,المطعم | قديم,,المطعم | قديم,,2.6,unreviewed,only ambiguous risky tokens present - needs human judgment,weak,1
hadyelsahar/ar_res_reviews:7815,review_needed,general_place_vibe,general_place_vibe,True,False,المطعم,,المطعم,الاكل,1.3,unreviewed,only ambiguous risky tokens present - needs human judgment,weak,1
hadyelsahar/ar_res_reviews:7818,review_needed,general_place_vibe,general_place_vibe,True,False,المطعم,,المطعم,الاكل | السعر,1.3,unreviewed,only ambiguous risky tokens present - needs human judgment,weak,0
hadyelsahar/ar_res_reviews:7822,review_needed,general_place_vibe,general_place_vibe,True,False,المطعم,,المطعم,,1.3,unreviewed,only ambiguous risky tokens present - needs human judgment,weak,1
hadyelsahar/ar_res_reviews:7826,review_needed,general_place_vibe,general_place_vibe,True,False,المطعم,,المطعم,اللحم,1.3,unreviewed,only ambiguous risky tokens present - needs human judgment,weak,0
hadyelsahar/ar_res_reviews:7832,review_needed,seating_comfort,seating_comfort | general_place_vibe,True,False,الطاوله | المطعم | المكان,,الطاوله | المطعم | المكان,الاسعار | الاكل,3.9,unreviewed,only ambiguous risky tokens present - needs human judgment,weak,1
hadyelsahar/ar_res_reviews:7835,review_needed,general_place_vibe,general_place_vibe,True,False,المطعم | المكان,,المطعم | المكان,,2.6,unreviewed,only ambiguous risky tokens present - needs human judgment,weak,1
hadyelsahar/ar_res_reviews:7836,review_needed,general_place_vibe,general_place_vibe,True,False,المطعم,,المطعم,الاكل,1.3,unreviewed,only ambiguous risky tokens present - needs human judgment,weak,1
hadyelsahar/ar_res_reviews:7837,review_needed,general_place_vibe,general_place_vibe,True,False,المطعم,,المطعم,,1.3,unreviewed,only ambiguous risky tokens present - needs human judgment,weak,1
hadyelsahar/ar_res_reviews:7839,review_needed,general_place_vibe,general_place_vibe,True,False,المطعم,,المطعم,,1.3,unreviewed,only ambiguous risky tokens present - needs human judgment,weak,0
hadyelsahar/ar_res_reviews:7840,review_needed,general_place_vibe,general_place_vibe,True,False,المطعم,,المطعم,الاكل,1.3,unreviewed,only ambiguous risky tokens present - needs human judgment,weak,0
hadyelsahar/ar_res_reviews:7841,review_needed,general_place_vibe,general_place_vibe,True,False,المطعم,,المطعم,الاسعار | الموظفين,1.3,unreviewed,only ambiguous risky tokens present - needs human judgment,weak,1
hadyelsahar/ar_res_reviews:7845,review_needed,general_place_vibe,general_place_vibe,True,False,المطعم,,المطعم,الطعام | الموظفين,1.3,unreviewed,only ambiguous risky tokens present - needs human judgment,weak,0
hadyelsahar/ar_res_reviews:7857,review_needed,general_place_vibe,general_place_vibe,True,False,المحل | المطعم,,المحل | المطعم,الاكل,2.6,unreviewed,only ambiguous risky tokens present - needs human judgment,weak,1
hadyelsahar/ar_res_reviews:7872,review_needed,general_place_vibe,general_place_vibe,True,False,المطعم | المكان,,المطعم | المكان,,2.6,unreviewed,only ambiguous risky tokens present - needs human judgment,weak,1
hadyelsahar/ar_res_reviews:7873,review_needed,general_place_vibe,general_place_vibe,True,False,المطعم,,المطعم,الاسعار,1.3,unreviewed,only ambiguous risky tokens present - needs human judgment,weak,0
hadyelsahar/ar_res_reviews:7877,review_needed,general_place_vibe,general_place_vibe,True,False,المطعم,,المطعم,الشاورما,1.3,unreviewed,only ambiguous risky tokens present - needs human judgment,weak,1
hadyelsahar/ar_res_reviews:7878,review_needed,general_place_vibe,general_place_vibe,True,False,المطعم,,المطعم,,1.3,unreviewed,only ambiguous risky tokens present - needs human judgment,weak,1
hadyelsahar/ar_res_reviews:7880,review_needed,general_place_vibe,general_place_vibe,True,False,المطعم,,المطعم,البيتزا | الخبز,1.3,unreviewed,only ambiguous risky tokens present - needs human judgment,weak,1
hadyelsahar/ar_res_reviews:7882,review_needed,,,False,False,زيت,,,البيتزا,0.3,unreviewed,only ambiguous risky tokens present - needs human judgment,weak,1
hadyelsahar/ar_res_reviews:7885,review_needed,general_place_vibe,general_place_vibe,True,False,المطعم,,المطعم,,1.3,unreviewed,only ambiguous risky tokens present - needs human judgment,weak,1
hadyelsahar/ar_res_reviews:7892,review_needed,general_place_vibe,general_place_vibe,True,False,المطعم,,المطعم,الخبز | الطعام | غاليه,1.3,unreviewed,only ambiguous risky tokens present - needs human judgment,weak,1
hadyelsahar/ar_res_reviews:7897,review_needed,general_place_vibe,general_place_vibe,True,False,المكان,,المكان,,1.3,unreviewed,only ambiguous risky tokens present - needs human judgment,weak,1
hadyelsahar/ar_res_reviews:7907,review_needed,general_place_vibe,general_place_vibe,True,False,المطعم,,المطعم,الاكل | اللحم,1.3,unreviewed,only ambiguous risky tokens present - needs human judgment,weak,1
hadyelsahar/ar_res_reviews:7912,review_needed,general_place_vibe,general_place_vibe,True,False,المطعم,,المطعم,الاكل,1.3,unreviewed,only ambiguous risky tokens present - needs human judgment,weak,1
hadyelsahar/ar_res_reviews:7919,review_needed,general_place_vibe,general_place_vibe,True,False,المطعم,,المطعم,,1.3,unreviewed,only ambiguous risky tokens present - needs human judgment,weak,1
hadyelsahar/ar_res_reviews:7922,review_needed,general_place_vibe,general_place_vibe,True,False,المطعم | المكان | عاليه,,المطعم | المكان,الاسعار,2.9,unreviewed,only ambiguous risky tokens present - needs human judgment,weak,1
hadyelsahar/ar_res_reviews:7928,review_needed,general_place_vibe,general_place_vibe,True,False,المطعم,,المطعم,الاسعار,1.3,unreviewed,only ambiguous risky tokens present - needs human judgment,weak,0
hadyelsahar/ar_res_reviews:7943,review_needed,general_place_vibe,general_place_vibe,True,False,المطعم,,المطعم,الاكل,1.3,unreviewed,only ambiguous risky tokens present - needs human judgment,weak,0
hadyelsahar/ar_res_reviews:7948,review_needed,general_place_vibe,general_place_vibe,True,False,المطعم,,المطعم,,1.3,unreviewed,only ambiguous risky tokens present - needs human judgment,weak,1
hadyelsahar/ar_res_reviews:7953,review_needed,general_place_vibe,general_place_vibe,True,False,المطعم | حاره,,المطعم,الاسعار | الخبز | الرز | الطعام,1.6,unreviewed,only ambiguous risky tokens present - needs human judgment,weak,1
hadyelsahar/ar_res_reviews:7955,review_needed,general_place_vibe,general_place_vibe,True,False,المطعم,,المطعم,التوصيل,1.3,unreviewed,only ambiguous risky tokens present - needs human judgment,weak,1
hadyelsahar/ar_res_reviews:7957,review_needed,general_place_vibe,general_place_vibe,True,False,المطعم,,المطعم,,1.3,unreviewed,only ambiguous risky tokens present - needs human judgment,weak,1
hadyelsahar/ar_res_reviews:7960,review_needed,general_place_vibe,general_place_vibe,True,False,المطعم,,المطعم,الاكل,1.3,unreviewed,only ambiguous risky tokens present - needs human judgment,weak,1
hadyelsahar/ar_res_reviews:7962,review_needed,general_place_vibe,general_place_vibe,True,False,المطعم,,المطعم,,1.3,unreviewed,only ambiguous risky tokens present - needs human judgment,weak,0
hadyelsahar/ar_res_reviews:7964,review_needed,general_place_vibe,general_place_vibe,True,False,المطعم,,المطعم,الطعم,1.3,unreviewed,only ambiguous risky tokens present - needs human judgment,weak,0
hadyelsahar/ar_res_reviews:7966,review_needed,general_place_vibe,general_place_vibe,True,False,المطعم,,المطعم,اللحم,1.3,unreviewed,only ambiguous risky tokens present - needs human judgment,weak,0
hadyelsahar/ar_res_reviews:7973,review_needed,general_place_vibe,general_place_vibe,True,False,المطعم,,المطعم,الاكل | السعر | غالي,1.3,unreviewed,only ambiguous risky tokens present - needs human judgment,weak,1
hadyelsahar/ar_res_reviews:7976,review_needed,general_place_vibe,general_place_vibe,True,False,المطعم,,المطعم,الاكل,1.3,unreviewed,only ambiguous risky tokens present - needs human judgment,weak,1
hadyelsahar/ar_res_reviews:7980,review_needed,temperature_ac,general_place_vibe | temperature_ac,True,False,الفرع | بارده | حار | عالي,,الفرع | حار,الاسعار | الاكل | الطعم | غاليه,3.2,unreviewed,only ambiguous risky tokens present - needs human judgment,weak,1
hadyelsahar/ar_res_reviews:7983,review_needed,general_place_vibe,general_place_vibe,True,False,الفرع,,الفرع,الاكل | السعر,1.3,unreviewed,only ambiguous risky tokens present - needs human judgment,weak,1
hadyelsahar/ar_res_reviews:7985,review_needed,general_place_vibe,general_place_vibe,True,False,الفرع,,الفرع,,1.3,unreviewed,only ambiguous risky tokens present - needs human judgment,weak,1
hadyelsahar/ar_res_reviews:7989,review_needed,temperature_ac,temperature_ac,True,False,حار,,حار,السعر | طلبات,1.3,unreviewed,only ambiguous risky tokens present - needs human judgment,weak,1
hadyelsahar/ar_res_reviews:7992,review_needed,temperature_ac,temperature_ac,True,False,حار,,حار,طعمه,1.3,unreviewed,only ambiguous risky tokens present - needs human judgment,weak,1
hadyelsahar/ar_res_reviews:7996,review_needed,general_place_vibe,general_place_vibe,True,False,المطعم | المكان,,المطعم | المكان,الاكل | السعر,2.6,unreviewed,only ambiguous risky tokens present - needs human judgment,weak,1
hadyelsahar/ar_res_reviews:7999,review_needed,general_place_vibe,general_place_vibe,True,False,المطعم | المكان,,المطعم | المكان,الاكل,2.6,unreviewed,only ambiguous risky tokens present - needs human judgment,weak,1
hadyelsahar/ar_res_reviews:8001,review_needed,general_place_vibe,general_place_vibe,True,False,المطعم,,المطعم,,1.3,unreviewed,only ambiguous risky tokens present - needs human judgment,weak,1
hadyelsahar/ar_res_reviews:8002,review_needed,general_place_vibe,general_place_vibe,True,False,المطعم,,المطعم,,1.3,unreviewed,only ambiguous risky tokens present - needs human judgment,weak,1
hadyelsahar/ar_res_reviews:8005,review_needed,general_place_vibe,general_place_vibe,True,False,المطعم,,المطعم,,1.3,unreviewed,only ambiguous risky tokens present - needs human judgment,weak,1
hadyelsahar/ar_res_reviews:8007,review_needed,seating_comfort,seating_comfort,True,False,الطاوله,,الطاوله,,1.3,unreviewed,only ambiguous risky tokens present - needs human judgment,weak,1
hadyelsahar/ar_res_reviews:8016,review_needed,general_place_vibe,general_place_vibe,True,False,المطعم,,المطعم,اللحم,1.3,unreviewed,only ambiguous risky tokens present - needs human judgment,weak,1
hadyelsahar/ar_res_reviews:8024,review_needed,general_place_vibe,general_place_vibe,True,False,المطعم,,المطعم,الاسعار,1.3,unreviewed,only ambiguous risky tokens present - needs human judgment,weak,1
hadyelsahar/ar_res_reviews:8038,review_needed,general_place_vibe,general_place_vibe,True,False,المطعم,,المطعم,,1.3,unreviewed,only ambiguous risky tokens present - needs human judgment,weak,1
hadyelsahar/ar_res_reviews:8042,review_needed,general_place_vibe,general_place_vibe,True,False,المطعم,,المطعم,,1.3,unreviewed,only ambiguous risky tokens present - needs human judgment,weak,1
hadyelsahar/ar_res_reviews:8046,review_needed,general_place_vibe,general_place_vibe,True,False,المطعم,,المطعم,الاكل,1.3,unreviewed,only ambiguous risky tokens present - needs human judgment,weak,1
hadyelsahar/ar_res_reviews:8050,review_needed,general_place_vibe,general_place_vibe,True,False,المطعم,,المطعم,الدجاج | الرز | اللحم,1.3,unreviewed,only ambiguous risky tokens present - needs human judgment,weak,1
hadyelsahar/ar_res_reviews:8052,review_needed,general_place_vibe,general_place_vibe,True,False,المطعم,,المطعم,الاكل,1.3,unreviewed,only ambiguous risky tokens present - needs human judgment,weak,0
hadyelsahar/ar_res_reviews:8053,review_needed,general_place_vibe,general_place_vibe,True,False,المحل,,المحل,الموظفين,1.3,unreviewed,only ambiguous risky tokens present - needs human judgment,weak,1
hadyelsahar/ar_res_reviews:8057,review_needed,temperature_ac,general_place_vibe | temperature_ac,True,False,المطعم | حار,,المطعم | حار,الاسعار | الخبز,2.6,unreviewed,only ambiguous risky tokens present - needs human judgment,weak,1
hadyelsahar/ar_res_reviews:8058,review_needed,temperature_ac,general_place_vibe | temperature_ac,True,False,المطعم | حار,,المطعم | حار,الاكل,2.6,unreviewed,only ambiguous risky tokens present - needs human judgment,weak,1
hadyelsahar/ar_res_reviews:8060,review_needed,general_place_vibe,general_place_vibe,True,False,المطعم,,المطعم,الاكل | الطعم,1.3,unreviewed,only ambiguous risky tokens present - needs human judgment,weak,1
hadyelsahar/ar_res_reviews:8062,review_needed,general_place_vibe,general_place_vibe,True,False,المطعم,,المطعم,الاكل,1.3,unreviewed,only ambiguous risky tokens present - needs human judgment,weak,1
hadyelsahar/ar_res_reviews:8063,review_needed,general_place_vibe,general_place_vibe,True,False,المطعم,,المطعم,الدجاج,1.3,unreviewed,only ambiguous risky tokens present - needs human judgment,weak,1
hadyelsahar/ar_res_reviews:8067,review_needed,,,False,False,زيت,,,,0.3,unreviewed,only ambiguous risky tokens present - needs human judgment,weak,0
hadyelsahar/ar_res_reviews:8073,review_needed,general_place_vibe,general_place_vibe,True,False,المطعم,,المطعم,,1.3,unreviewed,only ambiguous risky tokens present - needs human judgment,weak,1
hadyelsahar/ar_res_reviews:8074,review_needed,general_place_vibe,general_place_vibe,True,False,المكان,,المكان,الدجاج,1.3,unreviewed,only ambiguous risky tokens present - needs human judgment,weak,1
hadyelsahar/ar_res_reviews:8097,review_needed,,,False,False,عالي,,,الاكل,0.3,unreviewed,only ambiguous risky tokens present - needs human judgment,weak,1
hadyelsahar/ar_res_reviews:8099,review_needed,general_place_vibe,general_place_vibe,True,False,المطعم,,المطعم,,1.3,unreviewed,only ambiguous risky tokens present - needs human judgment,weak,0
hadyelsahar/ar_res_reviews:8101,review_needed,general_place_vibe,general_place_vibe,True,False,المطعم,,المطعم,,1.3,unreviewed,only ambiguous risky tokens present - needs human judgment,weak,1
hadyelsahar/ar_res_reviews:8107,review_needed,general_place_vibe,general_place_vibe,True,False,المطعم,,المطعم,,1.3,unreviewed,only ambiguous risky tokens present - needs human judgment,weak,0
hadyelsahar/ar_res_reviews:8109,review_needed,general_place_vibe,general_place_vibe,True,False,المطعم,,المطعم,البيتزا,1.3,unreviewed,only ambiguous risky tokens present - needs human judgment,weak,1
hadyelsahar/ar_res_reviews:8119,review_needed,general_place_vibe,general_place_vibe,True,False,المطعم,,المطعم,الاكل,1.3,unreviewed,only ambiguous risky tokens present - needs human judgment,weak,1
hadyelsahar/ar_res_reviews:8120,review_needed,general_place_vibe,general_place_vibe,True,False,المطعم,,المطعم,,1.3,unreviewed,only ambiguous risky tokens present - needs human judgment,weak,1
hadyelsahar/ar_res_reviews:8122,review_needed,general_place_vibe,general_place_vibe,True,False,المطعم,,المطعم,,1.3,unreviewed,only ambiguous risky tokens present - needs human judgment,weak,0
hadyelsahar/ar_res_reviews:8124,review_needed,general_place_vibe,general_place_vibe,True,False,المطعم,,المطعم,,1.3,unreviewed,only ambiguous risky tokens present - needs human judgment,weak,1
hadyelsahar/ar_res_reviews:8126,review_needed,general_place_vibe,general_place_vibe,True,False,المطعم,,المطعم,الاكل,1.3,unreviewed,only ambiguous risky tokens present - needs human judgment,weak,1
hadyelsahar/ar_res_reviews:8135,review_needed,general_place_vibe,general_place_vibe,True,False,المطعم,,المطعم,,1.3,unreviewed,only ambiguous risky tokens present - needs human judgment,weak,1
hadyelsahar/ar_res_reviews:8136,review_needed,general_place_vibe,general_place_vibe,True,False,المطعم,,المطعم,البرجر | البطاطس | الطعم | العيش | اللحم,1.3,unreviewed,only ambiguous risky tokens present - needs human judgment,weak,0
hadyelsahar/ar_res_reviews:8137,review_needed,temperature_ac,general_place_vibe | temperature_ac,True,False,المطعم | حار,,المطعم | حار,البرجر | البطاطس | مكلف,2.6,unreviewed,only ambiguous risky tokens present - needs human judgment,weak,1
hadyelsahar/ar_res_reviews:8138,review_needed,general_place_vibe,general_place_vibe,True,False,المطعم,,المطعم,الطعم,1.3,unreviewed,only ambiguous risky tokens present - needs human judgment,weak,1
hadyelsahar/ar_res_reviews:8141,review_needed,temperature_ac,temperature_ac,True,False,حار,,حار,طعمها,1.3,unreviewed,only ambiguous risky tokens present - needs human judgment,weak,1
hadyelsahar/ar_res_reviews:8145,review_needed,general_place_vibe,general_place_vibe,True,False,المطعم,,المطعم,,1.3,unreviewed,only ambiguous risky tokens present - needs human judgment,weak,0
hadyelsahar/ar_res_reviews:8146,review_needed,general_place_vibe,general_place_vibe,True,False,المطعم,,المطعم,,1.3,unreviewed,only ambiguous risky tokens present - needs human judgment,weak,0
hadyelsahar/ar_res_reviews:8151,review_needed,general_place_vibe,general_place_vibe,True,False,المحل | المطعم,,المحل | المطعم,,2.6,unreviewed,only ambiguous risky tokens present - needs human judgment,weak,1
hadyelsahar/ar_res_reviews:8154,review_needed,general_place_vibe,general_place_vibe,True,False,المطعم,,المطعم,,1.3,unreviewed,only ambiguous risky tokens present - needs human judgment,weak,1
hadyelsahar/ar_res_reviews:8157,review_needed,general_place_vibe,general_place_vibe,True,False,المطعم,,المطعم,,1.3,unreviewed,only ambiguous risky tokens present - needs human judgment,weak,1
hadyelsahar/ar_res_reviews:8163,review_needed,general_place_vibe,general_place_vibe,True,False,المطعم,,المطعم,,1.3,unreviewed,only ambiguous risky tokens present - needs human judgment,weak,1
hadyelsahar/ar_res_reviews:8164,review_needed,general_place_vibe,general_place_vibe,True,False,المطعم,,المطعم,الشاورما,1.3,unreviewed,only ambiguous risky tokens present - needs human judgment,weak,1
hadyelsahar/ar_res_reviews:8165,review_needed,,,False,False,قديمه,,,,0.3,unreviewed,only ambiguous risky tokens present - needs human judgment,weak,1
hadyelsahar/ar_res_reviews:8168,review_needed,seating_comfort,seating_comfort,True,False,الطاوله,,الطاوله,بقع,1.3,unreviewed,only ambiguous risky tokens present - needs human judgment,weak,0
hadyelsahar/ar_res_reviews:8171,review_needed,general_place_vibe,general_place_vibe,True,False,المطعم,,المطعم,,1.3,unreviewed,only ambiguous risky tokens present - needs human judgment,weak,1
hadyelsahar/ar_res_reviews:8179,review_needed,general_place_vibe,general_place_vibe,True,False,المطعم,,المطعم,الطعام,1.3,unreviewed,only ambiguous risky tokens present - needs human judgment,weak,1
hadyelsahar/ar_res_reviews:8182,review_needed,general_place_vibe,general_place_vibe,True,False,المطعم,,المطعم,التوصيل,1.3,unreviewed,only ambiguous risky tokens present - needs human judgment,weak,1
hadyelsahar/ar_res_reviews:8186,review_needed,general_place_vibe,general_place_vibe,True,False,المطعم,,المطعم,الاكل | الشاورما | غاليه,1.3,unreviewed,only ambiguous risky tokens present - needs human judgment,weak,1
hadyelsahar/ar_res_reviews:8188,review_needed,general_place_vibe,general_place_vibe,True,False,المطعم,,المطعم,,1.3,unreviewed,only ambiguous risky tokens present - needs human judgment,weak,0
hadyelsahar/ar_res_reviews:8193,review_needed,general_place_vibe,general_place_vibe,True,False,المطعم,,المطعم,,1.3,unreviewed,only ambiguous risky tokens present - needs human judgment,weak,1
hadyelsahar/ar_res_reviews:8216,review_needed,general_place_vibe,general_place_vibe,True,False,المطعم,,المطعم,,1.3,unreviewed,only ambiguous risky tokens present - needs human judgment,weak,1
hadyelsahar/ar_res_reviews:8219,review_needed,general_place_vibe,general_place_vibe,True,False,المطعم,,المطعم,الاكل,1.3,unreviewed,only ambiguous risky tokens present - needs human judgment,weak,1
hadyelsahar/ar_res_reviews:8221,review_needed,general_place_vibe,general_place_vibe,True,False,المطعم,,المطعم,الخبز | الرز,1.3,unreviewed,only ambiguous risky tokens present - needs human judgment,weak,1
hadyelsahar/ar_res_reviews:8225,review_needed,general_place_vibe,general_place_vibe,True,False,المطعم,,المطعم,الاسعار | الاكل | غاليه,1.3,unreviewed,only ambiguous risky tokens present - needs human judgment,weak,1
hadyelsahar/ar_res_reviews:8232,review_needed,general_place_vibe,general_place_vibe,True,False,المحل | المطعم,,المحل | المطعم,الدجاج,2.6,unreviewed,only ambiguous risky tokens present - needs human judgment,weak,1
hadyelsahar/ar_res_reviews:8234,review_needed,general_place_vibe,general_place_vibe,True,False,المطعم,,المطعم,,1.3,unreviewed,only ambiguous risky tokens present - needs human judgment,weak,1
hadyelsahar/ar_res_reviews:8247,review_needed,general_place_vibe,general_place_vibe,True,False,المطعم,,المطعم,البرجر,1.3,unreviewed,only ambiguous risky tokens present - needs human judgment,weak,1
hadyelsahar/ar_res_reviews:8249,review_needed,general_place_vibe,general_place_vibe,True,False,المطعم,,المطعم,السعر,1.3,unreviewed,only ambiguous risky tokens present - needs human judgment,weak,1
hadyelsahar/ar_res_reviews:8250,review_needed,general_place_vibe,general_place_vibe,True,False,المطعم,,المطعم,الطعام,1.3,unreviewed,only ambiguous risky tokens present - needs human judgment,weak,0
hadyelsahar/ar_res_reviews:8253,review_needed,general_place_vibe,general_place_vibe,True,False,المطعم,,المطعم,غاليه,1.3,unreviewed,only ambiguous risky tokens present - needs human judgment,weak,1
hadyelsahar/ar_res_reviews:8270,review_needed,general_place_vibe,general_place_vibe,True,False,المطعم,,المطعم,الدجاج,1.3,unreviewed,only ambiguous risky tokens present - needs human judgment,weak,1
hadyelsahar/ar_res_reviews:8274,review_needed,general_place_vibe,general_place_vibe,True,False,المطعم,,المطعم,الطعم,1.3,unreviewed,only ambiguous risky tokens present - needs human judgment,weak,0
hadyelsahar/ar_res_reviews:8275,review_needed,general_place_vibe,general_place_vibe,True,False,المطعم,,المطعم,الاكل | السعر,1.3,unreviewed,only ambiguous risky tokens present - needs human judgment,weak,1
hadyelsahar/ar_res_reviews:8278,review_needed,general_place_vibe,general_place_vibe,True,False,المطعم,,المطعم,,1.3,unreviewed,only ambiguous risky tokens present - needs human judgment,weak,1
hadyelsahar/ar_res_reviews:8282,review_needed,general_place_vibe,general_place_vibe,True,False,المطعم,,المطعم,,1.3,unreviewed,only ambiguous risky tokens present - needs human judgment,weak,1
hadyelsahar/ar_res_reviews:8286,review_needed,,,False,False,بارده,,,الوجبه,0.3,unreviewed,only ambiguous risky tokens present - needs human judgment,weak,0
hadyelsahar/ar_res_reviews:8288,review_needed,general_place_vibe,general_place_vibe,True,False,المطعم,,المطعم,,1.3,unreviewed,only ambiguous risky tokens present - needs human judgment,weak,1
hadyelsahar/ar_res_reviews:8298,review_needed,general_place_vibe,general_place_vibe,True,False,المطعم,,المطعم,البيتزا,1.3,unreviewed,only ambiguous risky tokens present - needs human judgment,weak,1
hadyelsahar/ar_res_reviews:8307,review_needed,general_place_vibe,general_place_vibe,True,False,المحل,,المحل,,1.3,unreviewed,only ambiguous risky tokens present - needs human judgment,weak,1
hadyelsahar/ar_res_reviews:8308,review_needed,general_place_vibe,general_place_vibe,True,False,المحل,,المحل,,1.3,unreviewed,only ambiguous risky tokens present - needs human judgment,weak,1
hadyelsahar/ar_res_reviews:8313,review_needed,outdoor_view,general_place_vibe | outdoor_view,True,False,المطعم | برا,,المطعم | برا,,2.6,unreviewed,only ambiguous risky tokens present - needs human judgment,weak,0
hadyelsahar/ar_res_reviews:8315,review_needed,general_place_vibe,general_place_vibe,True,False,قديم,,قديم,,1.3,unreviewed,only ambiguous risky tokens present - needs human judgment,weak,1
hadyelsahar/ar_res_reviews:8316,review_needed,,,False,False,قديمه,,,,0.3,unreviewed,only ambiguous risky tokens present - needs human judgment,weak,1
hadyelsahar/ar_res_reviews:8323,review_needed,general_place_vibe,general_place_vibe,True,False,المحل,,المحل,,1.3,unreviewed,only ambiguous risky tokens present - needs human judgment,weak,1
hadyelsahar/ar_res_reviews:8327,review_needed,general_place_vibe,general_place_vibe,True,False,المطعم,,المطعم,,1.3,unreviewed,only ambiguous risky tokens present - needs human judgment,weak,0
hadyelsahar/ar_res_reviews:8329,review_needed,,,False,False,زيت,,,الشاورما,0.3,unreviewed,only ambiguous risky tokens present - needs human judgment,weak,1
hadyelsahar/ar_res_reviews:8331,review_needed,general_place_vibe,general_place_vibe,True,False,المطعم,,المطعم,,1.3,unreviewed,only ambiguous risky tokens present - needs human judgment,weak,1
hadyelsahar/ar_res_reviews:8332,review_needed,seating_comfort,seating_comfort | general_place_vibe,True,False,الطاوله | المطعم,,الطاوله | المطعم,,2.6,unreviewed,only ambiguous risky tokens present - needs human judgment,weak,1
hadyelsahar/ar_res_reviews:8342,review_needed,seating_comfort,seating_comfort | general_place_vibe,True,False,الطاوله | المطعم,,الطاوله | المطعم,السلطه | طعمه,2.6,unreviewed,only ambiguous risky tokens present - needs human judgment,weak,1
hadyelsahar/ar_res_reviews:8345,review_needed,general_place_vibe,general_place_vibe,True,False,المطعم,,المطعم,الدجاج | الطعم | الموظفين,1.3,unreviewed,only ambiguous risky tokens present - needs human judgment,weak,1
hadyelsahar/ar_res_reviews:8347,review_needed,,,False,False,حاره,,,,0.3,unreviewed,only ambiguous risky tokens present - needs human judgment,weak,1
hadyelsahar/ar_res_reviews:8352,review_needed,general_place_vibe,general_place_vibe,True,False,المطعم,,المطعم,,1.3,unreviewed,only ambiguous risky tokens present - needs human judgment,weak,0
hadyelsahar/ar_res_reviews:8354,review_needed,general_place_vibe,general_place_vibe,True,False,المطعم,,المطعم,,1.3,unreviewed,only ambiguous risky tokens present - needs human judgment,weak,0
hadyelsahar/ar_res_reviews:8355,review_needed,general_place_vibe,general_place_vibe,True,False,المطعم,,المطعم,,1.3,unreviewed,only ambiguous risky tokens present - needs human judgment,weak,1
hadyelsahar/ar_res_reviews:8358,review_needed,general_place_vibe,general_place_vibe,True,False,المطعم,,المطعم,,1.3,unreviewed,only ambiguous risky tokens present - needs human judgment,weak,1
hadyelsahar/ar_res_reviews:8361,review_needed,general_place_vibe,general_place_vibe,True,False,المطعم,,المطعم,,1.3,unreviewed,only ambiguous risky tokens present - needs human judgment,weak,1
