id,weak_label,ambience_subtype,ambience_subtype_all,contains_ambience_keyword,is_hard_negative,risk_keyword,high_precision_hits,single_token_hits,hard_negative_hits,score,review_status,notes,label_confidence,polarity
hadyelsahar/ar_res_reviews:17,hard_negative_candidate,seating_comfort,seating_comfort | general_place_vibe,True,True,المطعم | عاليه,,الجلسه | المطعم,الاكل | الخبز,2.6,unreviewed,ambience-words present alongside hard-negative cue - likely a non-ambience complaint,weak,0
hadyelsahar/ar_res_reviews:27,hard_negative_candidate,seating_comfort,seating_comfort | general_place_vibe | space_crowding,True,True,المطعم,,الطاولات | المطعم | طاوله | مزدحم,البرجر | الطعم | اللحم,4.3,unreviewed,ambience-words present alongside hard-negative cue - likely a non-ambience complaint,weak,1
hadyelsahar/ar_res_reviews:32,hard_negative_candidate,space_crowding,general_place_vibe | space_crowding,True,True,المطعم | المكان,,المطعم | المكان | مزدحم,الاسعار | البرجر,3.6,unreviewed,ambience-words present alongside hard-negative cue - likely a non-ambience complaint,weak,1
hadyelsahar/ar_res_reviews:33,hard_negative_candidate,seating_comfort,seating_comfort | general_place_vibe,True,True,المطعم,,الكراسي | المطعم,البرجر | الطعام | الموظفين,2.3,unreviewed,ambience-words present alongside hard-negative cue - likely a non-ambience complaint,weak,0
hadyelsahar/ar_res_reviews:34,hard_negative_candidate,privacy,privacy | general_place_vibe,True,True,المكان,قسم العوائل,المكان,الاكل | البرجر | بدون صوص,3.3,unreviewed,ambience-words present alongside hard-negative cue - likely a non-ambience complaint,weak,0
hadyelsahar/ar_res_reviews:38,hard_negative_candidate,seating_comfort,seating_comfort | general_place_vibe,True,True,الفرع | المطعم,,الجلسات | الفرع | المطعم,الخبز | اللحم,3.6,unreviewed,ambience-words present alongside hard-negative cue - likely a non-ambience complaint,weak,1
hadyelsahar/ar_res_reviews:47,hard_negative_candidate,smell,smell | general_place_vibe | seating_comfort,True,True,الفرع | ريحه | زيت,ريحه زيت,الجو | الطاولات | الفرع | ريحه,الطعم,6.9,unreviewed,ambience-words present alongside hard-negative cue - likely a non-ambience complaint,weak,0
hadyelsahar/ar_res_reviews:48,hard_negative_candidate,seating_comfort,seating_comfort | general_place_vibe,True,True,المطعم,,الكراسي | المطعم,البرجر | الطعام | الموظفين,2.3,unreviewed,ambience-words present alongside hard-negative cue - likely a non-ambience complaint,weak,0
hadyelsahar/ar_res_reviews:62,hard_negative_candidate,privacy,privacy,True,True,,,عوائل,الاسعار | البطاطس | الخبز | الطعم | طعمه | غاليه,1.0,unreviewed,ambience-words present alongside hard-negative cue - likely a non-ambience complaint,weak,0
hadyelsahar/ar_res_reviews:92,hard_negative_candidate,general_place_vibe,general_place_vibe,True,True,المكان | زيت,المكان كئيب,المكان | كئيب,الاسعار | البطاطس | اللحم | الموظفين | انتظرت,4.6,unreviewed,ambience-words present alongside hard-negative cue - likely a non-ambience complaint,weak,1
hadyelsahar/ar_res_reviews:106,hard_negative_candidate,general_place_vibe,general_place_vibe,True,True,المطعم,,المطعم,الدجاج | السعر | الطعم | ما طلبنا | مبالغ فيه,1.3,unreviewed,multi-word hard-negative phrase present - confirmed non-ambience,weak,0
hadyelsahar/ar_res_reviews:115,hard_negative_candidate,temperature_ac,temperature_ac,True,True,بارد,,بارد,الاكل | الطعم | الاكل بارد,1.3,unreviewed,multi-word hard-negative phrase present - confirmed non-ambience,weak,0
hadyelsahar/ar_res_reviews:118,hard_negative_candidate,decor_furniture,decor_furniture,True,True,,,الديكور,الطعم,1.0,unreviewed,ambience-words present alongside hard-negative cue - likely a non-ambience complaint,weak,1
hadyelsahar/ar_res_reviews:125,hard_negative_candidate,temperature_ac,general_place_vibe | temperature_ac,True,True,المحل,,المحل | حراره,الاكل | السندويش,2.3,unreviewed,ambience-words present alongside hard-negative cue - likely a non-ambience complaint,weak,1
hadyelsahar/ar_res_reviews:138,hard_negative_candidate,decor_furniture,decor_furniture | general_place_vibe,True,True,المطعم,,الديكور | المطعم,الاكل,2.3,unreviewed,ambience-words present alongside hard-negative cue - likely a non-ambience complaint,weak,1
hadyelsahar/ar_res_reviews:140,hard_negative_candidate,space_crowding,general_place_vibe | space_crowding,True,True,المطعم,,المطعم | مزدحم,الدجاج | الموظفين,2.3,unreviewed,ambience-words present alongside hard-negative cue - likely a non-ambience complaint,weak,1
hadyelsahar/ar_res_reviews:144,hard_negative_candidate,outdoor_view,outdoor_view | seating_comfort | general_place_vibe,True,True,الطاوله | المطعم,جلسات خارجيه,الطاوله | المطعم,البيتزا | النادل,4.6,unreviewed,ambience-words present alongside hard-negative cue - likely a non-ambience complaint,weak,1
hadyelsahar/ar_res_reviews:145,hard_negative_candidate,seating_comfort,seating_comfort | general_place_vibe,True,True,المطعم,,القعده | المطعم,الاكل | الطعم,2.3,unreviewed,ambience-words present alongside hard-negative cue - likely a non-ambience complaint,weak,1
hadyelsahar/ar_res_reviews:148,hard_negative_candidate,general_place_vibe,general_place_vibe,True,True,المكان,,المكان,ما طلبنا,1.3,unreviewed,multi-word hard-negative phrase present - confirmed non-ambience,weak,0
hadyelsahar/ar_res_reviews:149,hard_negative_candidate,general_place_vibe,general_place_vibe,True,True,,,الجو,الاسعار | الطعام,1.0,unreviewed,ambience-words present alongside hard-negative cue - likely a non-ambience complaint,weak,1
hadyelsahar/ar_res_reviews:170,hard_negative_candidate,general_place_vibe,general_place_vibe,True,True,المحل | المطعم,,الجو | المحل | المطعم,البيتزا | الطعم,3.6,unreviewed,ambience-words present alongside hard-negative cue - likely a non-ambience complaint,weak,1
hadyelsahar/ar_res_reviews:192,hard_negative_candidate,temperature_ac,general_place_vibe | temperature_ac,True,True,المحل | حار | زيت,,المحل | ثلج | حار,البطاطس | البيتزا | السلطه,3.9,unreviewed,ambience-words present alongside hard-negative cue - likely a non-ambience complaint,weak,0
hadyelsahar/ar_res_reviews:197,hard_negative_candidate,privacy,privacy | seating_comfort | general_place_vibe | space_crowding,True,True,الطاوله | الفرع,قسم العوائل,الطاوله | الفرع | زحمه | ضيق,البيتزا | الطعام,6.6,unreviewed,ambience-words present alongside hard-negative cue - likely a non-ambience complaint,weak,0
hadyelsahar/ar_res_reviews:198,hard_negative_candidate,,,False,True,,,,البيتزا | السعر | مبالغ فيه,0.0,unreviewed,multi-word hard-negative phrase present - confirmed non-ambience,weak,1
hadyelsahar/ar_res_reviews:222,hard_negative_candidate,general_place_vibe,general_place_vibe,True,True,المحل,,المحل,الساندويتش | السعر | مبالغ فيه,1.3,unreviewed,multi-word hard-negative phrase present - confirmed non-ambience,weak,0
hadyelsahar/ar_res_reviews:227,hard_negative_candidate,decor_furniture,decor_furniture | seating_comfort,True,True,الارضيه,,الارضيه | الطاولات,غاليه,2.3,unreviewed,ambience-words present alongside hard-negative cue - likely a non-ambience complaint,weak,0
hadyelsahar/ar_res_reviews:262,hard_negative_candidate,temperature_ac,general_place_vibe | temperature_ac | parking,True,True,المطعم | حار,,المطعم | ثلج | حار | موقف,التوصيل,4.6,unreviewed,ambience-words present alongside hard-negative cue - likely a non-ambience complaint,weak,1
hadyelsahar/ar_res_reviews:271,hard_negative_candidate,temperature_ac,temperature_ac | general_place_vibe,True,True,بارد | قديم,,بارد | قديم,الاكل | الاكل بارد,2.6,unreviewed,multi-word hard-negative phrase present - confirmed non-ambience,weak,0
hadyelsahar/ar_res_reviews:284,hard_negative_candidate,,,False,True,,,,الدجاج | غالي | ما طلبت,0.0,unreviewed,multi-word hard-negative phrase present - confirmed non-ambience,weak,1
hadyelsahar/ar_res_reviews:287,hard_negative_candidate,,,False,True,,,,الاسعار | البطاطس | مبالغ فيها | مبالغ فيه,0.0,unreviewed,multi-word hard-negative phrase present - confirmed non-ambience,weak,1
hadyelsahar/ar_res_reviews:288,hard_negative_candidate,,,False,True,,,,الاسعار | مبالغ فيها | مبالغ فيه,0.0,unreviewed,multi-word hard-negative phrase present - confirmed non-ambience,weak,1
hadyelsahar/ar_res_reviews:296,hard_negative_candidate,temperature_ac,temperature_ac,True,True,,,ثلج,الطعم,1.0,unreviewed,ambience-words present alongside hard-negative cue - likely a non-ambience complaint,weak,1
hadyelsahar/ar_res_reviews:300,hard_negative_candidate,,,False,True,,,,السعر | الطعم | الوجبه | طعمها | غالي | ما يستاهل,0.0,unreviewed,multi-word hard-negative phrase present - confirmed non-ambience,weak,1
hadyelsahar/ar_res_reviews:304,hard_negative_candidate,,,False,True,,,,ما طلبت,0.0,unreviewed,multi-word hard-negative phrase present - confirmed non-ambience,weak,0
hadyelsahar/ar_res_reviews:316,hard_negative_candidate,seating_comfort,seating_comfort | general_place_vibe,True,True,المطعم | المكان,,الجلسات | المطعم | المكان,الطعام,3.6,unreviewed,ambience-words present alongside hard-negative cue - likely a non-ambience complaint,weak,1
hadyelsahar/ar_res_reviews:321,hard_negative_candidate,decor_furniture,decor_furniture | general_place_vibe | space_crowding,True,True,المطعم | حاره,,الديكور | المطعم | ضيق,الاكل,3.6,unreviewed,ambience-words present alongside hard-negative cue - likely a non-ambience complaint,weak,1
hadyelsahar/ar_res_reviews:324,hard_negative_candidate,decor_furniture,decor_furniture | seating_comfort | general_place_vibe,True,True,الطاوله | المطعم | المكان | قديم,الديكور قديم,الديكور | الطاوله | المطعم | المكان | قديم,السندويش | الطعم,8.2,unreviewed,ambience-words present alongside hard-negative cue - likely a non-ambience complaint,weak,0
hadyelsahar/ar_res_reviews:326,hard_negative_candidate,noise_music,general_place_vibe | noise_music,True,True,الفرع | المطعم,,الفرع | المطعم | مزعج,الاكل,3.6,unreviewed,ambience-words present alongside hard-negative cue - likely a non-ambience complaint,weak,1
hadyelsahar/ar_res_reviews:327,hard_negative_candidate,space_crowding,general_place_vibe | space_crowding,True,True,الفرع | عاليه,,الفرع | مزدحم,الساندويتش | الفاتوره | اللحم,2.6,unreviewed,ambience-words present alongside hard-negative cue - likely a non-ambience complaint,weak,0
hadyelsahar/ar_res_reviews:352,hard_negative_candidate,noise_music,noise_music | privacy | bathroom_facilities,True,True,,ما نسمع بعض | قسم العوائل,ازعاج | المغسله,السعر | غاليه,6.0,unreviewed,ambience-words present alongside hard-negative cue - likely a non-ambience complaint,weak,0
hadyelsahar/ar_res_reviews:353,hard_negative_candidate,decor_furniture,decor_furniture,True,True,,,الديكور,الاسعار | مبالغ فيها | مبالغ فيه,1.0,unreviewed,ambience-words present alongside hard-negative cue - likely a non-ambience complaint,weak,0
hadyelsahar/ar_res_reviews:355,hard_negative_candidate,general_place_vibe,general_place_vibe,True,True,المحل | المكان,,الجو | المحل | المكان,الاسعار | الاكل,3.6,unreviewed,ambience-words present alongside hard-negative cue - likely a non-ambience complaint,weak,0
hadyelsahar/ar_res_reviews:366,hard_negative_candidate,,,False,True,,,,البيتزا | النكهه | مبالغ فيها | مبالغ فيه,0.0,unreviewed,multi-word hard-negative phrase present - confirmed non-ambience,weak,0
hadyelsahar/ar_res_reviews:389,hard_negative_candidate,bathroom_facilities,bathroom_facilities,True,True,,,المغاسل,البيتزا | اللحم,1.0,unreviewed,ambience-words present alongside hard-negative cue - likely a non-ambience complaint,weak,1
hadyelsahar/ar_res_reviews:394,hard_negative_candidate,temperature_ac,general_place_vibe | temperature_ac | space_crowding,True,True,المطعم | المكان | بارد | حار,,الجو | المطعم | المكان | بارد | حار | زحمه,الرز | الطعم,7.2,unreviewed,ambience-words present alongside hard-negative cue - likely a non-ambience complaint,weak,1
hadyelsahar/ar_res_reviews:402,hard_negative_candidate,,,False,True,,,,غالي | ما يستاهل,0.0,unreviewed,multi-word hard-negative phrase present - confirmed non-ambience,weak,0
hadyelsahar/ar_res_reviews:410,hard_negative_candidate,seating_comfort,general_place_vibe | seating_comfort,True,True,المطعم | المكان,,المطعم | المكان | طاوله,البرجر | ما طلبت,3.6,unreviewed,ambience-words present alongside hard-negative cue - likely a non-ambience complaint,weak,0
hadyelsahar/ar_res_reviews:411,hard_negative_candidate,decor_furniture,general_place_vibe | decor_furniture,True,True,المطعم,,الجو | الديكور | المطعم,الدجاج | اللحم,3.3,unreviewed,ambience-words present alongside hard-negative cue - likely a non-ambience complaint,weak,1
hadyelsahar/ar_res_reviews:412,hard_negative_candidate,decor_furniture,decor_furniture,True,True,,,الديكور,الاكل,1.0,unreviewed,ambience-words present alongside hard-negative cue - likely a non-ambience complaint,weak,0
hadyelsahar/ar_res_reviews:415,hard_negative_candidate,noise_music,noise_music | general_place_vibe | seating_comfort | parking | space_crowding,True,True,الفرع,,ازعاج | الجو | الطاولات | الطلعه | الفرع | زحمه,البرجر | الطعم,6.3,unreviewed,ambience-words present alongside hard-negative cue - likely a non-ambience complaint,weak,1
hadyelsahar/ar_res_reviews:418,hard_negative_candidate,noise_music,noise_music | lighting | decor_furniture | general_place_vibe | space_crowding,True,True,,,ازعاج | الاضاءه | الديكور | رايق | زحمه,الدجاج | الطعم | غالي,5.0,unreviewed,ambience-words present alongside hard-negative cue - likely a non-ambience complaint,weak,1
hadyelsahar/ar_res_reviews:421,hard_negative_candidate,noise_music,noise_music,True,True,,,اطفال,غالي,1.0,unreviewed,ambience-words present alongside hard-negative cue - likely a non-ambience complaint,weak,1
hadyelsahar/ar_res_reviews:432,hard_negative_candidate,general_place_vibe,general_place_vibe,True,True,المطعم,,المطعم,الاكل | مبالغ فيه,1.3,unreviewed,multi-word hard-negative phrase present - confirmed non-ambience,weak,0
hadyelsahar/ar_res_reviews:437,hard_negative_candidate,space_crowding,space_crowding,True,True,,,زحمه,الاكل,1.0,unreviewed,ambience-words present alongside hard-negative cue - likely a non-ambience complaint,weak,1
hadyelsahar/ar_res_reviews:445,hard_negative_candidate,noise_music,noise_music | general_place_vibe,True,True,المكان,,اطفال | المكان,الاسعار | الدجاج | السلطه,2.3,unreviewed,ambience-words present alongside hard-negative cue - likely a non-ambience complaint,weak,0
hadyelsahar/ar_res_reviews:453,hard_negative_candidate,seating_comfort,seating_comfort,True,True,,,طاوله,الدجاج,1.0,unreviewed,ambience-words present alongside hard-negative cue - likely a non-ambience complaint,weak,1
hadyelsahar/ar_res_reviews:458,hard_negative_candidate,temperature_ac,general_place_vibe | decor_furniture | temperature_ac | noise_music,True,True,بارد,,الجو | الديكور | بارد | مزعج,الاكل | الطعام | مالح | محروق,4.3,unreviewed,ambience-words present alongside hard-negative cue - likely a non-ambience complaint,weak,0
hadyelsahar/ar_res_reviews:459,hard_negative_candidate,temperature_ac,temperature_ac,True,True,بارد,,بارد,الاكل | الاكل بارد,1.3,unreviewed,multi-word hard-negative phrase present - confirmed non-ambience,weak,0
hadyelsahar/ar_res_reviews:464,hard_negative_candidate,temperature_ac,seating_comfort | general_place_vibe | temperature_ac,True,True,المكان | بارد,,الجلسات | المكان | بارد,الاكل | الاكل بارد,3.6,unreviewed,ambience-words present alongside hard-negative cue - likely a non-ambience complaint,weak,0
hadyelsahar/ar_res_reviews:499,hard_negative_candidate,decor_furniture,decor_furniture,True,True,,,الديكور,الدجاج | الطعم | الوجبه,1.0,unreviewed,ambience-words present alongside hard-negative cue - likely a non-ambience complaint,weak,1
hadyelsahar/ar_res_reviews:505,hard_negative_candidate,decor_furniture,decor_furniture | general_place_vibe,True,True,المطعم,,الديكور | المطعم,الاكل,2.3,unreviewed,ambience-words present alongside hard-negative cue - likely a non-ambience complaint,weak,1
hadyelsahar/ar_res_reviews:509,hard_negative_candidate,space_crowding,space_crowding,True,True,,,زحمه,الوجبه,1.0,unreviewed,ambience-words present alongside hard-negative cue - likely a non-ambience complaint,weak,1
hadyelsahar/ar_res_reviews:553,hard_negative_candidate,noise_music,noise_music,True,True,,,اطفال,الاكل | الطعم | الوجبه,1.0,unreviewed,ambience-words present alongside hard-negative cue - likely a non-ambience complaint,weak,1
hadyelsahar/ar_res_reviews:562,hard_negative_candidate,parking,parking | general_place_vibe,True,True,المطعم,الموقع صعب,المطعم,السعر | الفاتوره,3.3,unreviewed,ambience-words present alongside hard-negative cue - likely a non-ambience complaint,weak,1
hadyelsahar/ar_res_reviews:593,hard_negative_candidate,,,False,True,,,,الاكل | الدجاج | غالي | نسي | ما طلبنا,0.0,unreviewed,multi-word hard-negative phrase present - confirmed non-ambience,weak,0
hadyelsahar/ar_res_reviews:595,hard_negative_candidate,space_crowding,space_crowding,True,True,,,ضيق,الاكل,1.0,unreviewed,ambience-words present alongside hard-negative cue - likely a non-ambience complaint,weak,1
hadyelsahar/ar_res_reviews:597,hard_negative_candidate,seating_comfort,seating_comfort | general_place_vibe,True,True,المطعم,,الجلسات | المطعم,الطعام,2.3,unreviewed,ambience-words present alongside hard-negative cue - likely a non-ambience complaint,weak,1
hadyelsahar/ar_res_reviews:602,hard_negative_candidate,general_place_vibe,general_place_vibe,True,True,المكان | زيت,,المكان,الدجاج | الطعم | النادل | مبالغ فيها | مبالغ فيه,1.6,unreviewed,multi-word hard-negative phrase present - confirmed non-ambience,weak,0
hadyelsahar/ar_res_reviews:605,hard_negative_candidate,noise_music,noise_music | seating_comfort | general_place_vibe | space_crowding,True,True,الطاوله | المطعم | المكان | حاره,,ازعاج | الجلسه | الجو | الطاوله | المطعم | المكان | زحمه | ضيق | موسيقي,مبالغ فيها | ما طلبنا | مبالغ فيه,10.2,unreviewed,ambience-words present alongside hard-negative cue - likely a non-ambience complaint,weak,0
hadyelsahar/ar_res_reviews:607,hard_negative_candidate,decor_furniture,decor_furniture | general_place_vibe | space_crowding,True,True,الفرع | المكان,,الديكور | الفرع | المكان | فاضي,الاسعار | الاكل | السعر | طعمه | مبالغ فيها | مبالغ فيه,4.6,unreviewed,ambience-words present alongside hard-negative cue - likely a non-ambience complaint,weak,0
hadyelsahar/ar_res_reviews:651,hard_negative_candidate,general_place_vibe,general_place_vibe,True,True,المطعم,,المطعم,طعمه | مبالغ فيها | مبالغ فيه,1.3,unreviewed,multi-word hard-negative phrase present - confirmed non-ambience,weak,0
hadyelsahar/ar_res_reviews:672,hard_negative_candidate,,,False,True,,,,مبالغ فيها | مبالغ فيه,0.0,unreviewed,multi-word hard-negative phrase present - confirmed non-ambience,weak,0
hadyelsahar/ar_res_reviews:678,hard_negative_candidate,decor_furniture,decor_furniture | general_place_vibe,True,True,المطعم | قديمه,,الديكور | المطعم,الارز,2.6,unreviewed,ambience-words present alongside hard-negative cue - likely a non-ambience complaint,weak,1
hadyelsahar/ar_res_reviews:679,hard_negative_candidate,seating_comfort,seating_comfort | general_place_vibe,True,True,المطعم,,الجلسات | المطعم,اللحم,2.3,unreviewed,ambience-words present alongside hard-negative cue - likely a non-ambience complaint,weak,1
hadyelsahar/ar_res_reviews:682,hard_negative_candidate,general_place_vibe,general_place_vibe,True,True,المطعم,,المطعم,الاسعار | البرجر | طعمه | ما طلبت,1.3,unreviewed,multi-word hard-negative phrase present - confirmed non-ambience,weak,1
hadyelsahar/ar_res_reviews:683,hard_negative_candidate,noise_music,noise_music | seating_comfort | general_place_vibe,True,True,الطاوله | المطعم | المكان | عالي,صوت عالي,ازعاج | الجلسات | الطاوله | المطعم | المكان,الاكل | الطعم | طعمه,8.2,unreviewed,ambience-words present alongside hard-negative cue - likely a non-ambience complaint,weak,1
hadyelsahar/ar_res_reviews:684,hard_negative_candidate,privacy,general_place_vibe | privacy,True,True,المطعم | بارده,,المطعم | خصوصيه,الاكل | السعر | غالي | ما يستاهل,2.6,unreviewed,ambience-words present alongside hard-negative cue - likely a non-ambience complaint,weak,0
hadyelsahar/ar_res_reviews:686,hard_negative_candidate,decor_furniture,decor_furniture | general_place_vibe,True,True,المطعم,,الديكور | المطعم,الاسعار | الاكل,2.3,unreviewed,ambience-words present alongside hard-negative cue - likely a non-ambience complaint,weak,1
hadyelsahar/ar_res_reviews:687,hard_negative_candidate,privacy,privacy | general_place_vibe,True,True,المطعم | عاليه,قسم العوائل,افراد | المطعم | عوائل,الاسعار | الاكل | البطاطس | الطعام | طعمه,5.6,unreviewed,ambience-words present alongside hard-negative cue - likely a non-ambience complaint,weak,1
hadyelsahar/ar_res_reviews:690,hard_negative_candidate,outdoor_view,outdoor_view | privacy | general_place_vibe,True,True,برا | قديم,,برا | خصوصيه | قديم,الاكل | البيتزا,3.6,unreviewed,ambience-words present alongside hard-negative cue - likely a non-ambience complaint,weak,0
hadyelsahar/ar_res_reviews:705,hard_negative_candidate,decor_furniture,decor_furniture,True,True,,,الديكور,بايخ,1.0,unreviewed,ambience-words present alongside hard-negative cue - likely a non-ambience complaint,weak,0
hadyelsahar/ar_res_reviews:708,hard_negative_candidate,noise_music,noise_music,True,True,,,ازعاج,غالي,1.0,unreviewed,ambience-words present alongside hard-negative cue - likely a non-ambience complaint,weak,0
hadyelsahar/ar_res_reviews:724,hard_negative_candidate,,,False,True,,,,البيتزا | بدون بصل,0.0,unreviewed,multi-word hard-negative phrase present - confirmed non-ambience,weak,1
hadyelsahar/ar_res_reviews:734,hard_negative_candidate,seating_comfort,seating_comfort | general_place_vibe,True,True,المكان,,الطاولات | المكان,السعر | الطعم | غالي,2.3,unreviewed,ambience-words present alongside hard-negative cue - likely a non-ambience complaint,weak,1
hadyelsahar/ar_res_reviews:746,hard_negative_candidate,temperature_ac,general_place_vibe | temperature_ac,True,True,الفرع | المطعم,,الفرع | المطعم | المكيفات,الاكل | البيتزا | الفاتوره,3.6,unreviewed,ambience-words present alongside hard-negative cue - likely a non-ambience complaint,weak,0
hadyelsahar/ar_res_reviews:781,hard_negative_candidate,,,False,True,,,,البيتزا | ما طلبنا,0.0,unreviewed,multi-word hard-negative phrase present - confirmed non-ambience,weak,0
hadyelsahar/ar_res_reviews:789,hard_negative_candidate,general_place_vibe,general_place_vibe,True,True,الفرع,,الفرع,ساعه كامله,1.3,unreviewed,multi-word hard-negative phrase present - confirmed non-ambience,weak,1
hadyelsahar/ar_res_reviews:854,hard_negative_candidate,temperature_ac,parking | temperature_ac,True,True,بارد | بارده,,المواقف | بارد,البطاطس | الطعم | الكاشير | اللحم | الوجبه,2.6,unreviewed,ambience-words present alongside hard-negative cue - likely a non-ambience complaint,weak,0
hadyelsahar/ar_res_reviews:877,hard_negative_candidate,temperature_ac,temperature_ac,True,True,بارد | حار,,بارد | حار,الاكل | طعمها | الاكل بارد,2.6,unreviewed,multi-word hard-negative phrase present - confirmed non-ambience,weak,0
hadyelsahar/ar_res_reviews:903,hard_negative_candidate,temperature_ac,temperature_ac,True,True,بارد,,بارد,الاكل | الاكل بارد,1.3,unreviewed,multi-word hard-negative phrase present - confirmed non-ambience,weak,0
hadyelsahar/ar_res_reviews:933,hard_negative_candidate,temperature_ac,temperature_ac | smell | general_place_vibe,True,True,بارد | رائحه | زيت | قديم,,بارد | رائحه | قديم,الاكل | التوصيل | الاكل بارد,4.2,unreviewed,multi-word hard-negative phrase present - confirmed non-ambience,weak,0
hadyelsahar/ar_res_reviews:942,hard_negative_candidate,space_crowding,general_place_vibe | space_crowding,True,True,المطعم,,المطعم | زحمه,طلبات,2.3,unreviewed,ambience-words present alongside hard-negative cue - likely a non-ambience complaint,weak,0
hadyelsahar/ar_res_reviews:948,hard_negative_candidate,temperature_ac,temperature_ac,True,True,بارد,,بارد,الاكل | الاكل بارد,1.3,unreviewed,multi-word hard-negative phrase present - confirmed non-ambience,weak,0
hadyelsahar/ar_res_reviews:991,hard_negative_candidate,space_crowding,general_place_vibe | space_crowding,True,True,الفرع | المطعم,,الفرع | المطعم | مزدحم,الاسعار | الطعم | الوجبه,3.6,unreviewed,ambience-words present alongside hard-negative cue - likely a non-ambience complaint,weak,1
hadyelsahar/ar_res_reviews:1018,hard_negative_candidate,seating_comfort,seating_comfort,True,True,,,الكراسي,الكاشير,1.0,unreviewed,ambience-words present alongside hard-negative cue - likely a non-ambience complaint,weak,0
hadyelsahar/ar_res_reviews:1029,hard_negative_candidate,space_crowding,general_place_vibe | space_crowding,True,True,المطعم,,المطعم | زحمه,الدجاج,2.3,unreviewed,ambience-words present alongside hard-negative cue - likely a non-ambience complaint,weak,0
hadyelsahar/ar_res_reviews:1035,hard_negative_candidate,temperature_ac,general_place_vibe | temperature_ac,True,True,المطعم,,المطعم | ثلج,الاكل,2.3,unreviewed,ambience-words present alongside hard-negative cue - likely a non-ambience complaint,weak,0
hadyelsahar/ar_res_reviews:1064,hard_negative_candidate,,,False,True,,,,مبالغ فيها | مبالغ فيه,0.0,unreviewed,multi-word hard-negative phrase present - confirmed non-ambience,weak,0
hadyelsahar/ar_res_reviews:1070,hard_negative_candidate,space_crowding,space_crowding,True,True,,,فاضي,الموظفين,1.0,unreviewed,ambience-words present alongside hard-negative cue - likely a non-ambience complaint,weak,1
hadyelsahar/ar_res_reviews:1071,hard_negative_candidate,lighting,lighting,True,True,,,الاناره,الاكل,1.0,unreviewed,ambience-words present alongside hard-negative cue - likely a non-ambience complaint,weak,0
hadyelsahar/ar_res_reviews:1089,hard_negative_candidate,,,False,True,بارده,,,مبالغ فيها | مبالغ فيه,0.3,unreviewed,multi-word hard-negative phrase present - confirmed non-ambience,weak,1
hadyelsahar/ar_res_reviews:1098,hard_negative_candidate,space_crowding,general_place_vibe | space_crowding,True,True,المطعم,,المطعم | فاضي,غالي,2.3,unreviewed,ambience-words present alongside hard-negative cue - likely a non-ambience complaint,weak,1
hadyelsahar/ar_res_reviews:1113,hard_negative_candidate,,,False,True,,,,مبالغ فيها | مبالغ فيه,0.0,unreviewed,multi-word hard-negative phrase present - confirmed non-ambience,weak,1
hadyelsahar/ar_res_reviews:1115,hard_negative_candidate,parking,general_place_vibe | parking,True,True,,,الجو | المواقف,الاكل | الطعم,2.0,unreviewed,ambience-words present alongside hard-negative cue - likely a non-ambience complaint,weak,0
hadyelsahar/ar_res_reviews:1119,hard_negative_candidate,general_place_vibe,general_place_vibe,True,True,,,الاجواء,البرجر | النكهه,1.0,unreviewed,ambience-words present alongside hard-negative cue - likely a non-ambience complaint,weak,1
hadyelsahar/ar_res_reviews:1122,hard_negative_candidate,seating_comfort,seating_comfort,True,True,,,الطاولات,الاسعار,1.0,unreviewed,ambience-words present alongside hard-negative cue - likely a non-ambience complaint,weak,0
hadyelsahar/ar_res_reviews:1123,hard_negative_candidate,space_crowding,general_place_vibe | space_crowding,True,True,,,الاجواء | زحمه,الطعام,2.0,unreviewed,ambience-words present alongside hard-negative cue - likely a non-ambience complaint,weak,1
hadyelsahar/ar_res_reviews:1125,hard_negative_candidate,seating_comfort,seating_comfort | noise_music | parking,True,True,,,الجلسه | مزعج | موقف,الدجاج,3.0,unreviewed,ambience-words present alongside hard-negative cue - likely a non-ambience complaint,weak,0
hadyelsahar/ar_res_reviews:1134,hard_negative_candidate,seating_comfort,seating_comfort | general_place_vibe,True,True,المطعم,,الجلسات | الجو | المطعم,الاسعار | الطعم,3.3,unreviewed,ambience-words present alongside hard-negative cue - likely a non-ambience complaint,weak,1
hadyelsahar/ar_res_reviews:1152,hard_negative_candidate,noise_music,noise_music | general_place_vibe,True,True,,,ازعاج | الاجواء,الاكل,2.0,unreviewed,ambience-words present alongside hard-negative cue - likely a non-ambience complaint,weak,0
hadyelsahar/ar_res_reviews:1154,hard_negative_candidate,general_place_vibe,general_place_vibe,True,True,المطعم,,المطعم,الاكل | البطاطس | السعر | الطعم | وقت طويل,1.3,unreviewed,multi-word hard-negative phrase present - confirmed non-ambience,weak,0
hadyelsahar/ar_res_reviews:1165,hard_negative_candidate,parking,parking | general_place_vibe,True,True,الفرع | المطعم,ما فيه مواقف,الفرع | المطعم | مواقف,غالي | وقت طويل,5.6,unreviewed,ambience-words present alongside hard-negative cue - likely a non-ambience complaint,weak,0
hadyelsahar/ar_res_reviews:1167,hard_negative_candidate,decor_furniture,decor_furniture,True,True,,,الديكور,الاكل,1.0,unreviewed,ambience-words present alongside hard-negative cue - likely a non-ambience complaint,weak,0
hadyelsahar/ar_res_reviews:1170,hard_negative_candidate,space_crowding,space_crowding,True,True,,,زحمه,الاسعار | البرجر,1.0,unreviewed,ambience-words present alongside hard-negative cue - likely a non-ambience complaint,weak,0
hadyelsahar/ar_res_reviews:1173,hard_negative_candidate,temperature_ac,general_place_vibe | temperature_ac,True,True,المطعم,,المطعم | حر,الاكل,2.3,unreviewed,ambience-words present alongside hard-negative cue - likely a non-ambience complaint,weak,1
hadyelsahar/ar_res_reviews:1216,hard_negative_candidate,,,False,True,,,,مبالغ فيها | مبالغ فيه,0.0,unreviewed,multi-word hard-negative phrase present - confirmed non-ambience,weak,1
hadyelsahar/ar_res_reviews:1222,hard_negative_candidate,,,False,True,,,,الاسعار | مبالغ فيها | مبالغ فيه,0.0,unreviewed,multi-word hard-negative phrase present - confirmed non-ambience,weak,0
hadyelsahar/ar_res_reviews:1232,hard_negative_candidate,privacy,general_place_vibe | privacy,True,True,المطعم | المكان,,المطعم | المكان | خصوصيه,الاكل | البرجر | الرز | الوجبه | طعمها,3.6,unreviewed,ambience-words present alongside hard-negative cue - likely a non-ambience complaint,weak,1
hadyelsahar/ar_res_reviews:1239,hard_negative_candidate,seating_comfort,seating_comfort | general_place_vibe | space_crowding | privacy,True,True,الطاوله | المحل | المكان | زيت,,الطاوله | المحل | المكان | بارتشن | ضيقه | طاوله | عوائل | مزدحم,الاكل | الطعم | النادل | بطء,9.2,unreviewed,ambience-words present alongside hard-negative cue - likely a non-ambience complaint,weak,1
hadyelsahar/ar_res_reviews:1257,hard_negative_candidate,general_place_vibe,general_place_vibe,True,True,المطعم | عاليه,,اجواء | المطعم,البرجر | البطاطس | السعر,2.6,unreviewed,ambience-words present alongside hard-negative cue - likely a non-ambience complaint,weak,1
hadyelsahar/ar_res_reviews:1262,hard_negative_candidate,space_crowding,general_place_vibe | space_crowding,True,True,المطعم,,المطعم | زحمه,الطعم | الوجبه,2.3,unreviewed,ambience-words present alongside hard-negative cue - likely a non-ambience complaint,weak,1
hadyelsahar/ar_res_reviews:1263,hard_negative_candidate,seating_comfort,seating_comfort,True,True,,,الجلسات,الاكل,1.0,unreviewed,ambience-words present alongside hard-negative cue - likely a non-ambience complaint,weak,1
hadyelsahar/ar_res_reviews:1266,hard_negative_candidate,decor_furniture,decor_furniture | general_place_vibe,True,True,الفرع | المحل | المطعم,,الديكور | الفرع | المحل | المطعم,السعر,4.9,unreviewed,ambience-words present alongside hard-negative cue - likely a non-ambience complaint,weak,1
hadyelsahar/ar_res_reviews:1270,hard_negative_candidate,parking,general_place_vibe | parking,True,True,المطعم,,المطعم | موقف,الدجاج | اللحم,2.3,unreviewed,ambience-words present alongside hard-negative cue - likely a non-ambience complaint,weak,1
hadyelsahar/ar_res_reviews:1271,hard_negative_candidate,space_crowding,space_crowding,True,True,,,ضيق,غاليه,1.0,unreviewed,ambience-words present alongside hard-negative cue - likely a non-ambience complaint,weak,1
hadyelsahar/ar_res_reviews:1280,hard_negative_candidate,,,False,True,,,,مبالغ فيها | مبالغ فيه,0.0,unreviewed,multi-word hard-negative phrase present - confirmed non-ambience,weak,0
hadyelsahar/ar_res_reviews:1302,hard_negative_candidate,seating_comfort,general_place_vibe | seating_comfort,True,True,المطعم,,المطعم | طاوله,الاسعار | الخبز,2.3,unreviewed,ambience-words present alongside hard-negative cue - likely a non-ambience complaint,weak,1
hadyelsahar/ar_res_reviews:1315,hard_negative_candidate,general_place_vibe,general_place_vibe,True,True,المطعم,,المطعم,الاكل | الطعام | الطعم | اللحم | وقت طويل,1.3,unreviewed,multi-word hard-negative phrase present - confirmed non-ambience,weak,0
hadyelsahar/ar_res_reviews:1318,hard_negative_candidate,temperature_ac,temperature_ac,True,True,,,ثلج,الوجبه,1.0,unreviewed,ambience-words present alongside hard-negative cue - likely a non-ambience complaint,weak,0
hadyelsahar/ar_res_reviews:1324,hard_negative_candidate,seating_comfort,seating_comfort | outdoor_view,True,True,برا,,الجلسات | برا,النادل,2.3,unreviewed,ambience-words present alongside hard-negative cue - likely a non-ambience complaint,weak,1
hadyelsahar/ar_res_reviews:1327,hard_negative_candidate,space_crowding,general_place_vibe | space_crowding,True,True,المطعم,,المطعم | زحمه,البطاطس,2.3,unreviewed,ambience-words present alongside hard-negative cue - likely a non-ambience complaint,weak,1
hadyelsahar/ar_res_reviews:1341,hard_negative_candidate,seating_comfort,seating_comfort,True,True,عالي,,البارتشن,الاكل | اللحم | مبالغ فيه,1.3,unreviewed,ambience-words present alongside hard-negative cue - likely a non-ambience complaint,weak,0
hadyelsahar/ar_res_reviews:1342,hard_negative_candidate,decor_furniture,decor_furniture,True,True,,,الديكور,الاكل | الشاورما,1.0,unreviewed,ambience-words present alongside hard-negative cue - likely a non-ambience complaint,weak,1
hadyelsahar/ar_res_reviews:1343,hard_negative_candidate,privacy,privacy | noise_music | seating_comfort | general_place_vibe | space_crowding,True,True,الطاوله | المطعم,قسم العوائل | دي جي,الطاوله | المطعم | ضيقه | طاوله,طعمها,8.6,unreviewed,ambience-words present alongside hard-negative cue - likely a non-ambience complaint,weak,0
hadyelsahar/ar_res_reviews:1344,hard_negative_candidate,decor_furniture,decor_furniture | seating_comfort | general_place_vibe | privacy,True,True,المطعم,,الديكور | الطاولات | المطعم | عوائل,البطاطس | الدجاج | الطعم | اللحم | الموظفين,4.3,unreviewed,ambience-words present alongside hard-negative cue - likely a non-ambience complaint,weak,0
hadyelsahar/ar_res_reviews:1346,hard_negative_candidate,seating_comfort,seating_comfort | general_place_vibe | space_crowding,True,True,المطعم,,الجلسات | المطعم | ضيقه,السعر | الطعام,3.3,unreviewed,ambience-words present alongside hard-negative cue - likely a non-ambience complaint,weak,1
hadyelsahar/ar_res_reviews:1347,hard_negative_candidate,,,False,True,,,,ما يستاهل,0.0,unreviewed,multi-word hard-negative phrase present - confirmed non-ambience,weak,1
hadyelsahar/ar_res_reviews:1348,hard_negative_candidate,temperature_ac,seating_comfort | temperature_ac,True,True,بارد | بارده,,الطاولات | بارد,الخبز | الطعام,2.6,unreviewed,ambience-words present alongside hard-negative cue - likely a non-ambience complaint,weak,0
hadyelsahar/ar_res_reviews:1352,hard_negative_candidate,decor_furniture,decor_furniture,True,True,,,الديكور,الاكل | الخبز,1.0,unreviewed,ambience-words present alongside hard-negative cue - likely a non-ambience complaint,weak,1
hadyelsahar/ar_res_reviews:1354,hard_negative_candidate,seating_comfort,general_place_vibe | seating_comfort | space_crowding,True,True,المطعم,,المطعم | طاوله | مزدحم,الاكل | انتظرنا,3.3,unreviewed,ambience-words present alongside hard-negative cue - likely a non-ambience complaint,weak,1
hadyelsahar/ar_res_reviews:1359,hard_negative_candidate,temperature_ac,noise_music | seating_comfort | general_place_vibe | temperature_ac,True,True,المطعم | بارد,,اطفال | الجلسات | الطاولات | المطعم | بارد,الرز | الطعام,5.6,unreviewed,ambience-words present alongside hard-negative cue - likely a non-ambience complaint,weak,1
hadyelsahar/ar_res_reviews:1367,hard_negative_candidate,general_place_vibe,general_place_vibe,True,True,المطعم | المكان,,اجواء | المطعم | المكان,الطعام | اللحم | الوجبه,3.6,unreviewed,ambience-words present alongside hard-negative cue - likely a non-ambience complaint,weak,1
hadyelsahar/ar_res_reviews:1369,hard_negative_candidate,,,False,True,,,,اللحمه | ما طلبت,0.0,unreviewed,multi-word hard-negative phrase present - confirmed non-ambience,weak,0
hadyelsahar/ar_res_reviews:1371,hard_negative_candidate,noise_music,general_place_vibe | noise_music,True,True,المطعم,,المطعم | مزعج | موسيقي,تاخر الطلب,3.3,unreviewed,ambience-words present alongside hard-negative cue - likely a non-ambience complaint,weak,0
hadyelsahar/ar_res_reviews:1372,hard_negative_candidate,seating_comfort,seating_comfort | general_place_vibe,True,True,المطعم,,الجلسه | المطعم,ما طلبت,2.3,unreviewed,ambience-words present alongside hard-negative cue - likely a non-ambience complaint,weak,0
hadyelsahar/ar_res_reviews:1374,hard_negative_candidate,temperature_ac,decor_furniture | general_place_vibe | temperature_ac,True,True,المطعم | بارد,,الديكور | المطعم | بارد,الاكل | الفاتوره,3.6,unreviewed,ambience-words present alongside hard-negative cue - likely a non-ambience complaint,weak,0
hadyelsahar/ar_res_reviews:1375,hard_negative_candidate,general_place_vibe,general_place_vibe,True,True,المطعم,,المطعم,الاسعار | مبالغ فيه,1.3,unreviewed,multi-word hard-negative phrase present - confirmed non-ambience,weak,0
hadyelsahar/ar_res_reviews:1378,hard_negative_candidate,noise_music,general_place_vibe | noise_music,True,True,المطعم,,المطعم | صراخ,النادل,2.3,unreviewed,ambience-words present alongside hard-negative cue - likely a non-ambience complaint,weak,1
hadyelsahar/ar_res_reviews:1380,hard_negative_candidate,,,False,True,,,,البطاطس | الدجاج | ما طلبت,0.0,unreviewed,multi-word hard-negative phrase present - confirmed non-ambience,weak,0
hadyelsahar/ar_res_reviews:1381,hard_negative_candidate,temperature_ac,decor_furniture | general_place_vibe | temperature_ac | space_crowding | noise_music,True,True,المطعم | بارد,,الجدران | الديكور | المطعم | بارد | زحمه | موسيقي,الاكل | محروق | الاكل بارد,6.6,unreviewed,ambience-words present alongside hard-negative cue - likely a non-ambience complaint,weak,1
hadyelsahar/ar_res_reviews:1385,hard_negative_candidate,temperature_ac,general_place_vibe | temperature_ac,True,True,المكان | حار,,الجو | المكان | حار,الاكل,3.6,unreviewed,ambience-words present alongside hard-negative cue - likely a non-ambience complaint,weak,1
hadyelsahar/ar_res_reviews:1391,hard_negative_candidate,noise_music,noise_music,True,True,,,مزعج,الخبز | الدجاج | الفاتوره,1.0,unreviewed,ambience-words present alongside hard-negative cue - likely a non-ambience complaint,weak,1
hadyelsahar/ar_res_reviews:1414,hard_negative_candidate,,,False,True,,,,الاسعار | الطعام | مبالغ فيها | مبالغ فيه,0.0,unreviewed,multi-word hard-negative phrase present - confirmed non-ambience,weak,1
hadyelsahar/ar_res_reviews:1447,hard_negative_candidate,noise_music,noise_music | general_place_vibe,True,True,المكان,,ازعاج | المكان | رايق | شرح,الاسعار | الاكل,4.3,unreviewed,ambience-words present alongside hard-negative cue - likely a non-ambience complaint,weak,1
hadyelsahar/ar_res_reviews:1450,hard_negative_candidate,seating_comfort,seating_comfort | lighting,True,True,عاليه,,الجلسات | مظلم,الاكل | الطعم,2.3,unreviewed,ambience-words present alongside hard-negative cue - likely a non-ambience complaint,weak,0
hadyelsahar/ar_res_reviews:1452,hard_negative_candidate,outdoor_view,outdoor_view | general_place_vibe,True,True,المطعم,,الخارجي | المطعم,الاكل,2.3,unreviewed,ambience-words present alongside hard-negative cue - likely a non-ambience complaint,weak,0
hadyelsahar/ar_res_reviews:1453,hard_negative_candidate,seating_comfort,seating_comfort,True,True,,,الجلسات,الاكل,1.0,unreviewed,ambience-words present alongside hard-negative cue - likely a non-ambience complaint,weak,1
hadyelsahar/ar_res_reviews:1454,hard_negative_candidate,seating_comfort,seating_comfort | general_place_vibe,True,True,المطعم,,الجلسه | المطعم | رايق,غاليه,3.3,unreviewed,ambience-words present alongside hard-negative cue - likely a non-ambience complaint,weak,1
hadyelsahar/ar_res_reviews:1459,hard_negative_candidate,,,False,True,,,,مبالغ فيه,0.0,unreviewed,multi-word hard-negative phrase present - confirmed non-ambience,weak,0
hadyelsahar/ar_res_reviews:1463,hard_negative_candidate,,,False,True,,,,طعمه | مبالغ فيه,0.0,unreviewed,multi-word hard-negative phrase present - confirmed non-ambience,weak,1
hadyelsahar/ar_res_reviews:1471,hard_negative_candidate,temperature_ac,temperature_ac,True,True,بارد,,بارد,التوصيل | الطعم | ما وصل الطلب,1.3,unreviewed,multi-word hard-negative phrase present - confirmed non-ambience,weak,1
hadyelsahar/ar_res_reviews:1475,hard_negative_candidate,,,False,True,,,,الدجاج | اللحم | ني | مبالغ فيه,0.0,unreviewed,multi-word hard-negative phrase present - confirmed non-ambience,weak,0
hadyelsahar/ar_res_reviews:1483,hard_negative_candidate,,,False,True,,,,غلط | محروق | مبالغ فيها | مبالغ فيه,0.0,unreviewed,multi-word hard-negative phrase present - confirmed non-ambience,weak,0
hadyelsahar/ar_res_reviews:1491,hard_negative_candidate,noise_music,noise_music,True,True,,,مزعج,التوصيل,1.0,unreviewed,ambience-words present alongside hard-negative cue - likely a non-ambience complaint,weak,1
hadyelsahar/ar_res_reviews:1507,hard_negative_candidate,privacy,privacy | general_place_vibe | outdoor_view,True,True,برا,قسم العوائل,الجو | برا,السندويش | طعمها,4.3,unreviewed,ambience-words present alongside hard-negative cue - likely a non-ambience complaint,weak,1
hadyelsahar/ar_res_reviews:1514,hard_negative_candidate,decor_furniture,decor_furniture,True,True,بارده,,الديكور,الطعم | الكاشير,1.3,unreviewed,ambience-words present alongside hard-negative cue - likely a non-ambience complaint,weak,1
hadyelsahar/ar_res_reviews:1518,hard_negative_candidate,,,False,True,,,,الاسعار | مبالغ فيها | مبالغ فيه,0.0,unreviewed,multi-word hard-negative phrase present - confirmed non-ambience,weak,1
hadyelsahar/ar_res_reviews:1520,hard_negative_candidate,privacy,privacy | space_crowding,True,True,,,خصوصيه | زحمه,مبالغ فيه,2.0,unreviewed,ambience-words present alongside hard-negative cue - likely a non-ambience complaint,weak,0
hadyelsahar/ar_res_reviews:1521,hard_negative_candidate,seating_comfort,seating_comfort | decor_furniture,True,True,,,الجلسات | الديكور,الاسعار | انتظرنا,2.0,unreviewed,ambience-words present alongside hard-negative cue - likely a non-ambience complaint,weak,0
hadyelsahar/ar_res_reviews:1529,hard_negative_candidate,seating_comfort,seating_comfort,True,True,,,الطاولات,الاكل | الفاتوره | الموظفين,1.0,unreviewed,ambience-words present alongside hard-negative cue - likely a non-ambience complaint,weak,1
hadyelsahar/ar_res_reviews:1538,hard_negative_candidate,seating_comfort,seating_comfort | general_place_vibe,True,True,المطعم,,الجلسه | المطعم,الطعم,2.3,unreviewed,ambience-words present alongside hard-negative cue - likely a non-ambience complaint,weak,0
hadyelsahar/ar_res_reviews:1539,hard_negative_candidate,lighting,lighting,True,True,,,الاضاءه,الاكل,1.0,unreviewed,ambience-words present alongside hard-negative cue - likely a non-ambience complaint,weak,1
hadyelsahar/ar_res_reviews:1540,hard_negative_candidate,decor_furniture,decor_furniture,True,True,,,الديكور,اللحم,1.0,unreviewed,ambience-words present alongside hard-negative cue - likely a non-ambience complaint,weak,1
hadyelsahar/ar_res_reviews:1548,hard_negative_candidate,parking,general_place_vibe | parking,True,True,الفرع,,الفرع | مواقف,الاكل | انتظرنا,2.3,unreviewed,ambience-words present alongside hard-negative cue - likely a non-ambience complaint,weak,0
hadyelsahar/ar_res_reviews:1551,hard_negative_candidate,outdoor_view,outdoor_view | seating_comfort | general_place_vibe,True,True,المطعم | المكان | زيت,,الاطلاله | الجلسات | المطعم | المكان,الخبز | الطعام | الطعم,4.9,unreviewed,ambience-words present alongside hard-negative cue - likely a non-ambience complaint,weak,1
hadyelsahar/ar_res_reviews:1553,hard_negative_candidate,noise_music,noise_music | general_place_vibe,True,True,المطعم | عاليه,,ازعاج | المطعم,الاسعار | الوجبه,2.6,unreviewed,ambience-words present alongside hard-negative cue - likely a non-ambience complaint,weak,0
hadyelsahar/ar_res_reviews:1558,hard_negative_candidate,general_place_vibe,general_place_vibe,True,True,,يفتح النفس,,الاسعار | البرجر,2.0,unreviewed,ambience-words present alongside hard-negative cue - likely a non-ambience complaint,weak,1
hadyelsahar/ar_res_reviews:1561,hard_negative_candidate,seating_comfort,seating_comfort | general_place_vibe,True,True,المطعم,,الجلسات | المطعم,البرجر | السعر | الطعم,2.3,unreviewed,ambience-words present alongside hard-negative cue - likely a non-ambience complaint,weak,0
hadyelsahar/ar_res_reviews:1564,hard_negative_candidate,seating_comfort,seating_comfort,True,True,,,الجلسات,الطعم,1.0,unreviewed,ambience-words present alongside hard-negative cue - likely a non-ambience complaint,weak,1
hadyelsahar/ar_res_reviews:1577,hard_negative_candidate,seating_comfort,seating_comfort | general_place_vibe | parking,True,True,الطاوله | الفرع,,الطاوله | الفرع | المدخل,الموظف | الموظفين,3.6,unreviewed,ambience-words present alongside hard-negative cue - likely a non-ambience complaint,weak,0
hadyelsahar/ar_res_reviews:1597,hard_negative_candidate,,,False,True,,,,مبالغ فيه,0.0,unreviewed,multi-word hard-negative phrase present - confirmed non-ambience,weak,0
hadyelsahar/ar_res_reviews:1614,hard_negative_candidate,parking,parking | general_place_vibe | seating_comfort,True,True,الفرع | المطعم | المكان | عاليه,,الدخول | الفرع | المطعم | المكان | طاوله,الاكل,6.2,unreviewed,ambience-words present alongside hard-negative cue - likely a non-ambience complaint,weak,1
hadyelsahar/ar_res_reviews:1618,hard_negative_candidate,seating_comfort,seating_comfort | space_crowding,True,True,,,الجلسات | ضيقه,الاكل,2.0,unreviewed,ambience-words present alongside hard-negative cue - likely a non-ambience complaint,weak,1
hadyelsahar/ar_res_reviews:1638,hard_negative_candidate,outdoor_view,outdoor_view,True,True,,,اطلاله,السعر | الطعام,1.0,unreviewed,ambience-words present alongside hard-negative cue - likely a non-ambience complaint,weak,1
hadyelsahar/ar_res_reviews:1658,hard_negative_candidate,seating_comfort,seating_comfort,True,True,,مافي مجال,,الاسعار | الدجاج,2.0,unreviewed,ambience-words present alongside hard-negative cue - likely a non-ambience complaint,weak,1
hadyelsahar/ar_res_reviews:1708,hard_negative_candidate,temperature_ac,general_place_vibe | bathroom_facilities | temperature_ac,True,True,المطعم | بارد,,المطعم | المغاسل | بارد,الاسعار | البرجر | الخبز | الدجاج | الطعام | اللحم,3.6,unreviewed,ambience-words present alongside hard-negative cue - likely a non-ambience complaint,weak,1
hadyelsahar/ar_res_reviews:1723,hard_negative_candidate,temperature_ac,general_place_vibe | temperature_ac,True,True,المطعم | بارد,,المطعم | بارد,الاكل | طعمه | غلط | الاكل بارد,2.6,unreviewed,multi-word hard-negative phrase present - confirmed non-ambience,weak,1
hadyelsahar/ar_res_reviews:1724,hard_negative_candidate,decor_furniture,decor_furniture,True,True,,,الديكور,الطعم,1.0,unreviewed,ambience-words present alongside hard-negative cue - likely a non-ambience complaint,weak,0
hadyelsahar/ar_res_reviews:1734,hard_negative_candidate,space_crowding,general_place_vibe | space_crowding,True,True,المكان,,المكان | هادي,الاكل,2.3,unreviewed,ambience-words present alongside hard-negative cue - likely a non-ambience complaint,weak,1
hadyelsahar/ar_res_reviews:1742,hard_negative_candidate,parking,general_place_vibe | parking,True,True,الفرع | المحل,,الفرع | المحل | المواقف,الطعام | الموظفين,3.6,unreviewed,ambience-words present alongside hard-negative cue - likely a non-ambience complaint,weak,1
hadyelsahar/ar_res_reviews:1744,hard_negative_candidate,space_crowding,general_place_vibe | space_crowding | parking,True,True,المحل | المكان,,المحل | المكان | مزدحم | مواقف | موقف,الموظف | الموظفين,5.6,unreviewed,ambience-words present alongside hard-negative cue - likely a non-ambience complaint,weak,1
hadyelsahar/ar_res_reviews:1745,hard_negative_candidate,space_crowding,general_place_vibe | space_crowding,True,True,المطعم,,المطعم | زحمه | ضيق,الاكل | الطعم | غاليه,3.3,unreviewed,ambience-words present alongside hard-negative cue - likely a non-ambience complaint,weak,1
hadyelsahar/ar_res_reviews:1751,hard_negative_candidate,general_place_vibe,general_place_vibe,True,True,الفرع,,الفرع | رايق,الاكل,2.3,unreviewed,ambience-words present alongside hard-negative cue - likely a non-ambience complaint,weak,1
hadyelsahar/ar_res_reviews:1753,hard_negative_candidate,seating_comfort,seating_comfort | general_place_vibe,True,True,المطعم,,الطاولات | المطعم,السعر | ما طلبنا,2.3,unreviewed,ambience-words present alongside hard-negative cue - likely a non-ambience complaint,weak,0
hadyelsahar/ar_res_reviews:1764,hard_negative_candidate,space_crowding,general_place_vibe | space_crowding,True,True,المطعم | عاليه,,المطعم | زحمه,الاسعار | السلطه | الطعام | اللحم,2.6,unreviewed,ambience-words present alongside hard-negative cue - likely a non-ambience complaint,weak,1
hadyelsahar/ar_res_reviews:1769,hard_negative_candidate,,,False,True,,,,ما يستاهل,0.0,unreviewed,multi-word hard-negative phrase present - confirmed non-ambience,weak,0
hadyelsahar/ar_res_reviews:1783,hard_negative_candidate,smell,seating_comfort | general_place_vibe | smell,True,True,الفرع | رائحه,,الجلسه | الفرع | رائحه,الدجاج,3.6,unreviewed,ambience-words present alongside hard-negative cue - likely a non-ambience complaint,weak,0
hadyelsahar/ar_res_reviews:1793,hard_negative_candidate,temperature_ac,temperature_ac | space_crowding,True,True,حار,,حار | زحمه,الاكل,2.3,unreviewed,ambience-words present alongside hard-negative cue - likely a non-ambience complaint,weak,0
hadyelsahar/ar_res_reviews:1799,hard_negative_candidate,,,False,True,,,,مبالغ فيه,0.0,unreviewed,multi-word hard-negative phrase present - confirmed non-ambience,weak,1
hadyelsahar/ar_res_reviews:1805,hard_negative_candidate,space_crowding,space_crowding,True,True,,,زحمه,السلطه,1.0,unreviewed,ambience-words present alongside hard-negative cue - likely a non-ambience complaint,weak,1
hadyelsahar/ar_res_reviews:1807,hard_negative_candidate,temperature_ac,general_place_vibe | temperature_ac | space_crowding,True,True,المحل | المطعم | المكان | بارد,,المحل | المطعم | المكان | بارد | فاضي,الاكل | الطعم | غلط | الاكل بارد,6.2,unreviewed,ambience-words present alongside hard-negative cue - likely a non-ambience complaint,weak,0
hadyelsahar/ar_res_reviews:1827,hard_negative_candidate,seating_comfort,seating_comfort,True,True,,,الجلسه,البرجر,1.0,unreviewed,ambience-words present alongside hard-negative cue - likely a non-ambience complaint,weak,0
hadyelsahar/ar_res_reviews:1839,hard_negative_candidate,space_crowding,general_place_vibe | space_crowding,True,True,المطعم,,المطعم | فاضي,الدجاج | السعر | الشاورما | اللحم | الوجبه | غالي,2.3,unreviewed,ambience-words present alongside hard-negative cue - likely a non-ambience complaint,weak,0
hadyelsahar/ar_res_reviews:1855,hard_negative_candidate,space_crowding,general_place_vibe | space_crowding,True,True,المطعم | عاليه,,المطعم | فاضي,الاسعار | الطعم,2.6,unreviewed,ambience-words present alongside hard-negative cue - likely a non-ambience complaint,weak,1
hadyelsahar/ar_res_reviews:1883,hard_negative_candidate,space_crowding,space_crowding,True,True,,,فاضي,الاكل | التوصيل | الوجبه,1.0,unreviewed,ambience-words present alongside hard-negative cue - likely a non-ambience complaint,weak,0
hadyelsahar/ar_res_reviews:1891,hard_negative_candidate,space_crowding,space_crowding,True,True,,,فاضي,الاكل | التوصيل | الوجبه,1.0,unreviewed,ambience-words present alongside hard-negative cue - likely a non-ambience complaint,weak,0
hadyelsahar/ar_res_reviews:1892,hard_negative_candidate,space_crowding,space_crowding,True,True,,,فاضي,الاكل | التوصيل | الوجبه,1.0,unreviewed,ambience-words present alongside hard-negative cue - likely a non-ambience complaint,weak,0
hadyelsahar/ar_res_reviews:1918,hard_negative_candidate,seating_comfort,seating_comfort,True,True,,,الجلسات,السعر | الطعم | غاليه,1.0,unreviewed,ambience-words present alongside hard-negative cue - likely a non-ambience complaint,weak,1
hadyelsahar/ar_res_reviews:1930,hard_negative_candidate,decor_furniture,decor_furniture | seating_comfort | general_place_vibe,True,True,المطعم,,الديكور | الطاولات | المطعم,البرجر | الدجاج | غالي,3.3,unreviewed,ambience-words present alongside hard-negative cue - likely a non-ambience complaint,weak,1
hadyelsahar/ar_res_reviews:1931,hard_negative_candidate,privacy,privacy | general_place_vibe | outdoor_view,True,True,المطعم | برا,قسم العوائل,المطعم | برا | رايق,غاليه,5.6,unreviewed,ambience-words present alongside hard-negative cue - likely a non-ambience complaint,weak,0
hadyelsahar/ar_res_reviews:1944,hard_negative_candidate,general_place_vibe,general_place_vibe,True,True,المطعم,,المطعم,الاكل | السعر | مبالغ فيه,1.3,unreviewed,multi-word hard-negative phrase present - confirmed non-ambience,weak,1
hadyelsahar/ar_res_reviews:1948,hard_negative_candidate,decor_furniture,decor_furniture | general_place_vibe | parking,True,True,المطعم,,الديكور | المطعم | مواقف,الشاورما,3.3,unreviewed,ambience-words present alongside hard-negative cue - likely a non-ambience complaint,weak,1
hadyelsahar/ar_res_reviews:1949,hard_negative_candidate,parking,general_place_vibe | parking,True,True,المطعم,,المطعم | مواقف,الاسعار | الشاورما,2.3,unreviewed,ambience-words present alongside hard-negative cue - likely a non-ambience complaint,weak,0
hadyelsahar/ar_res_reviews:1953,hard_negative_candidate,general_place_vibe,general_place_vibe,True,True,,يفتح النفس,,الاكل,2.0,unreviewed,ambience-words present alongside hard-negative cue - likely a non-ambience complaint,weak,1
hadyelsahar/ar_res_reviews:1954,hard_negative_candidate,,,False,True,,,,الاسعار | الطعام | مبالغ فيها | مبالغ فيه,0.0,unreviewed,multi-word hard-negative phrase present - confirmed non-ambience,weak,1
hadyelsahar/ar_res_reviews:1960,hard_negative_candidate,decor_furniture,decor_furniture | general_place_vibe,True,True,المطعم,,الديكور | المطعم,الاكل,2.3,unreviewed,ambience-words present alongside hard-negative cue - likely a non-ambience complaint,weak,1
hadyelsahar/ar_res_reviews:1962,hard_negative_candidate,privacy,general_place_vibe | privacy,True,True,المطعم | عاليه,,المطعم | خصوصيه,الطعام | الطعم,2.6,unreviewed,ambience-words present alongside hard-negative cue - likely a non-ambience complaint,weak,1
hadyelsahar/ar_res_reviews:1964,hard_negative_candidate,general_place_vibe,general_place_vibe,True,True,المطعم,,المطعم,الاسعار | مبالغ فيها | مبالغ فيه,1.3,unreviewed,multi-word hard-negative phrase present - confirmed non-ambience,weak,1
hadyelsahar/ar_res_reviews:1967,hard_negative_candidate,seating_comfort,general_place_vibe | seating_comfort,True,True,المطعم,,المطعم | طاوله,السلطه | انتظرنا,2.3,unreviewed,ambience-words present alongside hard-negative cue - likely a non-ambience complaint,weak,1
hadyelsahar/ar_res_reviews:1968,hard_negative_candidate,seating_comfort,seating_comfort | general_place_vibe | outdoor_view,True,True,المطعم,,الجلسات | المطعم | المنظر,النكهه,3.3,unreviewed,ambience-words present alongside hard-negative cue - likely a non-ambience complaint,weak,1
hadyelsahar/ar_res_reviews:1971,hard_negative_candidate,outdoor_view,outdoor_view | seating_comfort,True,True,,,الاطلاله | الجلسه,الاكل,2.0,unreviewed,ambience-words present alongside hard-negative cue - likely a non-ambience complaint,weak,1
hadyelsahar/ar_res_reviews:1972,hard_negative_candidate,seating_comfort,seating_comfort | general_place_vibe,True,True,المطعم | المكان,,الجلسات | المطعم | المكان,البيتزا | التوصيل | الدجاج | السعر | اللحم,3.6,unreviewed,ambience-words present alongside hard-negative cue - likely a non-ambience complaint,weak,1
hadyelsahar/ar_res_reviews:1988,hard_negative_candidate,general_place_vibe,general_place_vibe,True,True,المطعم,,الاجواء | المطعم,الرز,2.3,unreviewed,ambience-words present alongside hard-negative cue - likely a non-ambience complaint,weak,1
hadyelsahar/ar_res_reviews:2030,hard_negative_candidate,general_place_vibe,general_place_vibe,True,True,المطعم,,اجواء | المطعم,الاكل | الدجاج | الرز,2.3,unreviewed,ambience-words present alongside hard-negative cue - likely a non-ambience complaint,weak,0
hadyelsahar/ar_res_reviews:2035,hard_negative_candidate,seating_comfort,seating_comfort,True,True,,,الجلسه,الاكل,1.0,unreviewed,ambience-words present alongside hard-negative cue - likely a non-ambience complaint,weak,0
hadyelsahar/ar_res_reviews:2037,hard_negative_candidate,noise_music,noise_music,True,True,عالي,صوت عالي,,الاكل | طعمه,2.3,unreviewed,ambience-words present alongside hard-negative cue - likely a non-ambience complaint,weak,1
hadyelsahar/ar_res_reviews:2045,hard_negative_candidate,,,False,True,,,,الاكل | الدجاج | السعر | غالي | مبالغ فيه,0.0,unreviewed,multi-word hard-negative phrase present - confirmed non-ambience,weak,1
hadyelsahar/ar_res_reviews:2046,hard_negative_candidate,decor_furniture,decor_furniture,True,True,,,السيراميك,غاليه,1.0,unreviewed,ambience-words present alongside hard-negative cue - likely a non-ambience complaint,weak,0
hadyelsahar/ar_res_reviews:2051,hard_negative_candidate,decor_furniture,decor_furniture,True,True,,,السيراميك,الاسعار,1.0,unreviewed,ambience-words present alongside hard-negative cue - likely a non-ambience complaint,weak,1
hadyelsahar/ar_res_reviews:2053,hard_negative_candidate,general_place_vibe,general_place_vibe,True,True,المكان,يفتح النفس,المكان,الاكل | مبالغ فيها | مبالغ فيه,3.3,unreviewed,ambience-words present alongside hard-negative cue - likely a non-ambience complaint,weak,1
hadyelsahar/ar_res_reviews:2069,hard_negative_candidate,space_crowding,general_place_vibe | space_crowding | parking,True,True,المطعم,,المطعم | زحمه | مواقف,الخبز | الطعم | اللحم,3.3,unreviewed,ambience-words present alongside hard-negative cue - likely a non-ambience complaint,weak,1
hadyelsahar/ar_res_reviews:2072,hard_negative_candidate,decor_furniture,decor_furniture | general_place_vibe,True,True,المطعم,,الديكور | المطعم,الاسعار | الاكل | البيتزا,2.3,unreviewed,ambience-words present alongside hard-negative cue - likely a non-ambience complaint,weak,1
hadyelsahar/ar_res_reviews:2074,hard_negative_candidate,noise_music,general_place_vibe | noise_music,True,True,المطعم,,المطعم | موسيقي,الارز | الدجاج | الطعام,2.3,unreviewed,ambience-words present alongside hard-negative cue - likely a non-ambience complaint,weak,1
hadyelsahar/ar_res_reviews:2075,hard_negative_candidate,seating_comfort,seating_comfort | general_place_vibe,True,True,المطعم,,الجلسه | المطعم,الاسعار | اللحم | طعمها,2.3,unreviewed,ambience-words present alongside hard-negative cue - likely a non-ambience complaint,weak,1
hadyelsahar/ar_res_reviews:2076,hard_negative_candidate,outdoor_view,outdoor_view | seating_comfort | general_place_vibe,True,True,الطاوله | المطعم | المكان,جلسات خارجيه,الطاوله | المطعم | المكان,الاسعار | اللحم,5.9,unreviewed,ambience-words present alongside hard-negative cue - likely a non-ambience complaint,weak,1
hadyelsahar/ar_res_reviews:2079,hard_negative_candidate,,,False,True,,,,اللحم | طعمه | مبالغ فيها | مبالغ فيه,0.0,unreviewed,multi-word hard-negative phrase present - confirmed non-ambience,weak,0
hadyelsahar/ar_res_reviews:2087,hard_negative_candidate,temperature_ac,decor_furniture | seating_comfort | general_place_vibe | temperature_ac,True,True,الطاوله | المطعم | حار,,الديكور | الطاوله | المطعم | حار,الاكل | السعر,4.9,unreviewed,ambience-words present alongside hard-negative cue - likely a non-ambience complaint,weak,0
hadyelsahar/ar_res_reviews:2095,hard_negative_candidate,seating_comfort,seating_comfort | space_crowding,True,True,الطاوله,,الطاوله | هادي,الاكل | السلطه,2.3,unreviewed,ambience-words present alongside hard-negative cue - likely a non-ambience complaint,weak,1
hadyelsahar/ar_res_reviews:2100,hard_negative_candidate,seating_comfort,seating_comfort,True,True,,,الجلسه,الاكل,1.0,unreviewed,ambience-words present alongside hard-negative cue - likely a non-ambience complaint,weak,1
hadyelsahar/ar_res_reviews:2106,hard_negative_candidate,noise_music,noise_music | seating_comfort,True,True,,,ازعاج | الجلسات,الاكل | غاليه,2.0,unreviewed,ambience-words present alongside hard-negative cue - likely a non-ambience complaint,weak,1
hadyelsahar/ar_res_reviews:2116,hard_negative_candidate,lighting,lighting | general_place_vibe,True,True,المكان,,الاضاءه | المكان,الاكل | الفاتوره | ما طلبت,2.3,unreviewed,ambience-words present alongside hard-negative cue - likely a non-ambience complaint,weak,1
hadyelsahar/ar_res_reviews:2117,hard_negative_candidate,,,False,True,,,,الاسعار | مبالغ فيها | مبالغ فيه,0.0,unreviewed,multi-word hard-negative phrase present - confirmed non-ambience,weak,1
hadyelsahar/ar_res_reviews:2143,hard_negative_candidate,general_place_vibe,general_place_vibe,True,True,المطعم,,المطعم,ما طلبت,1.3,unreviewed,multi-word hard-negative phrase present - confirmed non-ambience,weak,1
hadyelsahar/ar_res_reviews:2147,hard_negative_candidate,general_place_vibe,general_place_vibe,True,True,المطعم,,المطعم,السعر | تاخر الطلب,1.3,unreviewed,multi-word hard-negative phrase present - confirmed non-ambience,weak,1
hadyelsahar/ar_res_reviews:2150,hard_negative_candidate,seating_comfort,seating_comfort | general_place_vibe,True,True,الفرع,,الجلسه | الفرع,الاكل | طعمها,2.3,unreviewed,ambience-words present alongside hard-negative cue - likely a non-ambience complaint,weak,1
hadyelsahar/ar_res_reviews:2162,hard_negative_candidate,,,False,True,,,,الاكل | النادل | انتظرنا | ما طلبنا,0.0,unreviewed,multi-word hard-negative phrase present - confirmed non-ambience,weak,0
hadyelsahar/ar_res_reviews:2183,hard_negative_candidate,decor_furniture,decor_furniture,True,True,,,الديكور,الاسعار,1.0,unreviewed,ambience-words present alongside hard-negative cue - likely a non-ambience complaint,weak,1
hadyelsahar/ar_res_reviews:2186,hard_negative_candidate,temperature_ac,privacy | temperature_ac,True,True,بارد,جلسات العوائل,بارد | خصوصيه,الاكل | الاكل بارد | مبالغ فيه,4.3,unreviewed,ambience-words present alongside hard-negative cue - likely a non-ambience complaint,weak,0
hadyelsahar/ar_res_reviews:2187,hard_negative_candidate,,,False,True,,,,مبالغ فيها | مبالغ فيه,0.0,unreviewed,multi-word hard-negative phrase present - confirmed non-ambience,weak,0
hadyelsahar/ar_res_reviews:2194,hard_negative_candidate,privacy,general_place_vibe | privacy,True,True,المطعم,,المطعم | خصوصيه,الاسعار | الاكل | اللحم,2.3,unreviewed,ambience-words present alongside hard-negative cue - likely a non-ambience complaint,weak,1
hadyelsahar/ar_res_reviews:2195,hard_negative_candidate,decor_furniture,decor_furniture,True,True,,,الديكور,الاكل,1.0,unreviewed,ambience-words present alongside hard-negative cue - likely a non-ambience complaint,weak,1
hadyelsahar/ar_res_reviews:2196,hard_negative_candidate,seating_comfort,seating_comfort | general_place_vibe,True,True,المطعم,,الجلسات | المطعم,الاكل | الطعم,2.3,unreviewed,ambience-words present alongside hard-negative cue - likely a non-ambience complaint,weak,1
hadyelsahar/ar_res_reviews:2199,hard_negative_candidate,seating_comfort,seating_comfort,True,True,,,قعده,طعمه,1.0,unreviewed,ambience-words present alongside hard-negative cue - likely a non-ambience complaint,weak,1
hadyelsahar/ar_res_reviews:2215,hard_negative_candidate,outdoor_view,outdoor_view | decor_furniture | general_place_vibe | parking,True,True,المطعم,,اطلاله | الديكور | المطعم | المواقف,الاسعار | الموظفين,4.3,unreviewed,ambience-words present alongside hard-negative cue - likely a non-ambience complaint,weak,0
hadyelsahar/ar_res_reviews:2229,hard_negative_candidate,seating_comfort,seating_comfort | general_place_vibe,True,True,المكان,,الكراسي | المكان | طاوله,اسلوب | الطعام,3.3,unreviewed,ambience-words present alongside hard-negative cue - likely a non-ambience complaint,weak,1
hadyelsahar/ar_res_reviews:2235,hard_negative_candidate,general_place_vibe,general_place_vibe,True,True,المطعم,,الاجواء | المطعم,الاكل | النادل,2.3,unreviewed,ambience-words present alongside hard-negative cue - likely a non-ambience complaint,weak,1
hadyelsahar/ar_res_reviews:2243,hard_negative_candidate,general_place_vibe,general_place_vibe,True,True,,,رايق,ما طلبت,1.0,unreviewed,ambience-words present alongside hard-negative cue - likely a non-ambience complaint,weak,1
hadyelsahar/ar_res_reviews:2245,hard_negative_candidate,seating_comfort,seating_comfort | general_place_vibe | noise_music,True,True,الطاوله | المطعم | المكان,,الطاوله | المطعم | المكان | مزعج,الارز | الاكل | الدجاج | الطعم | اللحم | النكهه | بقع,4.9,unreviewed,ambience-words present alongside hard-negative cue - likely a non-ambience complaint,weak,1
hadyelsahar/ar_res_reviews:2248,hard_negative_candidate,outdoor_view,outdoor_view | general_place_vibe,True,True,المحل | المطعم | المكان,,الخارجي | المحل | المطعم | المكان,الشاورما,4.9,unreviewed,ambience-words present alongside hard-negative cue - likely a non-ambience complaint,weak,1
hadyelsahar/ar_res_reviews:2249,hard_negative_candidate,decor_furniture,decor_furniture | general_place_vibe,True,True,المحل | المكان,,الجدران | المحل | المكان,الاكل,3.6,unreviewed,ambience-words present alongside hard-negative cue - likely a non-ambience complaint,weak,1
hadyelsahar/ar_res_reviews:2276,hard_negative_candidate,smell,general_place_vibe | smell,True,True,ريحه | زيت,,رايق | ريحه,ما اهتم,2.6,unreviewed,ambience-words present alongside hard-negative cue - likely a non-ambience complaint,weak,1
hadyelsahar/ar_res_reviews:2298,hard_negative_candidate,seating_comfort,seating_comfort | general_place_vibe,True,True,المحل | المطعم,,الجلسات | القعدات | المحل | المطعم | متهالك,الاسعار | الاكل | النادل | جاهز | ساعتين | غالي | ما طلبنا,5.6,unreviewed,ambience-words present alongside hard-negative cue - likely a non-ambience complaint,weak,0
hadyelsahar/ar_res_reviews:2304,hard_negative_candidate,space_crowding,general_place_vibe | space_crowding,True,True,المطعم,,المطعم | مزدحم,البرجر | الطعم | اللحمه | طلبات,2.3,unreviewed,ambience-words present alongside hard-negative cue - likely a non-ambience complaint,weak,1
hadyelsahar/ar_res_reviews:2305,hard_negative_candidate,seating_comfort,seating_comfort,True,True,,,الجلسات,الاكل,1.0,unreviewed,ambience-words present alongside hard-negative cue - likely a non-ambience complaint,weak,1
hadyelsahar/ar_res_reviews:2312,hard_negative_candidate,outdoor_view,general_place_vibe | outdoor_view | space_crowding | noise_music,True,True,المطعم | برا,,المطعم | برا | فاضي | موسيقي,الخبز | اللحم | الموظفين | الويتر,4.6,unreviewed,ambience-words present alongside hard-negative cue - likely a non-ambience complaint,weak,1
hadyelsahar/ar_res_reviews:2314,hard_negative_candidate,privacy,general_place_vibe | privacy,True,True,الفرع | المطعم,,الفرع | المطعم | عوايل,البرجر | البطاطس | السعر | الفاتوره | طعمها | غالي,3.6,unreviewed,ambience-words present alongside hard-negative cue - likely a non-ambience complaint,weak,1
hadyelsahar/ar_res_reviews:2327,hard_negative_candidate,temperature_ac,temperature_ac,True,True,,,برد,غلط,1.0,unreviewed,ambience-words present alongside hard-negative cue - likely a non-ambience complaint,weak,1
hadyelsahar/ar_res_reviews:2328,hard_negative_candidate,temperature_ac,temperature_ac | general_place_vibe | space_crowding,True,True,المطعم | المكان,,التكييف | المطعم | المكان | ضيق,الاسعار | البيتزا | الطعام | تطبيق,4.6,unreviewed,ambience-words present alongside hard-negative cue - likely a non-ambience complaint,weak,1
hadyelsahar/ar_res_reviews:2372,hard_negative_candidate,temperature_ac,temperature_ac,True,True,بارد,,بارد,الاكل | الاكل بارد,1.3,unreviewed,multi-word hard-negative phrase present - confirmed non-ambience,weak,0
hadyelsahar/ar_res_reviews:2377,hard_negative_candidate,decor_furniture,decor_furniture | general_place_vibe,True,True,المطعم,,الديكور | المطعم,الاكل | الرز | السلطه | الموظفين | النكهه | غاليه,2.3,unreviewed,ambience-words present alongside hard-negative cue - likely a non-ambience complaint,weak,0
hadyelsahar/ar_res_reviews:2378,hard_negative_candidate,temperature_ac,seating_comfort | temperature_ac | outdoor_view,True,True,بارد | برا | عاليه,,الجلسات | بارد | برا,الاكل | الرز,3.9,unreviewed,ambience-words present alongside hard-negative cue - likely a non-ambience complaint,weak,0
hadyelsahar/ar_res_reviews:2379,hard_negative_candidate,seating_comfort,seating_comfort | general_place_vibe,True,True,المطعم | زيت,,الجلسات | المطعم,الاكل | الرز | طعمها,2.6,unreviewed,ambience-words present alongside hard-negative cue - likely a non-ambience complaint,weak,0
hadyelsahar/ar_res_reviews:2383,hard_negative_candidate,seating_comfort,seating_comfort | general_place_vibe,True,True,المطعم,,الجلسات | المطعم,الاكل | الطعم,2.3,unreviewed,ambience-words present alongside hard-negative cue - likely a non-ambience complaint,weak,0
hadyelsahar/ar_res_reviews:2384,hard_negative_candidate,temperature_ac,noise_music | general_place_vibe | temperature_ac,True,True,المكان | بارد,,ازعاج | المكان | بارد,الاكل,3.6,unreviewed,ambience-words present alongside hard-negative cue - likely a non-ambience complaint,weak,0
hadyelsahar/ar_res_reviews:2389,hard_negative_candidate,temperature_ac,general_place_vibe | temperature_ac | noise_music,True,True,بارد | عالي,,الجو | بارد | مزعج,الاكل | وقت طويل,3.6,unreviewed,ambience-words present alongside hard-negative cue - likely a non-ambience complaint,weak,0
hadyelsahar/ar_res_reviews:2392,hard_negative_candidate,seating_comfort,seating_comfort | general_place_vibe | space_crowding,True,True,المطعم,,الجلسات | المطعم | زحمه,الاسعار,3.3,unreviewed,ambience-words present alongside hard-negative cue - likely a non-ambience complaint,weak,1
hadyelsahar/ar_res_reviews:2398,hard_negative_candidate,temperature_ac,temperature_ac,True,True,بارد,,بارد,الاكل | الاكل بارد,1.3,unreviewed,multi-word hard-negative phrase present - confirmed non-ambience,weak,0
hadyelsahar/ar_res_reviews:2401,hard_negative_candidate,decor_furniture,decor_furniture,True,True,,,الديكور,الاكل,1.0,unreviewed,ambience-words present alongside hard-negative cue - likely a non-ambience complaint,weak,1
hadyelsahar/ar_res_reviews:2416,hard_negative_candidate,space_crowding,space_crowding,True,True,حاره,,ضيقه,الطعم,1.3,unreviewed,ambience-words present alongside hard-negative cue - likely a non-ambience complaint,weak,0
hadyelsahar/ar_res_reviews:2429,hard_negative_candidate,space_crowding,general_place_vibe | space_crowding,True,True,الفرع,,الفرع | زحمه,طعمه,2.3,unreviewed,ambience-words present alongside hard-negative cue - likely a non-ambience complaint,weak,1
hadyelsahar/ar_res_reviews:2435,hard_negative_candidate,seating_comfort,seating_comfort | general_place_vibe,True,True,المطعم,,الجلسات | المطعم,الاسعار | البطاطس | الخبز | الطعم,2.3,unreviewed,ambience-words present alongside hard-negative cue - likely a non-ambience complaint,weak,1
hadyelsahar/ar_res_reviews:2457,hard_negative_candidate,temperature_ac,general_place_vibe | temperature_ac,True,True,المطعم | حار,,المطعم | حار | رايق,البيتزا | التوصيل | الوجبه | طعمها,3.6,unreviewed,ambience-words present alongside hard-negative cue - likely a non-ambience complaint,weak,1
hadyelsahar/ar_res_reviews:2473,hard_negative_candidate,parking,parking,True,True,,,موقف,الطعام,1.0,unreviewed,ambience-words present alongside hard-negative cue - likely a non-ambience complaint,weak,1
hadyelsahar/ar_res_reviews:2491,hard_negative_candidate,seating_comfort,seating_comfort | general_place_vibe,True,True,المطعم,,الجلسه | المطعم,الاكل,2.3,unreviewed,ambience-words present alongside hard-negative cue - likely a non-ambience complaint,weak,1
hadyelsahar/ar_res_reviews:2516,hard_negative_candidate,,,False,True,,,,ما طلبت,0.0,unreviewed,multi-word hard-negative phrase present - confirmed non-ambience,weak,0
hadyelsahar/ar_res_reviews:2517,hard_negative_candidate,privacy,privacy | general_place_vibe,True,True,المطعم | زيت,,افراد | المطعم,الاسعار | الدجاج | الوجبه,2.6,unreviewed,ambience-words present alongside hard-negative cue - likely a non-ambience complaint,weak,1
hadyelsahar/ar_res_reviews:2545,hard_negative_candidate,seating_comfort,seating_comfort | general_place_vibe,True,True,الطاوله | المطعم,,الطاولات | الطاوله | المطعم,الكاشير,3.6,unreviewed,ambience-words present alongside hard-negative cue - likely a non-ambience complaint,weak,0
hadyelsahar/ar_res_reviews:2558,hard_negative_candidate,,,False,True,,,,طعمه | مبالغ فيه,0.0,unreviewed,multi-word hard-negative phrase present - confirmed non-ambience,weak,1
hadyelsahar/ar_res_reviews:2599,hard_negative_candidate,seating_comfort,seating_comfort,True,True,,,القعده,الاكل,1.0,unreviewed,ambience-words present alongside hard-negative cue - likely a non-ambience complaint,weak,1
hadyelsahar/ar_res_reviews:2602,hard_negative_candidate,space_crowding,general_place_vibe | space_crowding,True,True,المطعم,,المطعم | زحمه,الطعم,2.3,unreviewed,ambience-words present alongside hard-negative cue - likely a non-ambience complaint,weak,1
hadyelsahar/ar_res_reviews:2615,hard_negative_candidate,parking,parking,True,True,,,موقف,الدجاج | الرز | الطعام | الطعم,1.0,unreviewed,ambience-words present alongside hard-negative cue - likely a non-ambience complaint,weak,1
hadyelsahar/ar_res_reviews:2621,hard_negative_candidate,seating_comfort,general_place_vibe | seating_comfort,True,True,المطعم | زيت,,المطعم | طاوله,الرز | الكاشير,2.6,unreviewed,ambience-words present alongside hard-negative cue - likely a non-ambience complaint,weak,0
hadyelsahar/ar_res_reviews:2649,hard_negative_candidate,privacy,general_place_vibe | privacy,True,True,المطعم,,المطعم | عوائل,الاسعار | الاكل,2.3,unreviewed,ambience-words present alongside hard-negative cue - likely a non-ambience complaint,weak,1
hadyelsahar/ar_res_reviews:2653,hard_negative_candidate,space_crowding,space_crowding,True,True,,,زحمه,الاسعار,1.0,unreviewed,ambience-words present alongside hard-negative cue - likely a non-ambience complaint,weak,1
hadyelsahar/ar_res_reviews:2664,hard_negative_candidate,space_crowding,space_crowding,True,True,,,زحمه,الرز,1.0,unreviewed,ambience-words present alongside hard-negative cue - likely a non-ambience complaint,weak,1
hadyelsahar/ar_res_reviews:2674,hard_negative_candidate,outdoor_view,general_place_vibe | outdoor_view,True,True,برا,يفتح النفس,برا,الرز,3.3,unreviewed,ambience-words present alongside hard-negative cue - likely a non-ambience complaint,weak,1
hadyelsahar/ar_res_reviews:2695,hard_negative_candidate,seating_comfort,seating_comfort,True,True,,,الجلسات,الطعام | غاليه,1.0,unreviewed,ambience-words present alongside hard-negative cue - likely a non-ambience complaint,weak,0
hadyelsahar/ar_res_reviews:2708,hard_negative_candidate,decor_furniture,decor_furniture | seating_comfort | general_place_vibe,True,True,الارضيه | المطعم,,الارضيه | الجلسه | المطعم,صراصير,3.6,unreviewed,ambience-words present alongside hard-negative cue - likely a non-ambience complaint,weak,0
hadyelsahar/ar_res_reviews:2738,hard_negative_candidate,,,False,True,,,,التوصيل | مبالغ فيها | مبالغ فيه,0.0,unreviewed,multi-word hard-negative phrase present - confirmed non-ambience,weak,1
hadyelsahar/ar_res_reviews:2748,hard_negative_candidate,space_crowding,space_crowding,True,True,,,زحمه,الشاورما,1.0,unreviewed,ambience-words present alongside hard-negative cue - likely a non-ambience complaint,weak,0
hadyelsahar/ar_res_reviews:2749,hard_negative_candidate,space_crowding,space_crowding | general_place_vibe,True,True,المطعم,زحمه موت,المطعم | زحمه,الاكل | الطعم,4.3,unreviewed,ambience-words present alongside hard-negative cue - likely a non-ambience complaint,weak,0
hadyelsahar/ar_res_reviews:2759,hard_negative_candidate,seating_comfort,seating_comfort | general_place_vibe,True,True,المطعم,,الجلسات | المطعم,الاسعار | الاكل | الموظفين,2.3,unreviewed,ambience-words present alongside hard-negative cue - likely a non-ambience complaint,weak,1
hadyelsahar/ar_res_reviews:2760,hard_negative_candidate,outdoor_view,outdoor_view,True,True,,,المنظر,صراصير,1.0,unreviewed,ambience-words present alongside hard-negative cue - likely a non-ambience complaint,weak,0
hadyelsahar/ar_res_reviews:2793,hard_negative_candidate,general_place_vibe,general_place_vibe,True,True,المطعم,,المطعم,الاكل | السعر | مبالغ فيه,1.3,unreviewed,multi-word hard-negative phrase present - confirmed non-ambience,weak,0
hadyelsahar/ar_res_reviews:2820,hard_negative_candidate,privacy,privacy,True,True,,,عوائل,الطعم | طعمه,1.0,unreviewed,ambience-words present alongside hard-negative cue - likely a non-ambience complaint,weak,1
hadyelsahar/ar_res_reviews:2823,hard_negative_candidate,decor_furniture,decor_furniture,True,True,,,الديكور,الاسعار | الاكل | اللحم,1.0,unreviewed,ambience-words present alongside hard-negative cue - likely a non-ambience complaint,weak,1
hadyelsahar/ar_res_reviews:2838,hard_negative_candidate,parking,parking | general_place_vibe | space_crowding,True,True,المكان | عالي | قديمه,,الدخول | المكان | زحمه,الاكل | الدجاج | الرز | السعر | ساعه كامله | مبالغ فيه,3.9,unreviewed,ambience-words present alongside hard-negative cue - likely a non-ambience complaint,weak,0
hadyelsahar/ar_res_reviews:2841,hard_negative_candidate,lighting,lighting | decor_furniture | general_place_vibe,True,True,المطعم | المكان,,الاناره | الديكور | المطعم | المكان,الرز,4.6,unreviewed,ambience-words present alongside hard-negative cue - likely a non-ambience complaint,weak,1
hadyelsahar/ar_res_reviews:2849,hard_negative_candidate,decor_furniture,decor_furniture | general_place_vibe,True,True,المطعم | عاليه,,الديكور | المطعم,اسلوب | الاسعار | السعر | الوجبه,2.6,unreviewed,ambience-words present alongside hard-negative cue - likely a non-ambience complaint,weak,0
hadyelsahar/ar_res_reviews:2879,hard_negative_candidate,privacy,privacy,True,True,,,خصوصيه,الخبز,1.0,unreviewed,ambience-words present alongside hard-negative cue - likely a non-ambience complaint,weak,1
hadyelsahar/ar_res_reviews:2880,hard_negative_candidate,decor_furniture,decor_furniture | seating_comfort | general_place_vibe | parking,True,True,الارضيه | المطعم | المكان,,الارضيه | الجلسه | الجو | المطعم | المكان | موقف,الطعام | النكهه,6.9,unreviewed,ambience-words present alongside hard-negative cue - likely a non-ambience complaint,weak,1
hadyelsahar/ar_res_reviews:2882,hard_negative_candidate,seating_comfort,seating_comfort,True,True,,,الجلسات,الاسعار,1.0,unreviewed,ambience-words present alongside hard-negative cue - likely a non-ambience complaint,weak,1
hadyelsahar/ar_res_reviews:2900,hard_negative_candidate,temperature_ac,temperature_ac | space_crowding,True,True,بارد | حاره,,بارد | زحمه,الخبز | الوجبه | الطلب وصل,2.6,unreviewed,ambience-words present alongside hard-negative cue - likely a non-ambience complaint,weak,0
hadyelsahar/ar_res_reviews:2907,hard_negative_candidate,space_crowding,space_crowding,True,True,وسخه,,زحمه,الاكل,1.3,unreviewed,ambience-words present alongside hard-negative cue - likely a non-ambience complaint,weak,0
hadyelsahar/ar_res_reviews:2926,hard_negative_candidate,seating_comfort,seating_comfort | parking | decor_furniture | general_place_vibe,True,True,المطعم,,الجلسات | الدخول | الديكور | المطعم,الاسعار | الطعام,4.3,unreviewed,ambience-words present alongside hard-negative cue - likely a non-ambience complaint,weak,1
hadyelsahar/ar_res_reviews:2930,hard_negative_candidate,decor_furniture,decor_furniture | seating_comfort | general_place_vibe,True,True,الطاوله | المطعم,,الديكور | الطاوله | المطعم,الخبز | الرز | الطعام | غاليه,3.6,unreviewed,ambience-words present alongside hard-negative cue - likely a non-ambience complaint,weak,1
hadyelsahar/ar_res_reviews:2935,hard_negative_candidate,outdoor_view,outdoor_view | general_place_vibe,True,True,المطعم,,اطلاله | المطعم,الارز | الاسعار,2.3,unreviewed,ambience-words present alongside hard-negative cue - likely a non-ambience complaint,weak,1
hadyelsahar/ar_res_reviews:2936,hard_negative_candidate,decor_furniture,decor_furniture | general_place_vibe,True,True,المطعم,,الديكور | المطعم,الطعم,2.3,unreviewed,ambience-words present alongside hard-negative cue - likely a non-ambience complaint,weak,1
hadyelsahar/ar_res_reviews:2937,hard_negative_candidate,noise_music,noise_music | decor_furniture,True,True,,,اطفال | الديكور,الطعام,2.0,unreviewed,ambience-words present alongside hard-negative cue - likely a non-ambience complaint,weak,1
hadyelsahar/ar_res_reviews:2942,hard_negative_candidate,temperature_ac,temperature_ac,True,True,بارد,,بارد,الاكل | الاكل بارد,1.3,unreviewed,multi-word hard-negative phrase present - confirmed non-ambience,weak,0
hadyelsahar/ar_res_reviews:2944,hard_negative_candidate,lighting,lighting | outdoor_view | general_place_vibe,True,True,المطعم | المكان,,الاضاءه | الاطلاله | المطعم | المكان,النادل,4.6,unreviewed,ambience-words present alongside hard-negative cue - likely a non-ambience complaint,weak,1
hadyelsahar/ar_res_reviews:2946,hard_negative_candidate,temperature_ac,general_place_vibe | temperature_ac,True,True,المطعم | المكان,,المطعم | المكان | حراره,الاكل | غاليه,3.6,unreviewed,ambience-words present alongside hard-negative cue - likely a non-ambience complaint,weak,1
hadyelsahar/ar_res_reviews:2950,hard_negative_candidate,temperature_ac,seating_comfort | general_place_vibe | temperature_ac | noise_music,True,True,الطاوله | المطعم | حاره,,الجلسات | الطاوله | المطعم | ثلج | حراره | مزعج,الفاتوره | اللحم,6.9,unreviewed,ambience-words present alongside hard-negative cue - likely a non-ambience complaint,weak,1
hadyelsahar/ar_res_reviews:2955,hard_negative_candidate,decor_furniture,decor_furniture | general_place_vibe,True,True,قديم,الديكور قديم,الديكور | قديم,الاسعار | الاكل,4.3,unreviewed,ambience-words present alongside hard-negative cue - likely a non-ambience complaint,weak,1
hadyelsahar/ar_res_reviews:2962,hard_negative_candidate,noise_music,noise_music | space_crowding | privacy | general_place_vibe,True,True,قديم,,اطفال | ضيق | عوائل | قديم,الاكل,4.3,unreviewed,ambience-words present alongside hard-negative cue - likely a non-ambience complaint,weak,0
hadyelsahar/ar_res_reviews:2966,hard_negative_candidate,space_crowding,space_crowding,True,True,,,زحمه,الاكل,1.0,unreviewed,ambience-words present alongside hard-negative cue - likely a non-ambience complaint,weak,1
hadyelsahar/ar_res_reviews:2971,hard_negative_candidate,seating_comfort,seating_comfort,True,True,,,الطاولات,الاكل,1.0,unreviewed,ambience-words present alongside hard-negative cue - likely a non-ambience complaint,weak,1
hadyelsahar/ar_res_reviews:2972,hard_negative_candidate,seating_comfort,seating_comfort,True,True,,,الطاولات,الاكل,1.0,unreviewed,ambience-words present alongside hard-negative cue - likely a non-ambience complaint,weak,1
hadyelsahar/ar_res_reviews:2974,hard_negative_candidate,space_crowding,space_crowding,True,True,,,زحمه,الاكل,1.0,unreviewed,ambience-words present alongside hard-negative cue - likely a non-ambience complaint,weak,1
hadyelsahar/ar_res_reviews:2992,hard_negative_candidate,temperature_ac,general_place_vibe | temperature_ac,True,True,المطعم,,المطعم | حراره,الاكل | الخبز | الطعام,2.3,unreviewed,ambience-words present alongside hard-negative cue - likely a non-ambience complaint,weak,0
hadyelsahar/ar_res_reviews:2994,hard_negative_candidate,,,False,True,,,,الموظفين | وقت طويل,0.0,unreviewed,multi-word hard-negative phrase present - confirmed non-ambience,weak,1
hadyelsahar/ar_res_reviews:3008,hard_negative_candidate,general_place_vibe,general_place_vibe,True,True,المطعم,,المطعم,الطعم | غاليه | ما يستاهل,1.3,unreviewed,multi-word hard-negative phrase present - confirmed non-ambience,weak,0
hadyelsahar/ar_res_reviews:3017,hard_negative_candidate,temperature_ac,lighting | seating_comfort | decor_furniture | general_place_vibe | temperature_ac | privacy | space_crowding,True,True,المطعم | بارد,اضاءه خافته,الاضاءه | البارتشن | الجلسات | الديكور | المطعم | بارد | خصوصيه | ضيقه | مكشوف,الاسعار | النكهه | مبالغ فيها | مبالغ فيه,11.6,unreviewed,ambience-words present alongside hard-negative cue - likely a non-ambience complaint,weak,0
hadyelsahar/ar_res_reviews:3019,hard_negative_candidate,seating_comfort,seating_comfort,True,True,,,الطاولات | طاوله,الموظف | الويتر | تطبيق,2.0,unreviewed,ambience-words present alongside hard-negative cue - likely a non-ambience complaint,weak,0
hadyelsahar/ar_res_reviews:3025,hard_negative_candidate,temperature_ac,temperature_ac | space_crowding,True,True,بارد,,بارد | زحمه,الاكل | الاكل بارد,2.3,unreviewed,ambience-words present alongside hard-negative cue - likely a non-ambience complaint,weak,1
hadyelsahar/ar_res_reviews:3030,hard_negative_candidate,general_place_vibe,general_place_vibe,True,True,,,الجو,الاسعار | الاكل | الطعم,1.0,unreviewed,ambience-words present alongside hard-negative cue - likely a non-ambience complaint,weak,0
hadyelsahar/ar_res_reviews:3040,hard_negative_candidate,temperature_ac,temperature_ac | parking,True,True,,,ثلج | موقف,الاكل,2.0,unreviewed,ambience-words present alongside hard-negative cue - likely a non-ambience complaint,weak,0
hadyelsahar/ar_res_reviews:3051,hard_negative_candidate,space_crowding,general_place_vibe | space_crowding,True,True,المطعم,,المطعم | فاضي,البطاطس | الفاتوره | طعمها,2.3,unreviewed,ambience-words present alongside hard-negative cue - likely a non-ambience complaint,weak,1
hadyelsahar/ar_res_reviews:3053,hard_negative_candidate,,,False,True,,,,ما يستاهل,0.0,unreviewed,multi-word hard-negative phrase present - confirmed non-ambience,weak,0
hadyelsahar/ar_res_reviews:3059,hard_negative_candidate,general_place_vibe,general_place_vibe,True,True,المطعم,,المطعم,ساعه كامله,1.3,unreviewed,multi-word hard-negative phrase present - confirmed non-ambience,weak,1
hadyelsahar/ar_res_reviews:3069,hard_negative_candidate,lighting,lighting | seating_comfort | general_place_vibe,True,True,المطعم,,الاضاءه | الجلسه | المطعم,الاسعار | السعر | الطعام | الطعم | ناقصه,3.3,unreviewed,ambience-words present alongside hard-negative cue - likely a non-ambience complaint,weak,0
hadyelsahar/ar_res_reviews:3072,hard_negative_candidate,decor_furniture,decor_furniture | seating_comfort | general_place_vibe | smell,True,True,الطاوله | المطعم,,الديكور | الطاوله | المطعم | طاوله | معسل,الخبز | الدجاج | السلطه | الطعام | طعمه,5.6,unreviewed,ambience-words present alongside hard-negative cue - likely a non-ambience complaint,weak,1
hadyelsahar/ar_res_reviews:3078,hard_negative_candidate,decor_furniture,decor_furniture | general_place_vibe | noise_music,True,True,المطعم | المكان | عاليه,,الديكور | المطعم | المكان | مزعج,الطعام,4.9,unreviewed,ambience-words present alongside hard-negative cue - likely a non-ambience complaint,weak,0
hadyelsahar/ar_res_reviews:3081,hard_negative_candidate,lighting,lighting | general_place_vibe | parking,True,True,المطعم,اضاءه خافته,الجو | المدخل | المطعم,الاكل | غاليه,5.3,unreviewed,ambience-words present alongside hard-negative cue - likely a non-ambience complaint,weak,1
hadyelsahar/ar_res_reviews:3084,hard_negative_candidate,seating_comfort,general_place_vibe | seating_comfort | privacy,True,True,المكان | زيت,,المكان | بارتشن | خصوصيه,الطعام | غاليه,3.6,unreviewed,ambience-words present alongside hard-negative cue - likely a non-ambience complaint,weak,1
hadyelsahar/ar_res_reviews:3087,hard_negative_candidate,decor_furniture,decor_furniture | general_place_vibe,True,True,المطعم | عالي,,الديكور | المطعم,الاكل | البيتزا | السعر | محروق,2.6,unreviewed,ambience-words present alongside hard-negative cue - likely a non-ambience complaint,weak,0
hadyelsahar/ar_res_reviews:3090,hard_negative_candidate,outdoor_view,outdoor_view | general_place_vibe,True,True,المطعم,,الخارجي | المطعم,البيتزا,2.3,unreviewed,ambience-words present alongside hard-negative cue - likely a non-ambience complaint,weak,1
hadyelsahar/ar_res_reviews:3114,hard_negative_candidate,decor_furniture,decor_furniture | general_place_vibe | privacy,True,True,المطعم,,الديكور | المطعم | خصوصيه,الاسعار,3.3,unreviewed,ambience-words present alongside hard-negative cue - likely a non-ambience complaint,weak,1
hadyelsahar/ar_res_reviews:3118,hard_negative_candidate,outdoor_view,outdoor_view,True,True,,,المنظر,الخبز,1.0,unreviewed,ambience-words present alongside hard-negative cue - likely a non-ambience complaint,weak,1
hadyelsahar/ar_res_reviews:3122,hard_negative_candidate,seating_comfort,seating_comfort | general_place_vibe,True,True,المكان,,الجلسات | الطاولات | المكان,الاسعار | الطعام | مبالغ فيها | ما طلبت | مبالغ فيه,3.3,unreviewed,ambience-words present alongside hard-negative cue - likely a non-ambience complaint,weak,0
hadyelsahar/ar_res_reviews:3127,hard_negative_candidate,seating_comfort,seating_comfort,True,True,,,الجلسات,الاسعار | الدجاج,1.0,unreviewed,ambience-words present alongside hard-negative cue - likely a non-ambience complaint,weak,1
hadyelsahar/ar_res_reviews:3134,hard_negative_candidate,seating_comfort,seating_comfort | general_place_vibe | space_crowding,True,True,المكان,,البارتشن | المكان | ضيق,الرز | ما يستاهل,3.3,unreviewed,ambience-words present alongside hard-negative cue - likely a non-ambience complaint,weak,0
hadyelsahar/ar_res_reviews:3137,hard_negative_candidate,space_crowding,general_place_vibe | space_crowding,True,True,المطعم,,المطعم | زحمه,البطاطس,2.3,unreviewed,ambience-words present alongside hard-negative cue - likely a non-ambience complaint,weak,1
hadyelsahar/ar_res_reviews:3151,hard_negative_candidate,general_place_vibe,general_place_vibe,True,True,,,رايق,الاكل,1.0,unreviewed,ambience-words present alongside hard-negative cue - likely a non-ambience complaint,weak,1
hadyelsahar/ar_res_reviews:3153,hard_negative_candidate,seating_comfort,seating_comfort | general_place_vibe,True,True,المطعم,,الطاولات | المطعم | طاوله,الاسعار,3.3,unreviewed,ambience-words present alongside hard-negative cue - likely a non-ambience complaint,weak,1
hadyelsahar/ar_res_reviews:3157,hard_negative_candidate,seating_comfort,seating_comfort,True,True,بارده,,الجلسات,الاسعار | مبالغ فيها | مبالغ فيه,1.3,unreviewed,ambience-words present alongside hard-negative cue - likely a non-ambience complaint,weak,0
hadyelsahar/ar_res_reviews:3163,hard_negative_candidate,general_place_vibe,general_place_vibe,True,True,,,الجو,الدجاج,1.0,unreviewed,ambience-words present alongside hard-negative cue - likely a non-ambience complaint,weak,1
hadyelsahar/ar_res_reviews:3174,hard_negative_candidate,seating_comfort,seating_comfort | general_place_vibe,True,True,المطعم | المكان,,الجلسات | المطعم | المكان,الدجاج | السعر | الطعم | اللحم | الموظفين | الوجبه | غالي,3.6,unreviewed,ambience-words present alongside hard-negative cue - likely a non-ambience complaint,weak,1
hadyelsahar/ar_res_reviews:3175,hard_negative_candidate,privacy,privacy | general_place_vibe,True,True,المطعم,قسم العوائل,المطعم,الطعم | اللحم | طعمه,3.3,unreviewed,ambience-words present alongside hard-negative cue - likely a non-ambience complaint,weak,1
hadyelsahar/ar_res_reviews:3180,hard_negative_candidate,space_crowding,space_crowding,True,True,,,زحمه,السعر | الطعم | الفاتوره | طعمه,1.0,unreviewed,ambience-words present alongside hard-negative cue - likely a non-ambience complaint,weak,0
hadyelsahar/ar_res_reviews:3189,hard_negative_candidate,seating_comfort,seating_comfort,True,True,الطاوله,,الطاوله,الدجاج | الوجبه | مبالغ فيها | مبالغ فيه,1.3,unreviewed,multi-word hard-negative phrase present - confirmed non-ambience,weak,0
hadyelsahar/ar_res_reviews:3190,hard_negative_candidate,space_crowding,general_place_vibe | space_crowding,True,True,المكان,,المكان | هادي,النادل,2.3,unreviewed,ambience-words present alongside hard-negative cue - likely a non-ambience complaint,weak,1
hadyelsahar/ar_res_reviews:3210,hard_negative_candidate,seating_comfort,general_place_vibe | seating_comfort,True,True,المطعم,,المطعم | طاوله,الطعام | الويتر,2.3,unreviewed,ambience-words present alongside hard-negative cue - likely a non-ambience complaint,weak,1
hadyelsahar/ar_res_reviews:3213,hard_negative_candidate,noise_music,noise_music,True,True,,,اطفال,الاكل | الدجاج | الرز | الطعم | اللحم,1.0,unreviewed,ambience-words present alongside hard-negative cue - likely a non-ambience complaint,weak,0
hadyelsahar/ar_res_reviews:3217,hard_negative_candidate,seating_comfort,seating_comfort | general_place_vibe,True,True,المطعم | المكان,,الجلسات | المطعم | المكان | حواجز,الاسعار,4.6,unreviewed,ambience-words present alongside hard-negative cue - likely a non-ambience complaint,weak,0
hadyelsahar/ar_res_reviews:3220,hard_negative_candidate,privacy,general_place_vibe | privacy,True,True,المطعم | المكان,,المطعم | المكان | خصوصيه,الطعام | الفاتوره,3.6,unreviewed,ambience-words present alongside hard-negative cue - likely a non-ambience complaint,weak,0
hadyelsahar/ar_res_reviews:3225,hard_negative_candidate,smell,seating_comfort | smell,True,True,رائحه | ريحه | عالي,,الجلسه | رائحه | ريحه,الاكل,3.9,unreviewed,ambience-words present alongside hard-negative cue - likely a non-ambience complaint,weak,1
hadyelsahar/ar_res_reviews:3229,hard_negative_candidate,general_place_vibe,general_place_vibe,True,True,,,الاجواء,الطعام,1.0,unreviewed,ambience-words present alongside hard-negative cue - likely a non-ambience complaint,weak,1
hadyelsahar/ar_res_reviews:3247,hard_negative_candidate,space_crowding,space_crowding,True,True,,,زحمه,طعمه,1.0,unreviewed,ambience-words present alongside hard-negative cue - likely a non-ambience complaint,weak,1
hadyelsahar/ar_res_reviews:3251,hard_negative_candidate,parking,parking | general_place_vibe,True,True,المطعم | المكان | قديم | قديمه,,الدخول | المطعم | المكان | قديم,الاكل | الطعم,5.2,unreviewed,ambience-words present alongside hard-negative cue - likely a non-ambience complaint,weak,1
hadyelsahar/ar_res_reviews:3258,hard_negative_candidate,seating_comfort,seating_comfort,True,True,,,الطاولات,الاكل | انتظرنا | طعمها,1.0,unreviewed,ambience-words present alongside hard-negative cue - likely a non-ambience complaint,weak,0
hadyelsahar/ar_res_reviews:3291,hard_negative_candidate,space_crowding,general_place_vibe | space_crowding,True,True,المطعم | المكان,,المطعم | المكان | زحمه,الاكل | البيتزا,3.6,unreviewed,ambience-words present alongside hard-negative cue - likely a non-ambience complaint,weak,1
hadyelsahar/ar_res_reviews:3293,hard_negative_candidate,decor_furniture,decor_furniture,True,True,,,الديكور,الاسعار | الاكل | غاليه,1.0,unreviewed,ambience-words present alongside hard-negative cue - likely a non-ambience complaint,weak,1
hadyelsahar/ar_res_reviews:3303,hard_negative_candidate,seating_comfort,general_place_vibe | seating_comfort,True,True,المطعم,,الجو | الطاولات | المطعم,الاسعار,3.3,unreviewed,ambience-words present alongside hard-negative cue - likely a non-ambience complaint,weak,1
hadyelsahar/ar_res_reviews:3307,hard_negative_candidate,general_place_vibe,general_place_vibe,True,True,المطعم,يفتح النفس,المطعم,الاكل | الرز | الشاورما,3.3,unreviewed,ambience-words present alongside hard-negative cue - likely a non-ambience complaint,weak,1
hadyelsahar/ar_res_reviews:3310,hard_negative_candidate,decor_furniture,decor_furniture,True,True,,,الديكور,السعر,1.0,unreviewed,ambience-words present alongside hard-negative cue - likely a non-ambience complaint,weak,1
hadyelsahar/ar_res_reviews:3333,hard_negative_candidate,,,False,True,,,,الاسعار | الرز | الشاورما | تاخر الطلب,0.0,unreviewed,multi-word hard-negative phrase present - confirmed non-ambience,weak,1
hadyelsahar/ar_res_reviews:3335,hard_negative_candidate,temperature_ac,temperature_ac | seating_comfort,True,True,الطاوله | بارد | حار | زيت,,التكييف | الطاوله | بارد | حار,الاكل | الرز | السلطه | طعمه,5.2,unreviewed,ambience-words present alongside hard-negative cue - likely a non-ambience complaint,weak,1
hadyelsahar/ar_res_reviews:3341,hard_negative_candidate,decor_furniture,decor_furniture,True,True,,,الديكور,الدجاج,1.0,unreviewed,ambience-words present alongside hard-negative cue - likely a non-ambience complaint,weak,1
hadyelsahar/ar_res_reviews:3344,hard_negative_candidate,temperature_ac,seating_comfort | general_place_vibe | temperature_ac,True,True,المطعم | حار | زيت,,الطاولات | الكراسي | المطعم | حار,الطعام,4.9,unreviewed,ambience-words present alongside hard-negative cue - likely a non-ambience complaint,weak,0
hadyelsahar/ar_res_reviews:3367,hard_negative_candidate,privacy,privacy | general_place_vibe | space_crowding,True,True,المكان,جلسات العوائل,المكان | ضيق,الدجاج,4.3,unreviewed,ambience-words present alongside hard-negative cue - likely a non-ambience complaint,weak,1
hadyelsahar/ar_res_reviews:3373,hard_negative_candidate,seating_comfort,seating_comfort,True,True,,,الطاولات,الاكل,1.0,unreviewed,ambience-words present alongside hard-negative cue - likely a non-ambience complaint,weak,0
hadyelsahar/ar_res_reviews:3380,hard_negative_candidate,lighting,lighting | seating_comfort | general_place_vibe,True,True,المطعم,اضاءه خافته,الجلسات | الطاولات | المطعم,الاسعار | الطعام,5.3,unreviewed,ambience-words present alongside hard-negative cue - likely a non-ambience complaint,weak,1
hadyelsahar/ar_res_reviews:3383,hard_negative_candidate,seating_comfort,seating_comfort | general_place_vibe | space_crowding,True,True,المطعم | المكان,,الجلسات | المطعم | المكان | زحمه,الموظفين,4.6,unreviewed,ambience-words present alongside hard-negative cue - likely a non-ambience complaint,weak,1
hadyelsahar/ar_res_reviews:3384,hard_negative_candidate,privacy,privacy | general_place_vibe | lighting | outdoor_view | space_crowding,True,True,المطعم | برا | زيت,قسم العوائل,الاجواء | الاضاءه | المطعم | برا | ضيقه,الاكل | غاليه | ما طلبت,7.9,unreviewed,ambience-words present alongside hard-negative cue - likely a non-ambience complaint,weak,1
hadyelsahar/ar_res_reviews:3385,hard_negative_candidate,seating_comfort,seating_comfort,True,True,,,طاوله,الاكل | الطعم,1.0,unreviewed,ambience-words present alongside hard-negative cue - likely a non-ambience complaint,weak,1
hadyelsahar/ar_res_reviews:3387,hard_negative_candidate,noise_music,noise_music | seating_comfort,True,True,,,اطفال | الجلسات | بارتشن | بزارين | طاوله,الاكل | البيتزا | الدجاج | السلطه | طعمه,5.0,unreviewed,ambience-words present alongside hard-negative cue - likely a non-ambience complaint,weak,1
hadyelsahar/ar_res_reviews:3391,hard_negative_candidate,noise_music,noise_music,True,True,,,ازعاج,الدجاج | الطعام,1.0,unreviewed,ambience-words present alongside hard-negative cue - likely a non-ambience complaint,weak,1
hadyelsahar/ar_res_reviews:3392,hard_negative_candidate,space_crowding,space_crowding | seating_comfort,True,True,,زحمه مره,زحمه | قزاز,الاكل,4.0,unreviewed,ambience-words present alongside hard-negative cue - likely a non-ambience complaint,weak,1
hadyelsahar/ar_res_reviews:3395,hard_negative_candidate,seating_comfort,seating_comfort | decor_furniture | general_place_vibe,True,True,المطعم,,الجلسه | الديكور | المطعم,البيتزا,3.3,unreviewed,ambience-words present alongside hard-negative cue - likely a non-ambience complaint,weak,0
hadyelsahar/ar_res_reviews:3396,hard_negative_candidate,general_place_vibe,general_place_vibe,True,True,,,الجو,الاسعار | الاكل | الطعم,1.0,unreviewed,ambience-words present alongside hard-negative cue - likely a non-ambience complaint,weak,1
hadyelsahar/ar_res_reviews:3397,hard_negative_candidate,decor_furniture,decor_furniture | general_place_vibe,True,True,المطعم,,الديكور | المطعم,الاكل,2.3,unreviewed,ambience-words present alongside hard-negative cue - likely a non-ambience complaint,weak,1
hadyelsahar/ar_res_reviews:3398,hard_negative_candidate,temperature_ac,temperature_ac | seating_comfort,True,True,,,التكييف | الجلسات,الاكل,2.0,unreviewed,ambience-words present alongside hard-negative cue - likely a non-ambience complaint,weak,1
hadyelsahar/ar_res_reviews:3404,hard_negative_candidate,temperature_ac,temperature_ac,True,True,بارد,,بارد,الاكل | الاكل بارد,1.3,unreviewed,multi-word hard-negative phrase present - confirmed non-ambience,weak,0
hadyelsahar/ar_res_reviews:3409,hard_negative_candidate,privacy,privacy | general_place_vibe | space_crowding,True,True,المطعم,قسم العوائل,المطعم | مزدحم,الطعم,4.3,unreviewed,ambience-words present alongside hard-negative cue - likely a non-ambience complaint,weak,1
hadyelsahar/ar_res_reviews:3411,hard_negative_candidate,space_crowding,space_crowding,True,True,,,زحمه,الاكل,1.0,unreviewed,ambience-words present alongside hard-negative cue - likely a non-ambience complaint,weak,1
hadyelsahar/ar_res_reviews:3413,hard_negative_candidate,seating_comfort,seating_comfort,True,True,,,الجلسه,الاكل,1.0,unreviewed,ambience-words present alongside hard-negative cue - likely a non-ambience complaint,weak,0
hadyelsahar/ar_res_reviews:3418,hard_negative_candidate,seating_comfort,seating_comfort | general_place_vibe,True,True,المطعم,,الجلسات | الطاولات | المطعم,الاكل | الوجبه,3.3,unreviewed,ambience-words present alongside hard-negative cue - likely a non-ambience complaint,weak,1
hadyelsahar/ar_res_reviews:3419,hard_negative_candidate,temperature_ac,temperature_ac,True,True,,,حراره,الاكل | البطاطس | الدجاج | الطعم | الوجبه | طعمها,1.0,unreviewed,ambience-words present alongside hard-negative cue - likely a non-ambience complaint,weak,0
hadyelsahar/ar_res_reviews:3428,hard_negative_candidate,general_place_vibe,general_place_vibe,True,True,المطعم,,الجو | المطعم,الدجاج | السلطه,2.3,unreviewed,ambience-words present alongside hard-negative cue - likely a non-ambience complaint,weak,1
hadyelsahar/ar_res_reviews:3429,hard_negative_candidate,,,False,True,,,,الشاورما | مبالغ فيها | مبالغ فيه,0.0,unreviewed,multi-word hard-negative phrase present - confirmed non-ambience,weak,0
hadyelsahar/ar_res_reviews:3432,hard_negative_candidate,seating_comfort,seating_comfort,True,True,,,الجلسات,الدجاج,1.0,unreviewed,ambience-words present alongside hard-negative cue - likely a non-ambience complaint,weak,1
hadyelsahar/ar_res_reviews:3469,hard_negative_candidate,seating_comfort,general_place_vibe | seating_comfort | space_crowding,True,True,المطعم,,الجو | الطاولات | المطعم | مزدحم,الاكل,4.3,unreviewed,ambience-words present alongside hard-negative cue - likely a non-ambience complaint,weak,1
hadyelsahar/ar_res_reviews:3472,hard_negative_candidate,general_place_vibe,general_place_vibe,True,True,المكان,,الجو | المكان,الدجاج,2.3,unreviewed,ambience-words present alongside hard-negative cue - likely a non-ambience complaint,weak,1
hadyelsahar/ar_res_reviews:3473,hard_negative_candidate,lighting,lighting | general_place_vibe,True,True,المطعم,اضاءه خافته,الاضاءه | المطعم,البيتزا,4.3,unreviewed,ambience-words present alongside hard-negative cue - likely a non-ambience complaint,weak,1
hadyelsahar/ar_res_reviews:3478,hard_negative_candidate,decor_furniture,decor_furniture | general_place_vibe,True,True,المطعم,,الديكور | المطعم,الاسعار,2.3,unreviewed,ambience-words present alongside hard-negative cue - likely a non-ambience complaint,weak,0
hadyelsahar/ar_res_reviews:3484,hard_negative_candidate,general_place_vibe,general_place_vibe,True,True,المطعم,,المطعم,غالي | مبالغ فيها | مبالغ فيه,1.3,unreviewed,multi-word hard-negative phrase present - confirmed non-ambience,weak,0
hadyelsahar/ar_res_reviews:3487,hard_negative_candidate,general_place_vibe,general_place_vibe,True,True,المطعم,,المطعم,مبالغ فيه,1.3,unreviewed,multi-word hard-negative phrase present - confirmed non-ambience,weak,1
hadyelsahar/ar_res_reviews:3488,hard_negative_candidate,decor_furniture,decor_furniture | general_place_vibe,True,True,المطعم,,الديكور | المطعم,الاكل,2.3,unreviewed,ambience-words present alongside hard-negative cue - likely a non-ambience complaint,weak,1
hadyelsahar/ar_res_reviews:3490,hard_negative_candidate,,,False,True,,,,الاسعار | الاكل | مبالغ فيها | مبالغ فيه,0.0,unreviewed,multi-word hard-negative phrase present - confirmed non-ambience,weak,1
hadyelsahar/ar_res_reviews:3503,hard_negative_candidate,general_place_vibe,general_place_vibe,True,True,المطعم,,المطعم,غير محترم,1.3,unreviewed,multi-word hard-negative phrase present - confirmed non-ambience,weak,0
hadyelsahar/ar_res_reviews:3514,hard_negative_candidate,seating_comfort,seating_comfort | decor_furniture | general_place_vibe,True,True,المكان,,الجلسات | الديكور | المكان,اللحم,3.3,unreviewed,ambience-words present alongside hard-negative cue - likely a non-ambience complaint,weak,1
hadyelsahar/ar_res_reviews:3516,hard_negative_candidate,seating_comfort,seating_comfort | decor_furniture | space_crowding,True,True,,,الجلسات | الديكور | ضيقه,الاسعار | الاكل,3.0,unreviewed,ambience-words present alongside hard-negative cue - likely a non-ambience complaint,weak,1
hadyelsahar/ar_res_reviews:3522,hard_negative_candidate,,,False,True,,,,الوجبه | طعمها | محروق | مبالغ فيه,0.0,unreviewed,multi-word hard-negative phrase present - confirmed non-ambience,weak,0
hadyelsahar/ar_res_reviews:3527,hard_negative_candidate,lighting,lighting | general_place_vibe,True,True,المطعم,,الاضاءه | المطعم,الاكل | السعر | مبالغ فيه,2.3,unreviewed,ambience-words present alongside hard-negative cue - likely a non-ambience complaint,weak,0
hadyelsahar/ar_res_reviews:3531,hard_negative_candidate,general_place_vibe,general_place_vibe,True,True,المطعم,,المطعم,الاسعار | غالي | مبالغ فيها | مبالغ فيه,1.3,unreviewed,multi-word hard-negative phrase present - confirmed non-ambience,weak,1
hadyelsahar/ar_res_reviews:3533,hard_negative_candidate,temperature_ac,seating_comfort | temperature_ac,True,True,بارد,,الجلسه | بارد,الرز | الموظفين | طعمه,2.3,unreviewed,ambience-words present alongside hard-negative cue - likely a non-ambience complaint,weak,0
hadyelsahar/ar_res_reviews:3535,hard_negative_candidate,outdoor_view,outdoor_view | general_place_vibe,True,True,المطعم,,اطلاله | المطعم,الاسعار | الطعام | الفاتوره | النادل,2.3,unreviewed,ambience-words present alongside hard-negative cue - likely a non-ambience complaint,weak,1
hadyelsahar/ar_res_reviews:3539,hard_negative_candidate,privacy,privacy | general_place_vibe,True,True,المطعم,قسم العوائل,المطعم,الطعام,3.3,unreviewed,ambience-words present alongside hard-negative cue - likely a non-ambience complaint,weak,1
hadyelsahar/ar_res_reviews:3541,hard_negative_candidate,space_crowding,general_place_vibe | space_crowding,True,True,المكان,,المكان | مزدحم,الاكل,2.3,unreviewed,ambience-words present alongside hard-negative cue - likely a non-ambience complaint,weak,1
hadyelsahar/ar_res_reviews:3543,hard_negative_candidate,seating_comfort,seating_comfort | general_place_vibe,True,True,المطعم,,الطاولات | المطعم,الخبز | الرز | السعر | الطعام | الطعم | جاهز,2.3,unreviewed,ambience-words present alongside hard-negative cue - likely a non-ambience complaint,weak,0
hadyelsahar/ar_res_reviews:3548,hard_negative_candidate,outdoor_view,outdoor_view,True,True,,,الاطلاله,الاسعار | البيتزا,1.0,unreviewed,ambience-words present alongside hard-negative cue - likely a non-ambience complaint,weak,1
hadyelsahar/ar_res_reviews:3561,hard_negative_candidate,outdoor_view,outdoor_view,True,True,,,السطح,النكهه,1.0,unreviewed,ambience-words present alongside hard-negative cue - likely a non-ambience complaint,weak,1
hadyelsahar/ar_res_reviews:3562,hard_negative_candidate,,,False,True,,,,السعر | مبالغ فيه,0.0,unreviewed,multi-word hard-negative phrase present - confirmed non-ambience,weak,1
hadyelsahar/ar_res_reviews:3564,hard_negative_candidate,seating_comfort,seating_comfort | general_place_vibe,True,True,المطعم,,الطاولات | المطعم,البيتزا,2.3,unreviewed,ambience-words present alongside hard-negative cue - likely a non-ambience complaint,weak,1
hadyelsahar/ar_res_reviews:3567,hard_negative_candidate,,,False,True,,,,الاسعار | السعر | مبالغ فيه,0.0,unreviewed,multi-word hard-negative phrase present - confirmed non-ambience,weak,1
hadyelsahar/ar_res_reviews:3568,hard_negative_candidate,,,False,True,,,,مبالغ فيه,0.0,unreviewed,multi-word hard-negative phrase present - confirmed non-ambience,weak,1
hadyelsahar/ar_res_reviews:3569,hard_negative_candidate,,,False,True,,,,السعر | مبالغ فيه,0.0,unreviewed,multi-word hard-negative phrase present - confirmed non-ambience,weak,0
hadyelsahar/ar_res_reviews:3572,hard_negative_candidate,seating_comfort,seating_comfort | general_place_vibe,True,True,المطعم,,الجلسه | المطعم,البيتزا | الطعام | اللحم,2.3,unreviewed,ambience-words present alongside hard-negative cue - likely a non-ambience complaint,weak,1
hadyelsahar/ar_res_reviews:3582,hard_negative_candidate,space_crowding,space_crowding,True,True,حاره,,زحمه,البطاطس | الشاورما | الطعم | اللحم,1.3,unreviewed,ambience-words present alongside hard-negative cue - likely a non-ambience complaint,weak,1
hadyelsahar/ar_res_reviews:3588,hard_negative_candidate,parking,general_place_vibe | parking,True,True,الفرع | عالي,,الفرع | المواقف | مواقف,الشاورما,3.6,unreviewed,ambience-words present alongside hard-negative cue - likely a non-ambience complaint,weak,1
hadyelsahar/ar_res_reviews:3590,hard_negative_candidate,space_crowding,space_crowding,True,True,,,زحمه,الدجاج | ني,1.0,unreviewed,ambience-words present alongside hard-negative cue - likely a non-ambience complaint,weak,0
hadyelsahar/ar_res_reviews:3608,hard_negative_candidate,space_crowding,space_crowding,True,True,حاره,,فاضي,البطاطس | الشاورما | اللحم | الوجبه,1.3,unreviewed,ambience-words present alongside hard-negative cue - likely a non-ambience complaint,weak,0
hadyelsahar/ar_res_reviews:3624,hard_negative_candidate,seating_comfort,seating_comfort | parking | general_place_vibe | space_crowding,True,True,المطعم,,الجلسات | الدخول | المطعم | زحمه,الاسعار | الاكل | الوجبه,4.3,unreviewed,ambience-words present alongside hard-negative cue - likely a non-ambience complaint,weak,1
hadyelsahar/ar_res_reviews:3625,hard_negative_candidate,decor_furniture,decor_furniture | general_place_vibe | space_crowding,True,True,المطعم,,الديكور | المطعم | زحمه,الاكل | البرجر,3.3,unreviewed,ambience-words present alongside hard-negative cue - likely a non-ambience complaint,weak,1
hadyelsahar/ar_res_reviews:3629,hard_negative_candidate,decor_furniture,decor_furniture,True,True,,,الديكور,الاسعار | الطعام,1.0,unreviewed,ambience-words present alongside hard-negative cue - likely a non-ambience complaint,weak,0
hadyelsahar/ar_res_reviews:3633,hard_negative_candidate,seating_comfort,seating_comfort | space_crowding,True,True,الطاوله,,الطاوله | زحمه,الاكل | الطعم | الويتر,2.3,unreviewed,ambience-words present alongside hard-negative cue - likely a non-ambience complaint,weak,0
hadyelsahar/ar_res_reviews:3636,hard_negative_candidate,decor_furniture,decor_furniture | general_place_vibe,True,True,المطعم,,الديكور | المطعم,البطاطس | الدجاج,2.3,unreviewed,ambience-words present alongside hard-negative cue - likely a non-ambience complaint,weak,1
hadyelsahar/ar_res_reviews:3641,hard_negative_candidate,decor_furniture,decor_furniture | general_place_vibe | bathroom_facilities | space_crowding,True,True,المكان,,الديكور | المكان | المناديل | ضيق,الاسعار | البرجر,4.3,unreviewed,ambience-words present alongside hard-negative cue - likely a non-ambience complaint,weak,1
hadyelsahar/ar_res_reviews:3653,hard_negative_candidate,general_place_vibe,general_place_vibe,True,True,المطعم,,الاجواء | المطعم,البرجر,2.3,unreviewed,ambience-words present alongside hard-negative cue - likely a non-ambience complaint,weak,1
hadyelsahar/ar_res_reviews:3660,hard_negative_candidate,decor_furniture,decor_furniture | general_place_vibe | privacy,True,True,المطعم,,الديكور | المطعم | عوائل,الدجاج | الطعم,3.3,unreviewed,ambience-words present alongside hard-negative cue - likely a non-ambience complaint,weak,1
hadyelsahar/ar_res_reviews:3679,hard_negative_candidate,seating_comfort,seating_comfort | general_place_vibe | space_crowding,True,True,المطعم,,الجلسات | المطعم | واسع,الاسعار | الخبز | اللحم | طعمه,3.3,unreviewed,ambience-words present alongside hard-negative cue - likely a non-ambience complaint,weak,1
hadyelsahar/ar_res_reviews:3683,hard_negative_candidate,space_crowding,general_place_vibe | space_crowding,True,True,المطعم,,الجو | المطعم | هادي,الاكل,3.3,unreviewed,ambience-words present alongside hard-negative cue - likely a non-ambience complaint,weak,1
hadyelsahar/ar_res_reviews:3690,hard_negative_candidate,general_place_vibe,general_place_vibe,True,True,المطعم,,المطعم,الاسعار | الطعام | مبالغ فيها | مبالغ فيه,1.3,unreviewed,multi-word hard-negative phrase present - confirmed non-ambience,weak,0
hadyelsahar/ar_res_reviews:3696,hard_negative_candidate,decor_furniture,decor_furniture | outdoor_view | seating_comfort | general_place_vibe,True,True,المطعم,,الاثاث | الاطلاله | الطاولات | المطعم,الاسعار | الموظفين,4.3,unreviewed,ambience-words present alongside hard-negative cue - likely a non-ambience complaint,weak,1
hadyelsahar/ar_res_reviews:3703,hard_negative_candidate,space_crowding,general_place_vibe | space_crowding,True,True,المطعم,,المطعم | ضيق,الاكل | طلبات,2.3,unreviewed,ambience-words present alongside hard-negative cue - likely a non-ambience complaint,weak,0
hadyelsahar/ar_res_reviews:3704,hard_negative_candidate,space_crowding,general_place_vibe | space_crowding,True,True,المطعم | المكان,,المطعم | المكان | هادي,الاسعار | الاكل,3.6,unreviewed,ambience-words present alongside hard-negative cue - likely a non-ambience complaint,weak,1
hadyelsahar/ar_res_reviews:3716,hard_negative_candidate,decor_furniture,decor_furniture | seating_comfort | general_place_vibe,True,True,الارضيه | الطاوله | المكان | زيت,,الارضيه | الطاوله | الكراسي | المكان,الاكل,5.2,unreviewed,ambience-words present alongside hard-negative cue - likely a non-ambience complaint,weak,0
hadyelsahar/ar_res_reviews:3717,hard_negative_candidate,seating_comfort,seating_comfort | general_place_vibe,True,True,المطعم | بارده | زيت,,الطاولات | المطعم,السلطه | الموظفين,2.9,unreviewed,ambience-words present alongside hard-negative cue - likely a non-ambience complaint,weak,0
hadyelsahar/ar_res_reviews:3718,hard_negative_candidate,temperature_ac,temperature_ac,True,True,,,حراره,غاليه | تاخر الطلب,1.0,unreviewed,ambience-words present alongside hard-negative cue - likely a non-ambience complaint,weak,1
hadyelsahar/ar_res_reviews:3719,hard_negative_candidate,noise_music,noise_music | general_place_vibe,True,True,المطعم,,ازعاج | المطعم,البطاطس,2.3,unreviewed,ambience-words present alongside hard-negative cue - likely a non-ambience complaint,weak,0
hadyelsahar/ar_res_reviews:3722,hard_negative_candidate,temperature_ac,general_place_vibe | temperature_ac | space_crowding,True,True,المطعم | بارد,,المطعم | بارد | زحمه,الاكل بارد,3.6,unreviewed,ambience-words present alongside hard-negative cue - likely a non-ambience complaint,weak,0
hadyelsahar/ar_res_reviews:3734,hard_negative_candidate,lighting,lighting | seating_comfort | general_place_vibe,True,True,المكان,اضاءه خافته,الاضاءه | الطاولات | المكان,الارز | الاسعار | الطعام | الفاتوره,5.3,unreviewed,ambience-words present alongside hard-negative cue - likely a non-ambience complaint,weak,1
hadyelsahar/ar_res_reviews:3737,hard_negative_candidate,general_place_vibe,general_place_vibe,True,True,المطعم,يفتح النفس,المطعم,الاكل | انتظرت,3.3,unreviewed,ambience-words present alongside hard-negative cue - likely a non-ambience complaint,weak,1
hadyelsahar/ar_res_reviews:3765,hard_negative_candidate,,,False,True,,,,الاسعار | الطعم | مبالغ فيها | مبالغ فيه,0.0,unreviewed,multi-word hard-negative phrase present - confirmed non-ambience,weak,1
hadyelsahar/ar_res_reviews:3768,hard_negative_candidate,seating_comfort,seating_comfort | privacy,True,True,,,الجلسات | طاوله | عوائل,غاليه,3.0,unreviewed,ambience-words present alongside hard-negative cue - likely a non-ambience complaint,weak,0
hadyelsahar/ar_res_reviews:3778,hard_negative_candidate,privacy,privacy | general_place_vibe | space_crowding,True,True,المطعم,قسم العوائل,المطعم | هادي,الاسعار,4.3,unreviewed,ambience-words present alongside hard-negative cue - likely a non-ambience complaint,weak,1
hadyelsahar/ar_res_reviews:3779,hard_negative_candidate,,,False,True,,,,مبالغ فيها | مبالغ فيه,0.0,unreviewed,multi-word hard-negative phrase present - confirmed non-ambience,weak,0
hadyelsahar/ar_res_reviews:3781,hard_negative_candidate,general_place_vibe,general_place_vibe,True,True,المطعم,,المطعم,الخبز | السعر | الطعم | الموظف | انتظرنا | مبالغ فيه,1.3,unreviewed,multi-word hard-negative phrase present - confirmed non-ambience,weak,0
hadyelsahar/ar_res_reviews:3783,hard_negative_candidate,temperature_ac,general_place_vibe | temperature_ac | seating_comfort,True,True,المطعم | حار,,المطعم | حار | طاوله,الاكل | السعر | انتظرنا | ساعه كامله,3.6,unreviewed,ambience-words present alongside hard-negative cue - likely a non-ambience complaint,weak,0
hadyelsahar/ar_res_reviews:3787,hard_negative_candidate,general_place_vibe,general_place_vibe,True,True,المطعم | المكان,,المطعم | المكان,الفاتوره | مبالغ فيها | مبالغ فيه,2.6,unreviewed,multi-word hard-negative phrase present - confirmed non-ambience,weak,0
hadyelsahar/ar_res_reviews:3791,hard_negative_candidate,seating_comfort,seating_comfort,True,True,,,الجلسه,الاكل | الفاتوره,1.0,unreviewed,ambience-words present alongside hard-negative cue - likely a non-ambience complaint,weak,0
hadyelsahar/ar_res_reviews:3792,hard_negative_candidate,seating_comfort,seating_comfort,True,True,,,الجلسات,الاكل,1.0,unreviewed,ambience-words present alongside hard-negative cue - likely a non-ambience complaint,weak,1
hadyelsahar/ar_res_reviews:3793,hard_negative_candidate,seating_comfort,seating_comfort | general_place_vibe,True,True,المطعم,,الجلسه | المطعم,الطعام,2.3,unreviewed,ambience-words present alongside hard-negative cue - likely a non-ambience complaint,weak,1
hadyelsahar/ar_res_reviews:3794,hard_negative_candidate,privacy,general_place_vibe | privacy,True,True,المطعم,,المطعم | عوائل,الطعام,2.3,unreviewed,ambience-words present alongside hard-negative cue - likely a non-ambience complaint,weak,1
hadyelsahar/ar_res_reviews:3805,hard_negative_candidate,general_place_vibe,general_place_vibe,True,True,المطعم,,المطعم | رايق,اللحم,2.3,unreviewed,ambience-words present alongside hard-negative cue - likely a non-ambience complaint,weak,1
hadyelsahar/ar_res_reviews:3808,hard_negative_candidate,decor_furniture,decor_furniture | seating_comfort | privacy,True,True,,,الديكور | الطاولات | خصوصيه | طاوله | مكشوف,الطعام,5.0,unreviewed,ambience-words present alongside hard-negative cue - likely a non-ambience complaint,weak,1
hadyelsahar/ar_res_reviews:3810,hard_negative_candidate,decor_furniture,decor_furniture | general_place_vibe,True,True,المطعم,,الديكور | المطعم,الطعام,2.3,unreviewed,ambience-words present alongside hard-negative cue - likely a non-ambience complaint,weak,1
hadyelsahar/ar_res_reviews:3811,hard_negative_candidate,space_crowding,space_crowding,True,True,,,زحمه,الاسعار | الموظفين | طعمها | طلبات,1.0,unreviewed,ambience-words present alongside hard-negative cue - likely a non-ambience complaint,weak,0
hadyelsahar/ar_res_reviews:3821,hard_negative_candidate,,,False,True,,,,غير محترم,0.0,unreviewed,multi-word hard-negative phrase present - confirmed non-ambience,weak,0
hadyelsahar/ar_res_reviews:3830,hard_negative_candidate,space_crowding,space_crowding,True,True,,,زحمه,الرز,1.0,unreviewed,ambience-words present alongside hard-negative cue - likely a non-ambience complaint,weak,1
hadyelsahar/ar_res_reviews:3843,hard_negative_candidate,privacy,privacy,True,True,,قسم العوائل,,الاكل | طعمها,2.0,unreviewed,ambience-words present alongside hard-negative cue - likely a non-ambience complaint,weak,1
hadyelsahar/ar_res_reviews:3859,hard_negative_candidate,privacy,privacy | seating_comfort | general_place_vibe,True,True,المطعم,جلسات العوائل,الجلسات | الجلسه | المطعم,البطاطس | السعر | غالي,5.3,unreviewed,ambience-words present alongside hard-negative cue - likely a non-ambience complaint,weak,1
hadyelsahar/ar_res_reviews:3862,hard_negative_candidate,decor_furniture,decor_furniture | seating_comfort | general_place_vibe,True,True,الطاوله | المطعم,,الديكور | الطاوله | المطعم,الاكل,3.6,unreviewed,ambience-words present alongside hard-negative cue - likely a non-ambience complaint,weak,1
hadyelsahar/ar_res_reviews:3873,hard_negative_candidate,decor_furniture,decor_furniture | seating_comfort | general_place_vibe | parking,True,True,المطعم,,الديكور | الطاولات | المطعم | مواقف,الاسعار | البيتزا | الخبز | السلطه | الطعام,4.3,unreviewed,ambience-words present alongside hard-negative cue - likely a non-ambience complaint,weak,1
hadyelsahar/ar_res_reviews:3875,hard_negative_candidate,seating_comfort,seating_comfort | decor_furniture | general_place_vibe,True,True,المطعم,,الجلسات | الديكور | المطعم,الاسعار | البيتزا | الطعام,3.3,unreviewed,ambience-words present alongside hard-negative cue - likely a non-ambience complaint,weak,1
hadyelsahar/ar_res_reviews:4015,hard_negative_candidate,,,False,True,,,,السعر | مبالغ فيه,0.0,unreviewed,multi-word hard-negative phrase present - confirmed non-ambience,weak,1
hadyelsahar/ar_res_reviews:4026,hard_negative_candidate,seating_comfort,seating_comfort | decor_furniture,True,True,,,الجلسات | الديكور,السعر,2.0,unreviewed,ambience-words present alongside hard-negative cue - likely a non-ambience complaint,weak,1
hadyelsahar/ar_res_reviews:4032,hard_negative_candidate,temperature_ac,general_place_vibe | bathroom_facilities | temperature_ac | smell | space_crowding | noise_music,True,True,المطعم | بارد | رائحه,,المطعم | المناديل | بارد | رائحه | ضيقه | مزعج,الاكل | الدجاج | الطعام | الفاتوره | طعمها,6.9,unreviewed,ambience-words present alongside hard-negative cue - likely a non-ambience complaint,weak,0
hadyelsahar/ar_res_reviews:4035,hard_negative_candidate,decor_furniture,decor_furniture,True,True,,,الديكور,الاسعار | الطعم | طعمها,1.0,unreviewed,ambience-words present alongside hard-negative cue - likely a non-ambience complaint,weak,1
hadyelsahar/ar_res_reviews:4042,hard_negative_candidate,general_place_vibe,general_place_vibe,True,True,المطعم,,المطعم,الاسعار | الاكل | مبالغ فيها | مبالغ فيه,1.3,unreviewed,multi-word hard-negative phrase present - confirmed non-ambience,weak,0
hadyelsahar/ar_res_reviews:4044,hard_negative_candidate,decor_furniture,decor_furniture,True,True,,,الديكور,الاكل,1.0,unreviewed,ambience-words present alongside hard-negative cue - likely a non-ambience complaint,weak,0
hadyelsahar/ar_res_reviews:4048,hard_negative_candidate,noise_music,general_place_vibe | noise_music,True,True,المكان,,المكان | مزعج,الطعام,2.3,unreviewed,ambience-words present alongside hard-negative cue - likely a non-ambience complaint,weak,1
hadyelsahar/ar_res_reviews:4051,hard_negative_candidate,general_place_vibe,general_place_vibe,True,True,المطعم | المكان,,المطعم | المكان,الاسعار | الطعام | الفاتوره | مبالغ فيها | مبالغ فيه,2.6,unreviewed,multi-word hard-negative phrase present - confirmed non-ambience,weak,1
hadyelsahar/ar_res_reviews:4052,hard_negative_candidate,seating_comfort,seating_comfort | general_place_vibe,True,True,المكان,,الجلسات | الكنب | المكان | طاوله,الدجاج,4.3,unreviewed,ambience-words present alongside hard-negative cue - likely a non-ambience complaint,weak,1
hadyelsahar/ar_res_reviews:4068,hard_negative_candidate,decor_furniture,decor_furniture | general_place_vibe,True,True,المطعم,,الديكور | المطعم,الاكل,2.3,unreviewed,ambience-words present alongside hard-negative cue - likely a non-ambience complaint,weak,0
hadyelsahar/ar_res_reviews:4069,hard_negative_candidate,seating_comfort,seating_comfort | decor_furniture | general_place_vibe | space_crowding,True,True,الارضيه | المحل | المطعم,جلسات ارضيه,الارضيه | الجلسات | الجلسه | المحل | المطعم | زحمه,الاسعار | الاكل,8.9,unreviewed,ambience-words present alongside hard-negative cue - likely a non-ambience complaint,weak,1
hadyelsahar/ar_res_reviews:4085,hard_negative_candidate,temperature_ac,general_place_vibe | temperature_ac,True,True,حار,يفتح النفس,حار,اللحم | جاهز,3.3,unreviewed,ambience-words present alongside hard-negative cue - likely a non-ambience complaint,weak,1
hadyelsahar/ar_res_reviews:4115,hard_negative_candidate,general_place_vibe,general_place_vibe,True,True,المطعم,,المطعم,مبالغ فيه,1.3,unreviewed,multi-word hard-negative phrase present - confirmed non-ambience,weak,0
hadyelsahar/ar_res_reviews:4118,hard_negative_candidate,seating_comfort,seating_comfort | general_place_vibe,True,True,المطعم,,الجلسات | المطعم,الاسعار,2.3,unreviewed,ambience-words present alongside hard-negative cue - likely a non-ambience complaint,weak,1
hadyelsahar/ar_res_reviews:4121,hard_negative_candidate,lighting,lighting | seating_comfort | decor_furniture | general_place_vibe,True,True,المطعم,اضاءه خافته,الجلسه | الديكور | المطعم,الاسعار,5.3,unreviewed,ambience-words present alongside hard-negative cue - likely a non-ambience complaint,weak,1
hadyelsahar/ar_res_reviews:4133,hard_negative_candidate,general_place_vibe,general_place_vibe,True,True,المطعم,,المطعم,غير محترم,1.3,unreviewed,multi-word hard-negative phrase present - confirmed non-ambience,weak,0
hadyelsahar/ar_res_reviews:4134,hard_negative_candidate,decor_furniture,decor_furniture | outdoor_view | seating_comfort | general_place_vibe | space_crowding,True,True,الارضيه | المطعم,,الارضيه | الاطلاله | الطاولات | المطعم | هادي,الاكل,5.6,unreviewed,ambience-words present alongside hard-negative cue - likely a non-ambience complaint,weak,1
hadyelsahar/ar_res_reviews:4136,hard_negative_candidate,noise_music,noise_music | decor_furniture | seating_comfort | general_place_vibe | privacy,True,True,المطعم | المكان | عاليه,,ازعاج | الديكور | الكنب | المطعم | المكان | خصوصيه,الاكل,6.9,unreviewed,ambience-words present alongside hard-negative cue - likely a non-ambience complaint,weak,0
hadyelsahar/ar_res_reviews:4144,hard_negative_candidate,temperature_ac,seating_comfort | general_place_vibe | temperature_ac | smell | space_crowding,True,True,الطاوله | المطعم | بارد | رائحه,,الطاوله | المطعم | بارد | رائحه | زحمه,الاكل,6.2,unreviewed,ambience-words present alongside hard-negative cue - likely a non-ambience complaint,weak,0
hadyelsahar/ar_res_reviews:4147,hard_negative_candidate,decor_furniture,decor_furniture,True,True,,,الديكور,الاكل,1.0,unreviewed,ambience-words present alongside hard-negative cue - likely a non-ambience complaint,weak,1
hadyelsahar/ar_res_reviews:4149,hard_negative_candidate,seating_comfort,seating_comfort | general_place_vibe | temperature_ac,True,True,الطاوله | المطعم,,الطاوله | المطعم | بارتشن | برد,الاسعار | الاكل | الويتر,4.6,unreviewed,ambience-words present alongside hard-negative cue - likely a non-ambience complaint,weak,0
hadyelsahar/ar_res_reviews:4151,hard_negative_candidate,decor_furniture,decor_furniture,True,True,,,الديكور,الاكل,1.0,unreviewed,ambience-words present alongside hard-negative cue - likely a non-ambience complaint,weak,1
hadyelsahar/ar_res_reviews:4158,hard_negative_candidate,seating_comfort,seating_comfort | general_place_vibe,True,True,المطعم,,الطاولات | المطعم,الاسعار | الاكل | غاليه,2.3,unreviewed,ambience-words present alongside hard-negative cue - likely a non-ambience complaint,weak,1
hadyelsahar/ar_res_reviews:4163,hard_negative_candidate,space_crowding,general_place_vibe | space_crowding | parking,True,True,المطعم,,المطعم | زحمه | مواقف,الاكل,3.3,unreviewed,ambience-words present alongside hard-negative cue - likely a non-ambience complaint,weak,1
hadyelsahar/ar_res_reviews:4177,hard_negative_candidate,seating_comfort,general_place_vibe | seating_comfort | noise_music,True,True,المكان,,المكان | بارتشن | موسيقي,الدجاج | السلطه | طعمها,3.3,unreviewed,ambience-words present alongside hard-negative cue - likely a non-ambience complaint,weak,1
hadyelsahar/ar_res_reviews:4178,hard_negative_candidate,general_place_vibe,general_place_vibe,True,True,,,الجو,الاكل | السلطه | المضيف | غالي,1.0,unreviewed,ambience-words present alongside hard-negative cue - likely a non-ambience complaint,weak,1
hadyelsahar/ar_res_reviews:4181,hard_negative_candidate,lighting,lighting,True,True,,اضاءه خافته,الاضاءه,الاسعار,3.0,unreviewed,ambience-words present alongside hard-negative cue - likely a non-ambience complaint,weak,1
hadyelsahar/ar_res_reviews:4193,hard_negative_candidate,decor_furniture,decor_furniture | general_place_vibe | seating_comfort | privacy,True,True,المطعم,,الديكور | المطعم | حواجز | خصوصيه,الاسعار | الطعام,4.3,unreviewed,ambience-words present alongside hard-negative cue - likely a non-ambience complaint,weak,1
hadyelsahar/ar_res_reviews:4194,hard_negative_candidate,general_place_vibe,general_place_vibe,True,True,,,الجو,الاسعار | الاكل | الطعام | الموظفين,1.0,unreviewed,ambience-words present alongside hard-negative cue - likely a non-ambience complaint,weak,1
hadyelsahar/ar_res_reviews:4201,hard_negative_candidate,seating_comfort,seating_comfort | general_place_vibe,True,True,الفرع | المطعم,,الطاولات | الفرع | المطعم | طاوله,الاكل,4.6,unreviewed,ambience-words present alongside hard-negative cue - likely a non-ambience complaint,weak,0
hadyelsahar/ar_res_reviews:4205,hard_negative_candidate,general_place_vibe,general_place_vibe,True,True,,يفتح النفس,,الاكل,2.0,unreviewed,ambience-words present alongside hard-negative cue - likely a non-ambience complaint,weak,1
hadyelsahar/ar_res_reviews:4209,hard_negative_candidate,,,False,True,,,,الدجاج | مبالغ فيها | مبالغ فيه,0.0,unreviewed,multi-word hard-negative phrase present - confirmed non-ambience,weak,1
hadyelsahar/ar_res_reviews:4210,hard_negative_candidate,general_place_vibe,general_place_vibe,True,True,المطعم,,المطعم,السعر | مبالغ فيه,1.3,unreviewed,multi-word hard-negative phrase present - confirmed non-ambience,weak,0
hadyelsahar/ar_res_reviews:4221,hard_negative_candidate,,,False,True,,,,الاكل | انتظرت | ساعه كامله,0.0,unreviewed,multi-word hard-negative phrase present - confirmed non-ambience,weak,0
hadyelsahar/ar_res_reviews:4232,hard_negative_candidate,outdoor_view,outdoor_view | decor_furniture | seating_comfort | general_place_vibe,True,True,المطعم,جلسات خارجيه,الديكور | الطاولات | المطعم,الاسعار | البيتزا | الخبز | الطعام,5.3,unreviewed,ambience-words present alongside hard-negative cue - likely a non-ambience complaint,weak,1
hadyelsahar/ar_res_reviews:4233,hard_negative_candidate,temperature_ac,seating_comfort | general_place_vibe | temperature_ac,True,True,بارد,,الجلسه | الجو | بارد,الاسعار | الاكل,3.3,unreviewed,ambience-words present alongside hard-negative cue - likely a non-ambience complaint,weak,0
hadyelsahar/ar_res_reviews:4234,hard_negative_candidate,noise_music,noise_music | seating_comfort,True,True,قديمه,,ازعاج | الجلسه,الاكل,2.3,unreviewed,ambience-words present alongside hard-negative cue - likely a non-ambience complaint,weak,0
hadyelsahar/ar_res_reviews:4239,hard_negative_candidate,temperature_ac,general_place_vibe | temperature_ac,True,True,المطعم | بارده | حار | زيت,,المطعم | حار,الاسعار | البطاطس | الشاورما | مبالغ فيها | ما طلبت | ما يستاهل | مبالغ فيه,3.2,unreviewed,multi-word hard-negative phrase present - confirmed non-ambience,weak,0
hadyelsahar/ar_res_reviews:4251,hard_negative_candidate,seating_comfort,general_place_vibe | seating_comfort | decor_furniture,True,True,,,الاجواء | الجلسه | الديكور,الاسعار | الاكل | اللحم,3.0,unreviewed,ambience-words present alongside hard-negative cue - likely a non-ambience complaint,weak,1
hadyelsahar/ar_res_reviews:4256,hard_negative_candidate,smell,decor_furniture | smell,True,True,رائحه,,الديكور | رائحه,الطعام,2.3,unreviewed,ambience-words present alongside hard-negative cue - likely a non-ambience complaint,weak,1
hadyelsahar/ar_res_reviews:4263,hard_negative_candidate,temperature_ac,general_place_vibe | temperature_ac,True,True,المكان | بارد,,المكان | بارد,الاسعار | الاكل | ما طلبنا,2.6,unreviewed,multi-word hard-negative phrase present - confirmed non-ambience,weak,0
hadyelsahar/ar_res_reviews:4266,hard_negative_candidate,general_place_vibe,general_place_vibe,True,True,,,الجو,الدجاج,1.0,unreviewed,ambience-words present alongside hard-negative cue - likely a non-ambience complaint,weak,1
hadyelsahar/ar_res_reviews:4268,hard_negative_candidate,decor_furniture,decor_furniture,True,True,,,الديكور,الاكل,1.0,unreviewed,ambience-words present alongside hard-negative cue - likely a non-ambience complaint,weak,0
hadyelsahar/ar_res_reviews:4270,hard_negative_candidate,parking,parking | general_place_vibe,True,True,المطعم,,المدخل | المطعم,الاسعار | غالي,2.3,unreviewed,ambience-words present alongside hard-negative cue - likely a non-ambience complaint,weak,1
hadyelsahar/ar_res_reviews:4273,hard_negative_candidate,seating_comfort,seating_comfort | general_place_vibe,True,True,المطعم,,الطاولات | المطعم,البيتزا,2.3,unreviewed,ambience-words present alongside hard-negative cue - likely a non-ambience complaint,weak,1
hadyelsahar/ar_res_reviews:4278,hard_negative_candidate,decor_furniture,decor_furniture | general_place_vibe | temperature_ac | parking,True,True,المطعم,,الديكور | المطعم | حراره | موقف,الاكل | الفاتوره | غاليه,4.3,unreviewed,ambience-words present alongside hard-negative cue - likely a non-ambience complaint,weak,1
hadyelsahar/ar_res_reviews:4281,hard_negative_candidate,space_crowding,general_place_vibe | space_crowding,True,True,الفرع | المحل | المطعم,,الفرع | المحل | المطعم | ضيق,البرجر | الخبز | الوجبه,4.9,unreviewed,ambience-words present alongside hard-negative cue - likely a non-ambience complaint,weak,1
hadyelsahar/ar_res_reviews:4283,hard_negative_candidate,space_crowding,general_place_vibe | space_crowding,True,True,المطعم,,المطعم | زحمه,الخبز | السعر | اللحم,2.3,unreviewed,ambience-words present alongside hard-negative cue - likely a non-ambience complaint,weak,1
hadyelsahar/ar_res_reviews:4316,hard_negative_candidate,decor_furniture,decor_furniture | seating_comfort,True,True,الطاوله,,الديكور | الطاوله,الاكل | السعر,2.3,unreviewed,ambience-words present alongside hard-negative cue - likely a non-ambience complaint,weak,1
hadyelsahar/ar_res_reviews:4319,hard_negative_candidate,space_crowding,general_place_vibe | space_crowding,True,True,المطعم,,المطعم | زحمه | هادي,الاكل | السعر | مبالغ فيه,3.3,unreviewed,ambience-words present alongside hard-negative cue - likely a non-ambience complaint,weak,1
hadyelsahar/ar_res_reviews:4326,hard_negative_candidate,temperature_ac,decor_furniture | seating_comfort | general_place_vibe | temperature_ac,True,True,المطعم | بارد,,الديكور | الطاولات | المطعم | بارد,الارز | الطعام,4.6,unreviewed,ambience-words present alongside hard-negative cue - likely a non-ambience complaint,weak,0
hadyelsahar/ar_res_reviews:4333,hard_negative_candidate,outdoor_view,outdoor_view | space_crowding,True,True,برا,,برا | فاضي,الاسعار | التوصيل,2.3,unreviewed,ambience-words present alongside hard-negative cue - likely a non-ambience complaint,weak,1
hadyelsahar/ar_res_reviews:4334,hard_negative_candidate,temperature_ac,seating_comfort | decor_furniture | general_place_vibe | temperature_ac,True,True,المطعم | بارد | زيت,,الجلسات | الديكور | المطعم | بارد | طاوله,الخبز | السعر | الموظفين | مبالغ فيه,5.9,unreviewed,ambience-words present alongside hard-negative cue - likely a non-ambience complaint,weak,1
hadyelsahar/ar_res_reviews:4335,hard_negative_candidate,temperature_ac,privacy | seating_comfort | general_place_vibe | temperature_ac,True,True,الطاوله | المطعم | بارد | حار,قسم العوائل,البارتشن | الجلسات | الجلسه | الطاوله | المطعم | بارد | حار,الاسعار | الاكل | الدجاج | الطعام | الوجبه,10.2,unreviewed,ambience-words present alongside hard-negative cue - likely a non-ambience complaint,weak,1
hadyelsahar/ar_res_reviews:4336,hard_negative_candidate,decor_furniture,decor_furniture | general_place_vibe,True,True,المطعم | المكان,,الديكور | المطعم | المكان,الطعام,3.6,unreviewed,ambience-words present alongside hard-negative cue - likely a non-ambience complaint,weak,1
hadyelsahar/ar_res_reviews:4338,hard_negative_candidate,space_crowding,space_crowding,True,True,,,زحمه,الاسعار | الاكل,1.0,unreviewed,ambience-words present alongside hard-negative cue - likely a non-ambience complaint,weak,1
hadyelsahar/ar_res_reviews:4344,hard_negative_candidate,seating_comfort,general_place_vibe | seating_comfort | parking,True,True,الطاوله,,الجو | الطاوله | المواقف,الاسعار | الموظفين,3.3,unreviewed,ambience-words present alongside hard-negative cue - likely a non-ambience complaint,weak,1
hadyelsahar/ar_res_reviews:4377,hard_negative_candidate,general_place_vibe,general_place_vibe,True,True,المطعم,,المطعم,مبالغ فيها | مبالغ فيه,1.3,unreviewed,multi-word hard-negative phrase present - confirmed non-ambience,weak,0
hadyelsahar/ar_res_reviews:4387,hard_negative_candidate,decor_furniture,decor_furniture,True,True,,,الديكور,غاليه,1.0,unreviewed,ambience-words present alongside hard-negative cue - likely a non-ambience complaint,weak,0
hadyelsahar/ar_res_reviews:4392,hard_negative_candidate,parking,parking | general_place_vibe | space_crowding,True,True,المطعم | المكان,,المدخل | المطعم | المكان | ضيق,الاكل | الدجاج | الطعام | الطعم,4.6,unreviewed,ambience-words present alongside hard-negative cue - likely a non-ambience complaint,weak,1
hadyelsahar/ar_res_reviews:4394,hard_negative_candidate,general_place_vibe,general_place_vibe,True,True,المطعم,,الجو | المطعم,الاكل,2.3,unreviewed,ambience-words present alongside hard-negative cue - likely a non-ambience complaint,weak,1
hadyelsahar/ar_res_reviews:4404,hard_negative_candidate,seating_comfort,seating_comfort,True,True,,,الجلسات,الاكل,1.0,unreviewed,ambience-words present alongside hard-negative cue - likely a non-ambience complaint,weak,1
hadyelsahar/ar_res_reviews:4405,hard_negative_candidate,temperature_ac,seating_comfort | general_place_vibe | temperature_ac | smell,True,True,المطعم | بارد | رائحه,,الجلسات | المطعم | بارد | رائحه,الاكل | الطعام | وقت طويل,4.9,unreviewed,ambience-words present alongside hard-negative cue - likely a non-ambience complaint,weak,0
hadyelsahar/ar_res_reviews:4408,hard_negative_candidate,noise_music,noise_music | seating_comfort | space_crowding,True,True,,,ازعاج | الطاولات | زحمه,الاكل,3.0,unreviewed,ambience-words present alongside hard-negative cue - likely a non-ambience complaint,weak,1
hadyelsahar/ar_res_reviews:4413,hard_negative_candidate,decor_furniture,decor_furniture | general_place_vibe,True,True,المطعم,,الديكور | المطعم,الاسعار | الاكل | غاليه,2.3,unreviewed,ambience-words present alongside hard-negative cue - likely a non-ambience complaint,weak,1
hadyelsahar/ar_res_reviews:4415,hard_negative_candidate,space_crowding,space_crowding,True,True,,,هادي,طلبات,1.0,unreviewed,ambience-words present alongside hard-negative cue - likely a non-ambience complaint,weak,1
hadyelsahar/ar_res_reviews:4436,hard_negative_candidate,decor_furniture,decor_furniture | general_place_vibe,True,True,المكان,,الديكور | المكان,الاكل | الدجاج | السعر,2.3,unreviewed,ambience-words present alongside hard-negative cue - likely a non-ambience complaint,weak,1
hadyelsahar/ar_res_reviews:4437,hard_negative_candidate,decor_furniture,decor_furniture | general_place_vibe,True,True,المطعم | قديم,,الديكور | المطعم | قديم,الطعم,3.6,unreviewed,ambience-words present alongside hard-negative cue - likely a non-ambience complaint,weak,1
hadyelsahar/ar_res_reviews:4455,hard_negative_candidate,space_crowding,general_place_vibe | space_crowding,True,True,المطعم,,المطعم | فاضي,الاكل,2.3,unreviewed,ambience-words present alongside hard-negative cue - likely a non-ambience complaint,weak,0
hadyelsahar/ar_res_reviews:4458,hard_negative_candidate,space_crowding,space_crowding,True,True,,,زحمه,غاليه,1.0,unreviewed,ambience-words present alongside hard-negative cue - likely a non-ambience complaint,weak,0
hadyelsahar/ar_res_reviews:4468,hard_negative_candidate,space_crowding,space_crowding,True,True,,,زحمه,الاسعار,1.0,unreviewed,ambience-words present alongside hard-negative cue - likely a non-ambience complaint,weak,1
hadyelsahar/ar_res_reviews:4469,hard_negative_candidate,,,False,True,,,,ما يستاهل,0.0,unreviewed,multi-word hard-negative phrase present - confirmed non-ambience,weak,0
hadyelsahar/ar_res_reviews:4476,hard_negative_candidate,seating_comfort,seating_comfort | general_place_vibe,True,True,المكان,,الجلسه | المكان,الاكل | اللحم,2.3,unreviewed,ambience-words present alongside hard-negative cue - likely a non-ambience complaint,weak,1
hadyelsahar/ar_res_reviews:4480,hard_negative_candidate,smell,smell,True,True,,,شيشه,الاكل | اللحم | الوجبه,1.0,unreviewed,ambience-words present alongside hard-negative cue - likely a non-ambience complaint,weak,0
hadyelsahar/ar_res_reviews:4482,hard_negative_candidate,privacy,privacy | general_place_vibe,True,True,المطعم,,افراد | المطعم,الاسعار | الدجاج | غالي,2.3,unreviewed,ambience-words present alongside hard-negative cue - likely a non-ambience complaint,weak,1
hadyelsahar/ar_res_reviews:4490,hard_negative_candidate,general_place_vibe,general_place_vibe,True,True,,يفتح النفس,,الاكل | الوجبه,2.0,unreviewed,ambience-words present alongside hard-negative cue - likely a non-ambience complaint,weak,1
hadyelsahar/ar_res_reviews:4494,hard_negative_candidate,temperature_ac,temperature_ac,True,True,زيت,,التهويه,محروق,1.3,unreviewed,ambience-words present alongside hard-negative cue - likely a non-ambience complaint,weak,0
hadyelsahar/ar_res_reviews:4499,hard_negative_candidate,lighting,lighting | general_place_vibe,True,True,المطعم,اضاءه خافته,الاضاءه | المطعم,الاسعار,4.3,unreviewed,ambience-words present alongside hard-negative cue - likely a non-ambience complaint,weak,1
hadyelsahar/ar_res_reviews:4504,hard_negative_candidate,general_place_vibe,general_place_vibe,True,True,,,رايق,الاكل | الطعام,1.0,unreviewed,ambience-words present alongside hard-negative cue - likely a non-ambience complaint,weak,1
hadyelsahar/ar_res_reviews:4505,hard_negative_candidate,space_crowding,space_crowding,True,True,,,زحمه,الاسعار,1.0,unreviewed,ambience-words present alongside hard-negative cue - likely a non-ambience complaint,weak,1
hadyelsahar/ar_res_reviews:4508,hard_negative_candidate,decor_furniture,decor_furniture | general_place_vibe,True,True,المطعم,,الديكور | المطعم,الاكل,2.3,unreviewed,ambience-words present alongside hard-negative cue - likely a non-ambience complaint,weak,1
hadyelsahar/ar_res_reviews:4514,hard_negative_candidate,privacy,privacy,True,True,,,افراد,البطاطس,1.0,unreviewed,ambience-words present alongside hard-negative cue - likely a non-ambience complaint,weak,1
hadyelsahar/ar_res_reviews:4524,hard_negative_candidate,seating_comfort,seating_comfort,True,True,,,الجلسات,الاسعار,1.0,unreviewed,ambience-words present alongside hard-negative cue - likely a non-ambience complaint,weak,1
hadyelsahar/ar_res_reviews:4525,hard_negative_candidate,parking,general_place_vibe | parking | space_crowding,True,True,المطعم,,المطعم | المواقف | زحمه,الاسعار | الاكل,3.3,unreviewed,ambience-words present alongside hard-negative cue - likely a non-ambience complaint,weak,0
hadyelsahar/ar_res_reviews:4527,hard_negative_candidate,decor_furniture,decor_furniture,True,True,,,الديكور,الاسعار | الاكل,1.0,unreviewed,ambience-words present alongside hard-negative cue - likely a non-ambience complaint,weak,0
hadyelsahar/ar_res_reviews:4528,hard_negative_candidate,decor_furniture,decor_furniture | general_place_vibe,True,True,المطعم,,الديكور | المطعم,الاكل,2.3,unreviewed,ambience-words present alongside hard-negative cue - likely a non-ambience complaint,weak,1
hadyelsahar/ar_res_reviews:4530,hard_negative_candidate,,,False,True,,,,البيتزا | مبالغ فيها | مبالغ فيه,0.0,unreviewed,multi-word hard-negative phrase present - confirmed non-ambience,weak,0
hadyelsahar/ar_res_reviews:4545,hard_negative_candidate,space_crowding,general_place_vibe | space_crowding,True,True,المطعم,,المطعم | زحمه,الاكل | الكاشير | النكهه,2.3,unreviewed,ambience-words present alongside hard-negative cue - likely a non-ambience complaint,weak,1
hadyelsahar/ar_res_reviews:4550,hard_negative_candidate,lighting,lighting | seating_comfort | general_place_vibe,True,True,المطعم,,الاضاءه | الجلسات | الجلسه | المطعم,الاكل | الطعام | طعمه,4.3,unreviewed,ambience-words present alongside hard-negative cue - likely a non-ambience complaint,weak,1
hadyelsahar/ar_res_reviews:4552,hard_negative_candidate,privacy,privacy,True,True,,قسم العوائل,,السعر,2.0,unreviewed,ambience-words present alongside hard-negative cue - likely a non-ambience complaint,weak,1
hadyelsahar/ar_res_reviews:4553,hard_negative_candidate,lighting,general_place_vibe | lighting,True,True,المطعم | المكان,,المطعم | المكان | مظلم,الويتر,3.6,unreviewed,ambience-words present alongside hard-negative cue - likely a non-ambience complaint,weak,1
hadyelsahar/ar_res_reviews:4562,hard_negative_candidate,outdoor_view,outdoor_view | general_place_vibe,True,True,المطعم,,الاطلاله | المطعم,الاكل,2.3,unreviewed,ambience-words present alongside hard-negative cue - likely a non-ambience complaint,weak,0
hadyelsahar/ar_res_reviews:4563,hard_negative_candidate,seating_comfort,seating_comfort | general_place_vibe,True,True,المطعم | بارده | وسخه,,الطاولات | المطعم | طاوله,الطعام | الفاتوره,3.9,unreviewed,ambience-words present alongside hard-negative cue - likely a non-ambience complaint,weak,0
hadyelsahar/ar_res_reviews:4566,hard_negative_candidate,outdoor_view,outdoor_view | general_place_vibe,True,True,المكان,,الاطلاله | المكان,الاكل | طعمه,2.3,unreviewed,ambience-words present alongside hard-negative cue - likely a non-ambience complaint,weak,0
hadyelsahar/ar_res_reviews:4567,hard_negative_candidate,outdoor_view,outdoor_view | general_place_vibe,True,True,المطعم,,الاطلاله | المطعم,الفاتوره,2.3,unreviewed,ambience-words present alongside hard-negative cue - likely a non-ambience complaint,weak,1
hadyelsahar/ar_res_reviews:4568,hard_negative_candidate,seating_comfort,seating_comfort | general_place_vibe,True,True,المطعم | المكان,,البارتشن | الجلسات | المطعم | المكان,الاكل | الدجاج | اللحم | غالي | غاليه,4.6,unreviewed,ambience-words present alongside hard-negative cue - likely a non-ambience complaint,weak,1
hadyelsahar/ar_res_reviews:4570,hard_negative_candidate,seating_comfort,seating_comfort | general_place_vibe | noise_music,True,True,المطعم,,الطاولات | المطعم | مزعج,السلطه | الطعام,3.3,unreviewed,ambience-words present alongside hard-negative cue - likely a non-ambience complaint,weak,0
hadyelsahar/ar_res_reviews:4581,hard_negative_candidate,temperature_ac,temperature_ac,True,True,,,ثلج,الاكل | السلطه,1.0,unreviewed,ambience-words present alongside hard-negative cue - likely a non-ambience complaint,weak,0
hadyelsahar/ar_res_reviews:4582,hard_negative_candidate,decor_furniture,decor_furniture,True,True,,,الديكور,الاسعار | الاكل,1.0,unreviewed,ambience-words present alongside hard-negative cue - likely a non-ambience complaint,weak,0
hadyelsahar/ar_res_reviews:4583,hard_negative_candidate,seating_comfort,seating_comfort | general_place_vibe,True,True,المطعم,,الجلسه | المطعم,الاسعار | الاكل | الفاتوره,2.3,unreviewed,ambience-words present alongside hard-negative cue - likely a non-ambience complaint,weak,0
hadyelsahar/ar_res_reviews:4584,hard_negative_candidate,decor_furniture,decor_furniture,True,True,,,الديكور,الاسعار | الاكل,1.0,unreviewed,ambience-words present alongside hard-negative cue - likely a non-ambience complaint,weak,1
hadyelsahar/ar_res_reviews:4586,hard_negative_candidate,general_place_vibe,general_place_vibe,True,True,المطعم,,المطعم,الاكل | مبالغ فيه,1.3,unreviewed,multi-word hard-negative phrase present - confirmed non-ambience,weak,0
hadyelsahar/ar_res_reviews:4587,hard_negative_candidate,decor_furniture,general_place_vibe | decor_furniture,True,True,,يفتح النفس,الديكور,الاسعار | الاكل | غاليه,3.0,unreviewed,ambience-words present alongside hard-negative cue - likely a non-ambience complaint,weak,0
hadyelsahar/ar_res_reviews:4596,hard_negative_candidate,lighting,lighting | general_place_vibe,True,True,,,الاضاءه | الجو,الطعام,2.0,unreviewed,ambience-words present alongside hard-negative cue - likely a non-ambience complaint,weak,1
hadyelsahar/ar_res_reviews:4602,hard_negative_candidate,privacy,privacy | general_place_vibe | seating_comfort | space_crowding,True,True,الطاوله | المطعم | بارده | زيت,قسم العوائل,اجواء | البارتشن | الجلسات | الطاولات | الطاوله | المطعم | ضيقه | مكشوف,الاكل | البطاطس | الوجبه | طعمها,11.2,unreviewed,ambience-words present alongside hard-negative cue - likely a non-ambience complaint,weak,1
hadyelsahar/ar_res_reviews:4606,hard_negative_candidate,space_crowding,general_place_vibe | space_crowding,True,True,المطعم,,المطعم | زحمه,البرجر | الدجاج | طعمه,2.3,unreviewed,ambience-words present alongside hard-negative cue - likely a non-ambience complaint,weak,1
hadyelsahar/ar_res_reviews:4617,hard_negative_candidate,decor_furniture,decor_furniture | general_place_vibe,True,True,المطعم,,الديكور | المطعم,الاسعار | الاكل,2.3,unreviewed,ambience-words present alongside hard-negative cue - likely a non-ambience complaint,weak,1
hadyelsahar/ar_res_reviews:4618,hard_negative_candidate,seating_comfort,seating_comfort | general_place_vibe | space_crowding,True,True,الطاوله | المطعم,,الطاوله | المطعم | رحب,البطاطس | الطعام,3.6,unreviewed,ambience-words present alongside hard-negative cue - likely a non-ambience complaint,weak,1
hadyelsahar/ar_res_reviews:4627,hard_negative_candidate,decor_furniture,decor_furniture | general_place_vibe,True,True,المكان,,الديكور | المكان,الاسعار | مبالغ فيه,2.3,unreviewed,ambience-words present alongside hard-negative cue - likely a non-ambience complaint,weak,0
hadyelsahar/ar_res_reviews:4632,hard_negative_candidate,general_place_vibe,general_place_vibe,True,True,المطعم,,المطعم,البطاطس | الخبز | السعر | الطعم | ما طلبت,1.3,unreviewed,multi-word hard-negative phrase present - confirmed non-ambience,weak,1
hadyelsahar/ar_res_reviews:4637,hard_negative_candidate,lighting,lighting | seating_comfort | general_place_vibe | decor_furniture | noise_music,True,True,المطعم | المكان,,الاضاءه | الجلسات | الجو | الديكور | المطعم | المكان | موسيقي,الطعام | المضيف,7.6,unreviewed,ambience-words present alongside hard-negative cue - likely a non-ambience complaint,weak,1
hadyelsahar/ar_res_reviews:4639,hard_negative_candidate,seating_comfort,seating_comfort | general_place_vibe | parking,True,True,المطعم,,الجلسه | المطعم | مواقف,الاكل,3.3,unreviewed,ambience-words present alongside hard-negative cue - likely a non-ambience complaint,weak,1
hadyelsahar/ar_res_reviews:4640,hard_negative_candidate,decor_furniture,decor_furniture,True,True,,,الديكور,الاسعار,1.0,unreviewed,ambience-words present alongside hard-negative cue - likely a non-ambience complaint,weak,1
hadyelsahar/ar_res_reviews:4643,hard_negative_candidate,temperature_ac,general_place_vibe | temperature_ac,True,True,المطعم | حاره,,المطعم | حراره,الاكل | الدجاج,2.6,unreviewed,ambience-words present alongside hard-negative cue - likely a non-ambience complaint,weak,1
hadyelsahar/ar_res_reviews:4645,hard_negative_candidate,seating_comfort,seating_comfort | general_place_vibe | space_crowding,True,True,المطعم | حاره,,الطاولات | المطعم | فاضي,البطاطس,3.6,unreviewed,ambience-words present alongside hard-negative cue - likely a non-ambience complaint,weak,1
hadyelsahar/ar_res_reviews:4649,hard_negative_candidate,seating_comfort,seating_comfort,True,True,,,الطاولات,الاكل,1.0,unreviewed,ambience-words present alongside hard-negative cue - likely a non-ambience complaint,weak,0
hadyelsahar/ar_res_reviews:4652,hard_negative_candidate,privacy,privacy | noise_music,True,True,,قسم العوائل,مزعج,الاكل | الوجبه,3.0,unreviewed,ambience-words present alongside hard-negative cue - likely a non-ambience complaint,weak,1
hadyelsahar/ar_res_reviews:4661,hard_negative_candidate,,,False,True,,,,البيتزا | طعمها | ما يستاهل,0.0,unreviewed,multi-word hard-negative phrase present - confirmed non-ambience,weak,0
hadyelsahar/ar_res_reviews:4667,hard_negative_candidate,seating_comfort,seating_comfort | general_place_vibe,True,True,الطاوله | المطعم,,الجلسات | الطاوله | المطعم,الاكل | الطعام | غاليه,3.6,unreviewed,ambience-words present alongside hard-negative cue - likely a non-ambience complaint,weak,0
hadyelsahar/ar_res_reviews:4668,hard_negative_candidate,seating_comfort,seating_comfort | general_place_vibe,True,True,المطعم,,الجلسات | المطعم,الاكل | السعر | الطعام,2.3,unreviewed,ambience-words present alongside hard-negative cue - likely a non-ambience complaint,weak,0
hadyelsahar/ar_res_reviews:4669,hard_negative_candidate,lighting,lighting | seating_comfort | general_place_vibe,True,True,المكان,,الاضاءه | الجلسه | المكان,الاسعار,3.3,unreviewed,ambience-words present alongside hard-negative cue - likely a non-ambience complaint,weak,1
hadyelsahar/ar_res_reviews:4672,hard_negative_candidate,general_place_vibe,general_place_vibe,True,True,المكان,,المكان | مقفل,الاكل,2.3,unreviewed,ambience-words present alongside hard-negative cue - likely a non-ambience complaint,weak,1
hadyelsahar/ar_res_reviews:4678,hard_negative_candidate,seating_comfort,seating_comfort | general_place_vibe | space_crowding,True,True,الطاوله | المحل | المطعم | قديم,,الطاوله | المحل | المطعم | فاضي | قديم,الاكل | البيتزا | الخبز | السعر | غالي | غلط | ما يستاهل,6.2,unreviewed,ambience-words present alongside hard-negative cue - likely a non-ambience complaint,weak,0
hadyelsahar/ar_res_reviews:4679,hard_negative_candidate,seating_comfort,seating_comfort | general_place_vibe,True,True,المطعم,,الطاولات | المطعم,الاكل | الخبز | طعمه,2.3,unreviewed,ambience-words present alongside hard-negative cue - likely a non-ambience complaint,weak,1
hadyelsahar/ar_res_reviews:4689,hard_negative_candidate,general_place_vibe,general_place_vibe,True,True,,,الجو,الاسعار | الاكل,1.0,unreviewed,ambience-words present alongside hard-negative cue - likely a non-ambience complaint,weak,0
hadyelsahar/ar_res_reviews:4690,hard_negative_candidate,decor_furniture,decor_furniture | general_place_vibe,True,True,المطعم,,الديكور | المطعم,الخبز | الطعم,2.3,unreviewed,ambience-words present alongside hard-negative cue - likely a non-ambience complaint,weak,1
hadyelsahar/ar_res_reviews:4691,hard_negative_candidate,seating_comfort,seating_comfort,True,True,,,الجلسات,الاكل | السعر,1.0,unreviewed,ambience-words present alongside hard-negative cue - likely a non-ambience complaint,weak,1
hadyelsahar/ar_res_reviews:4692,hard_negative_candidate,seating_comfort,seating_comfort | general_place_vibe,True,True,المطعم,,الجلسات | المطعم,الاكل,2.3,unreviewed,ambience-words present alongside hard-negative cue - likely a non-ambience complaint,weak,1
hadyelsahar/ar_res_reviews:4695,hard_negative_candidate,lighting,lighting | seating_comfort | general_place_vibe,True,True,المطعم,,الاضاءه | الكراسي | المطعم,الاسعار | الدجاج | اللحم,3.3,unreviewed,ambience-words present alongside hard-negative cue - likely a non-ambience complaint,weak,1
hadyelsahar/ar_res_reviews:4697,hard_negative_candidate,general_place_vibe,general_place_vibe,True,True,,,الجو,السعر,1.0,unreviewed,ambience-words present alongside hard-negative cue - likely a non-ambience complaint,weak,1
hadyelsahar/ar_res_reviews:4699,hard_negative_candidate,general_place_vibe,general_place_vibe,True,True,المكان,,الجو | المكان,البطاطس | السلطه | الطعام | النادل | طعمه,2.3,unreviewed,ambience-words present alongside hard-negative cue - likely a non-ambience complaint,weak,0
hadyelsahar/ar_res_reviews:4702,hard_negative_candidate,decor_furniture,decor_furniture | general_place_vibe,True,True,المطعم,,الديكور | المطعم,الاسعار,2.3,unreviewed,ambience-words present alongside hard-negative cue - likely a non-ambience complaint,weak,1
hadyelsahar/ar_res_reviews:4705,hard_negative_candidate,seating_comfort,seating_comfort,True,True,,,الجلسات,الاكل | السعر | الطعم | غالي,1.0,unreviewed,ambience-words present alongside hard-negative cue - likely a non-ambience complaint,weak,1
hadyelsahar/ar_res_reviews:4707,hard_negative_candidate,privacy,privacy | decor_furniture | general_place_vibe,True,True,المطعم | المكان,قسم العوائل,الديكور | المطعم | المكان,الاسعار | السعر | الطعم | طعمها,5.6,unreviewed,ambience-words present alongside hard-negative cue - likely a non-ambience complaint,weak,0
hadyelsahar/ar_res_reviews:4712,hard_negative_candidate,,,False,True,,,,ما طلبت,0.0,unreviewed,multi-word hard-negative phrase present - confirmed non-ambience,weak,0
hadyelsahar/ar_res_reviews:4715,hard_negative_candidate,space_crowding,space_crowding,True,True,زيت,,زحمه,الشاورما,1.3,unreviewed,ambience-words present alongside hard-negative cue - likely a non-ambience complaint,weak,1
hadyelsahar/ar_res_reviews:4723,hard_negative_candidate,outdoor_view,outdoor_view | general_place_vibe | seating_comfort,True,True,المكان,,اطلاله | المكان | بارتشن,الدجاج | اللحم,3.3,unreviewed,ambience-words present alongside hard-negative cue - likely a non-ambience complaint,weak,1
hadyelsahar/ar_res_reviews:4724,hard_negative_candidate,temperature_ac,decor_furniture | general_place_vibe | temperature_ac | space_crowding | privacy,True,True,المطعم | حار,,الديكور | المطعم | حار | فاضي | مكشوف,الدجاج | الرز | الطعم | اللحم | غاليه,5.6,unreviewed,ambience-words present alongside hard-negative cue - likely a non-ambience complaint,weak,1
hadyelsahar/ar_res_reviews:4728,hard_negative_candidate,,,False,True,,,,الاسعار | الاكل | مبالغ فيها | مبالغ فيه,0.0,unreviewed,multi-word hard-negative phrase present - confirmed non-ambience,weak,1
hadyelsahar/ar_res_reviews:4730,hard_negative_candidate,general_place_vibe,general_place_vibe,True,True,المطعم,,الجو | المطعم,الطعام | المضيف,2.3,unreviewed,ambience-words present alongside hard-negative cue - likely a non-ambience complaint,weak,1
hadyelsahar/ar_res_reviews:4731,hard_negative_candidate,seating_comfort,seating_comfort,True,True,,,الجلسات,الاكل,1.0,unreviewed,ambience-words present alongside hard-negative cue - likely a non-ambience complaint,weak,1
hadyelsahar/ar_res_reviews:4732,hard_negative_candidate,general_place_vibe,general_place_vibe,True,True,المطعم,,الجو | المطعم,الاسعار | ما طلبت,2.3,unreviewed,ambience-words present alongside hard-negative cue - likely a non-ambience complaint,weak,0
hadyelsahar/ar_res_reviews:4736,hard_negative_candidate,seating_comfort,seating_comfort | general_place_vibe,True,True,المطعم,,الطاولات | الكراسي | المطعم,الاسعار | الخبز | طعمه,3.3,unreviewed,ambience-words present alongside hard-negative cue - likely a non-ambience complaint,weak,0
hadyelsahar/ar_res_reviews:4737,hard_negative_candidate,outdoor_view,outdoor_view | general_place_vibe,True,True,المطعم | المكان,,الخارجي | المطعم | المكان,الموظفين,3.6,unreviewed,ambience-words present alongside hard-negative cue - likely a non-ambience complaint,weak,1
hadyelsahar/ar_res_reviews:4738,hard_negative_candidate,decor_furniture,decor_furniture | general_place_vibe,True,True,المطعم,,الديكور | المطعم,السعر | الطعم,2.3,unreviewed,ambience-words present alongside hard-negative cue - likely a non-ambience complaint,weak,1
hadyelsahar/ar_res_reviews:4746,hard_negative_candidate,seating_comfort,seating_comfort | general_place_vibe,True,True,المطعم | المكان,,الطاولات | المطعم | المكان,غاليه,3.6,unreviewed,ambience-words present alongside hard-negative cue - likely a non-ambience complaint,weak,1
hadyelsahar/ar_res_reviews:4751,hard_negative_candidate,seating_comfort,general_place_vibe | seating_comfort,True,True,المطعم,,المطعم | قزاز,الاسعار | الاكل,2.3,unreviewed,ambience-words present alongside hard-negative cue - likely a non-ambience complaint,weak,0
hadyelsahar/ar_res_reviews:4756,hard_negative_candidate,temperature_ac,temperature_ac,True,True,بارد,,بارد,الاكل بارد,1.3,unreviewed,multi-word hard-negative phrase present - confirmed non-ambience,weak,0
hadyelsahar/ar_res_reviews:4759,hard_negative_candidate,general_place_vibe,general_place_vibe,True,True,المطعم,,الجو | المطعم,الدجاج,2.3,unreviewed,ambience-words present alongside hard-negative cue - likely a non-ambience complaint,weak,1
hadyelsahar/ar_res_reviews:4760,hard_negative_candidate,seating_comfort,seating_comfort | decor_furniture | general_place_vibe,True,True,المطعم | عالي,,الجلسه | الديكور | المطعم,الاكل | السعر | مبالغ فيه,3.6,unreviewed,ambience-words present alongside hard-negative cue - likely a non-ambience complaint,weak,1
hadyelsahar/ar_res_reviews:4761,hard_negative_candidate,decor_furniture,general_place_vibe | decor_furniture,True,True,المطعم,,الاجواء | الديكور | المطعم,الدجاج | الطعم | اللحم,3.3,unreviewed,ambience-words present alongside hard-negative cue - likely a non-ambience complaint,weak,1
hadyelsahar/ar_res_reviews:4763,hard_negative_candidate,seating_comfort,general_place_vibe | seating_comfort | noise_music,True,True,,,الجو | بارتشن | بزارين,الاكل,3.0,unreviewed,ambience-words present alongside hard-negative cue - likely a non-ambience complaint,weak,1
hadyelsahar/ar_res_reviews:4764,hard_negative_candidate,privacy,general_place_vibe | privacy,True,True,المطعم,,المطعم | خصوصيه,غاليه,2.3,unreviewed,ambience-words present alongside hard-negative cue - likely a non-ambience complaint,weak,1
hadyelsahar/ar_res_reviews:4768,hard_negative_candidate,seating_comfort,seating_comfort,True,True,,,الجلسات,الاكل | مبالغ فيها | مبالغ فيه,1.0,unreviewed,ambience-words present alongside hard-negative cue - likely a non-ambience complaint,weak,0
hadyelsahar/ar_res_reviews:4773,hard_negative_candidate,space_crowding,space_crowding,True,True,,,زحمه,الاكل | غالي,1.0,unreviewed,ambience-words present alongside hard-negative cue - likely a non-ambience complaint,weak,1
hadyelsahar/ar_res_reviews:4775,hard_negative_candidate,decor_furniture,general_place_vibe | decor_furniture,True,True,المطعم,,الاجواء | الديكور | المطعم,الاسعار | الطعم,3.3,unreviewed,ambience-words present alongside hard-negative cue - likely a non-ambience complaint,weak,1
hadyelsahar/ar_res_reviews:4776,hard_negative_candidate,general_place_vibe,general_place_vibe,True,True,المطعم,,المطعم,البرجر | السعر | ما طلبت,1.3,unreviewed,multi-word hard-negative phrase present - confirmed non-ambience,weak,1
hadyelsahar/ar_res_reviews:4782,hard_negative_candidate,decor_furniture,decor_furniture | seating_comfort | general_place_vibe,True,True,الارضيه | المكان,,الارضيه | الجلسه | المكان,البرجر | الخبز | الدجاج | السلطه | الطعم,3.6,unreviewed,ambience-words present alongside hard-negative cue - likely a non-ambience complaint,weak,1
hadyelsahar/ar_res_reviews:4793,hard_negative_candidate,seating_comfort,general_place_vibe | seating_comfort | parking,True,True,الطاوله | وسخه,,الجو | الطاوله | المواقف,الاسعار | الطعم | الموظفين | جاهز | غاليه,3.6,unreviewed,ambience-words present alongside hard-negative cue - likely a non-ambience complaint,weak,1
hadyelsahar/ar_res_reviews:4816,hard_negative_candidate,outdoor_view,general_place_vibe | outdoor_view,True,True,المكان | برا,,المكان | برا,مبالغ فيها | مبالغ فيه,2.6,unreviewed,multi-word hard-negative phrase present - confirmed non-ambience,weak,0
hadyelsahar/ar_res_reviews:4818,hard_negative_candidate,space_crowding,space_crowding,True,True,,,هادي,الاكل,1.0,unreviewed,ambience-words present alongside hard-negative cue - likely a non-ambience complaint,weak,1
hadyelsahar/ar_res_reviews:4819,hard_negative_candidate,space_crowding,general_place_vibe | space_crowding,True,True,المطعم,,المطعم | رايق | هادي,الاكل,3.3,unreviewed,ambience-words present alongside hard-negative cue - likely a non-ambience complaint,weak,1
hadyelsahar/ar_res_reviews:4820,hard_negative_candidate,temperature_ac,seating_comfort | temperature_ac | smell,True,True,حار | ريحه,,الجلسه | حار | ريحه,الاكل,3.6,unreviewed,ambience-words present alongside hard-negative cue - likely a non-ambience complaint,weak,1
hadyelsahar/ar_res_reviews:4835,hard_negative_candidate,outdoor_view,outdoor_view | parking | seating_comfort | privacy | space_crowding,True,True,,جلسات خارجيه,الطلعه | بارتشن | خصوصيه | زحمه,الموظفين,6.0,unreviewed,ambience-words present alongside hard-negative cue - likely a non-ambience complaint,weak,1
hadyelsahar/ar_res_reviews:4848,hard_negative_candidate,,,False,True,,,,النكهه | مبالغ فيها | مبالغ فيه,0.0,unreviewed,multi-word hard-negative phrase present - confirmed non-ambience,weak,0
hadyelsahar/ar_res_reviews:4855,hard_negative_candidate,seating_comfort,seating_comfort | decor_furniture | general_place_vibe,True,True,الفرع,,الجلسات | الديكور | الفرع,الموظفين,3.3,unreviewed,ambience-words present alongside hard-negative cue - likely a non-ambience complaint,weak,1
hadyelsahar/ar_res_reviews:4863,hard_negative_candidate,space_crowding,general_place_vibe | space_crowding,True,True,المحل,,المحل | ضيق,السعر,2.3,unreviewed,ambience-words present alongside hard-negative cue - likely a non-ambience complaint,weak,1
hadyelsahar/ar_res_reviews:4869,hard_negative_candidate,space_crowding,general_place_vibe | space_crowding,True,True,المحل,,المحل | زحمه,طعمه,2.3,unreviewed,ambience-words present alongside hard-negative cue - likely a non-ambience complaint,weak,1
hadyelsahar/ar_res_reviews:4882,hard_negative_candidate,seating_comfort,general_place_vibe | seating_comfort,True,True,المطعم,,المطعم | طاوله,الاكل | الوجبه,2.3,unreviewed,ambience-words present alongside hard-negative cue - likely a non-ambience complaint,weak,0
hadyelsahar/ar_res_reviews:4885,hard_negative_candidate,privacy,privacy,True,True,,قسم العوائل,,الطعم,2.0,unreviewed,ambience-words present alongside hard-negative cue - likely a non-ambience complaint,weak,1
hadyelsahar/ar_res_reviews:4889,hard_negative_candidate,parking,parking,True,True,,,موقف,مبالغ فيها | مبالغ فيه,1.0,unreviewed,ambience-words present alongside hard-negative cue - likely a non-ambience complaint,weak,0
hadyelsahar/ar_res_reviews:4892,hard_negative_candidate,outdoor_view,outdoor_view | general_place_vibe,True,True,المطعم,,الخارجي | المطعم,الاسعار | الطعام,2.3,unreviewed,ambience-words present alongside hard-negative cue - likely a non-ambience complaint,weak,1
hadyelsahar/ar_res_reviews:4893,hard_negative_candidate,temperature_ac,general_place_vibe | seating_comfort | temperature_ac | privacy,True,True,الطاوله | المطعم | بارد | حار,,الاجواء | الجلسات | الجلسه | الطاوله | المطعم | بارد | حار | خصوصيه,الاسعار | الاكل | الدجاج | الطعام | الطعم | النادل,9.2,unreviewed,ambience-words present alongside hard-negative cue - likely a non-ambience complaint,weak,1
hadyelsahar/ar_res_reviews:4897,hard_negative_candidate,general_place_vibe,general_place_vibe,True,True,المطعم | زيت,,المطعم,الاسعار | البرجر | البطاطس | الشاورما | اللحم | اللحمه | مبالغ فيها | مبالغ فيه,1.6,unreviewed,multi-word hard-negative phrase present - confirmed non-ambience,weak,1
hadyelsahar/ar_res_reviews:4898,hard_negative_candidate,,,False,True,,,,الاسعار | مبالغ فيها | مبالغ فيه,0.0,unreviewed,multi-word hard-negative phrase present - confirmed non-ambience,weak,1
hadyelsahar/ar_res_reviews:4902,hard_negative_candidate,temperature_ac,general_place_vibe | parking | temperature_ac,True,True,المطعم | المكان | بارد | بارده | عاليه,,المطعم | المكان | المواقف | بارد | موقف,البرجر | البطاطس | الخبز | الدجاج | طعمه,6.5,unreviewed,ambience-words present alongside hard-negative cue - likely a non-ambience complaint,weak,1
hadyelsahar/ar_res_reviews:4903,hard_negative_candidate,seating_comfort,seating_comfort | decor_furniture | general_place_vibe | space_crowding | privacy | parking,True,True,المحل | المطعم | المكان,,الجلسات | الديكور | المحل | المطعم | المكان | ضيق | عوائل | موقف,الطعام | اللحم | الوجبه | مالح,8.9,unreviewed,ambience-words present alongside hard-negative cue - likely a non-ambience complaint,weak,0
hadyelsahar/ar_res_reviews:4908,hard_negative_candidate,outdoor_view,outdoor_view | decor_furniture | general_place_vibe | privacy,True,True,المطعم | المكان,,الاطلاله | الديكور | المطعم | المكان | خصوصيه,الطعام,5.6,unreviewed,ambience-words present alongside hard-negative cue - likely a non-ambience complaint,weak,1
hadyelsahar/ar_res_reviews:4928,hard_negative_candidate,space_crowding,space_crowding,True,True,,,زحمه,الاسعار,1.0,unreviewed,ambience-words present alongside hard-negative cue - likely a non-ambience complaint,weak,1
hadyelsahar/ar_res_reviews:4929,hard_negative_candidate,privacy,privacy | noise_music,True,True,,قسم العوائل,مزعج,الاكل | الدجاج | الطعم,3.0,unreviewed,ambience-words present alongside hard-negative cue - likely a non-ambience complaint,weak,1
hadyelsahar/ar_res_reviews:4932,hard_negative_candidate,,,False,True,,,,مبالغ فيه,0.0,unreviewed,multi-word hard-negative phrase present - confirmed non-ambience,weak,1
hadyelsahar/ar_res_reviews:4940,hard_negative_candidate,decor_furniture,decor_furniture | general_place_vibe | privacy,True,True,الفرع,,الديكور | الفرع | عوائل,الطعم,3.3,unreviewed,ambience-words present alongside hard-negative cue - likely a non-ambience complaint,weak,1
hadyelsahar/ar_res_reviews:4941,hard_negative_candidate,decor_furniture,decor_furniture | general_place_vibe | privacy,True,True,الفرع,,الديكور | الفرع | عوائل,الطعم,3.3,unreviewed,ambience-words present alongside hard-negative cue - likely a non-ambience complaint,weak,1
hadyelsahar/ar_res_reviews:4951,hard_negative_candidate,decor_furniture,decor_furniture | general_place_vibe,True,True,المكان,,الديكور | المكان,غاليه,2.3,unreviewed,ambience-words present alongside hard-negative cue - likely a non-ambience complaint,weak,0
hadyelsahar/ar_res_reviews:4952,hard_negative_candidate,general_place_vibe,general_place_vibe,True,True,المكان,,المكان | رايق,الاسعار | طعمه | غاليه,2.3,unreviewed,ambience-words present alongside hard-negative cue - likely a non-ambience complaint,weak,1
hadyelsahar/ar_res_reviews:4956,hard_negative_candidate,decor_furniture,decor_furniture | general_place_vibe | privacy | space_crowding,True,True,المكان,,الديكور | المكان | خصوصيه | رايق | زحمه | مقفل,الموظفين,6.3,unreviewed,ambience-words present alongside hard-negative cue - likely a non-ambience complaint,weak,1
hadyelsahar/ar_res_reviews:4971,hard_negative_candidate,seating_comfort,seating_comfort | general_place_vibe,True,True,المطعم,,الجلسات | المطعم,البرجر | غاليه,2.3,unreviewed,ambience-words present alongside hard-negative cue - likely a non-ambience complaint,weak,1
hadyelsahar/ar_res_reviews:4972,hard_negative_candidate,seating_comfort,seating_comfort,True,True,,,الجلسات,مبالغ فيها | مبالغ فيه,1.0,unreviewed,ambience-words present alongside hard-negative cue - likely a non-ambience complaint,weak,1
hadyelsahar/ar_res_reviews:4974,hard_negative_candidate,space_crowding,general_place_vibe | space_crowding,True,True,,,الجو | هادي,الاسعار,2.0,unreviewed,ambience-words present alongside hard-negative cue - likely a non-ambience complaint,weak,1
hadyelsahar/ar_res_reviews:4975,hard_negative_candidate,seating_comfort,seating_comfort | general_place_vibe,True,True,المكان,,الجلسات | المكان,الاكل,2.3,unreviewed,ambience-words present alongside hard-negative cue - likely a non-ambience complaint,weak,1
hadyelsahar/ar_res_reviews:4993,hard_negative_candidate,decor_furniture,decor_furniture | general_place_vibe,True,True,المطعم,,الديكور | المطعم,الاسعار | الاكل,2.3,unreviewed,ambience-words present alongside hard-negative cue - likely a non-ambience complaint,weak,0
hadyelsahar/ar_res_reviews:4994,hard_negative_candidate,temperature_ac,temperature_ac,True,True,بارد,,بارد,البطاطس | الدجاج | الوجبه | مبالغ فيه,1.3,unreviewed,multi-word hard-negative phrase present - confirmed non-ambience,weak,0
hadyelsahar/ar_res_reviews:5002,hard_negative_candidate,parking,general_place_vibe | parking,True,True,المكان,,المكان | مواقف,الاسعار | الاكل,2.3,unreviewed,ambience-words present alongside hard-negative cue - likely a non-ambience complaint,weak,0
hadyelsahar/ar_res_reviews:5003,hard_negative_candidate,parking,parking,True,True,,,مواقف,الاسعار | الاكل,1.0,unreviewed,ambience-words present alongside hard-negative cue - likely a non-ambience complaint,weak,1
hadyelsahar/ar_res_reviews:5005,hard_negative_candidate,decor_furniture,decor_furniture | general_place_vibe | temperature_ac | privacy | space_crowding,True,True,المطعم | المكان,,الديكور | المطعم | المكان | ثلج | عوائل | فاضي,الاكل | الدجاج | غاليه,6.6,unreviewed,ambience-words present alongside hard-negative cue - likely a non-ambience complaint,weak,0
hadyelsahar/ar_res_reviews:5008,hard_negative_candidate,decor_furniture,decor_furniture | general_place_vibe,True,True,المطعم,,الديكور | المطعم,الاكل,2.3,unreviewed,ambience-words present alongside hard-negative cue - likely a non-ambience complaint,weak,1
hadyelsahar/ar_res_reviews:5009,hard_negative_candidate,seating_comfort,seating_comfort,True,True,,,الجلسات,الطعم,1.0,unreviewed,ambience-words present alongside hard-negative cue - likely a non-ambience complaint,weak,1
hadyelsahar/ar_res_reviews:5012,hard_negative_candidate,general_place_vibe,general_place_vibe,True,True,,,الجو,السعر | انتظرنا | وقت طويل,1.0,unreviewed,ambience-words present alongside hard-negative cue - likely a non-ambience complaint,weak,1
hadyelsahar/ar_res_reviews:5016,hard_negative_candidate,general_place_vibe,general_place_vibe,True,True,المطعم | قديم,المطعم قديم,المطعم | قديم,الاسعار | الدجاج | الطعم | اللحم,4.6,unreviewed,ambience-words present alongside hard-negative cue - likely a non-ambience complaint,weak,1
hadyelsahar/ar_res_reviews:5019,hard_negative_candidate,decor_furniture,decor_furniture | general_place_vibe,True,True,المطعم,,الديكور | المطعم,الطعم | طلبات,2.3,unreviewed,ambience-words present alongside hard-negative cue - likely a non-ambience complaint,weak,1
hadyelsahar/ar_res_reviews:5026,hard_negative_candidate,privacy,privacy | seating_comfort | general_place_vibe,True,True,الفرع | المطعم,,افراد | الجلسات | الفرع | المطعم | عوايل,الاكل,5.6,unreviewed,ambience-words present alongside hard-negative cue - likely a non-ambience complaint,weak,1
hadyelsahar/ar_res_reviews:5027,hard_negative_candidate,seating_comfort,seating_comfort | general_place_vibe,True,True,المطعم,,الجلسات | المطعم,البطاطس | الرز | الطعام | اللحم | الوجبه | غالي,2.3,unreviewed,ambience-words present alongside hard-negative cue - likely a non-ambience complaint,weak,1
hadyelsahar/ar_res_reviews:5036,hard_negative_candidate,decor_furniture,decor_furniture | general_place_vibe,True,True,المطعم,,الديكور | المطعم,الاكل | الرز,2.3,unreviewed,ambience-words present alongside hard-negative cue - likely a non-ambience complaint,weak,0
hadyelsahar/ar_res_reviews:5044,hard_negative_candidate,general_place_vibe,general_place_vibe,True,True,المطعم,,المطعم,ما طلبنا,1.3,unreviewed,multi-word hard-negative phrase present - confirmed non-ambience,weak,1
hadyelsahar/ar_res_reviews:5052,hard_negative_candidate,general_place_vibe,general_place_vibe,True,True,المطعم | المكان | قديم,المكان قديم,المطعم | المكان | قديم,الاكل | السعر | الطعم | اللحم | الموظف,5.9,unreviewed,ambience-words present alongside hard-negative cue - likely a non-ambience complaint,weak,0
hadyelsahar/ar_res_reviews:5056,hard_negative_candidate,decor_furniture,decor_furniture,True,True,قديمه,,الديكور,الاكل | طعمها,1.3,unreviewed,ambience-words present alongside hard-negative cue - likely a non-ambience complaint,weak,1
hadyelsahar/ar_res_reviews:5057,hard_negative_candidate,seating_comfort,seating_comfort,True,True,بارده,,الجلسه,الاكل,1.3,unreviewed,ambience-words present alongside hard-negative cue - likely a non-ambience complaint,weak,1
hadyelsahar/ar_res_reviews:5058,hard_negative_candidate,seating_comfort,seating_comfort,True,True,بارده,,الجلسه,الاكل,1.3,unreviewed,ambience-words present alongside hard-negative cue - likely a non-ambience complaint,weak,1
hadyelsahar/ar_res_reviews:5059,hard_negative_candidate,parking,general_place_vibe | parking,True,True,المطعم,,المطعم | موقف,الفاتوره,2.3,unreviewed,ambience-words present alongside hard-negative cue - likely a non-ambience complaint,weak,0
hadyelsahar/ar_res_reviews:5060,hard_negative_candidate,noise_music,noise_music | seating_comfort | general_place_vibe,True,True,الطاوله | المطعم | بارده,,ازعاج | الجلسات | الطاوله | المطعم,الاكل | الدجاج | الرز | الطعام | الفاتوره | خطا,4.9,unreviewed,ambience-words present alongside hard-negative cue - likely a non-ambience complaint,weak,0
hadyelsahar/ar_res_reviews:5068,hard_negative_candidate,space_crowding,space_crowding,True,True,,,زحمه,الويتر,1.0,unreviewed,ambience-words present alongside hard-negative cue - likely a non-ambience complaint,weak,1
hadyelsahar/ar_res_reviews:5070,hard_negative_candidate,,,False,True,,,,البرجر | تاخر الطلب,0.0,unreviewed,multi-word hard-negative phrase present - confirmed non-ambience,weak,1
hadyelsahar/ar_res_reviews:5071,hard_negative_candidate,seating_comfort,seating_comfort,True,True,,,الجلسات,البرجر | الدجاج | السعر | الكاشير | اللحم,1.0,unreviewed,ambience-words present alongside hard-negative cue - likely a non-ambience complaint,weak,1
hadyelsahar/ar_res_reviews:5084,hard_negative_candidate,bathroom_facilities,general_place_vibe | bathroom_facilities | outdoor_view | seating_comfort | parking,True,True,المطعم | برا,,المطعم | المغاسل | المناديل | برا | طاوله | موقف,السعر | الموظفين | طلبات,6.6,unreviewed,ambience-words present alongside hard-negative cue - likely a non-ambience complaint,weak,1
hadyelsahar/ar_res_reviews:5085,hard_negative_candidate,decor_furniture,decor_furniture | general_place_vibe | parking,True,True,المطعم | المكان | قديم,الديكور قديم,الديكور | المطعم | المكان | قديم | مواقف,الاكل | الدجاج,7.9,unreviewed,ambience-words present alongside hard-negative cue - likely a non-ambience complaint,weak,1
hadyelsahar/ar_res_reviews:5087,hard_negative_candidate,space_crowding,general_place_vibe | space_crowding,True,True,المطعم,,المطعم | فاضي,الكاشير,2.3,unreviewed,ambience-words present alongside hard-negative cue - likely a non-ambience complaint,weak,0
hadyelsahar/ar_res_reviews:5113,hard_negative_candidate,seating_comfort,seating_comfort | general_place_vibe,True,True,المطعم,,الطاولات | المطعم,الاكل | اللحم,2.3,unreviewed,ambience-words present alongside hard-negative cue - likely a non-ambience complaint,weak,1
hadyelsahar/ar_res_reviews:5117,hard_negative_candidate,temperature_ac,general_place_vibe | temperature_ac | space_crowding,True,True,المطعم | المكان | زيت,,المطعم | المكان | حراره | مزدحم,البرجر | التوصيل | الخبز | السعر | الطعم | اللحم | الوجبه | ني,4.9,unreviewed,ambience-words present alongside hard-negative cue - likely a non-ambience complaint,weak,1
hadyelsahar/ar_res_reviews:5118,hard_negative_candidate,privacy,privacy | decor_furniture | general_place_vibe,True,True,المطعم,قسم العوائل,الديكور | المطعم,الاسعار | البرجر | بايخ | طعمها,4.3,unreviewed,ambience-words present alongside hard-negative cue - likely a non-ambience complaint,weak,1
hadyelsahar/ar_res_reviews:5119,hard_negative_candidate,seating_comfort,seating_comfort,True,True,,,الطاولات,طعمه,1.0,unreviewed,ambience-words present alongside hard-negative cue - likely a non-ambience complaint,weak,1
hadyelsahar/ar_res_reviews:5124,hard_negative_candidate,space_crowding,space_crowding | seating_comfort,True,True,,,زحمه | طاوله,الاسعار | اللحم,2.0,unreviewed,ambience-words present alongside hard-negative cue - likely a non-ambience complaint,weak,1
hadyelsahar/ar_res_reviews:5128,hard_negative_candidate,space_crowding,general_place_vibe | space_crowding,True,True,المطعم,,المطعم | زحمه,البرجر | الدجاج | اللحم,2.3,unreviewed,ambience-words present alongside hard-negative cue - likely a non-ambience complaint,weak,1
hadyelsahar/ar_res_reviews:5132,hard_negative_candidate,privacy,privacy,True,True,,,خصوصيه,طعمه,1.0,unreviewed,ambience-words present alongside hard-negative cue - likely a non-ambience complaint,weak,1
hadyelsahar/ar_res_reviews:5133,hard_negative_candidate,seating_comfort,seating_comfort,True,True,,,الجلسه,الاسعار | الاكل | الوجبه,1.0,unreviewed,ambience-words present alongside hard-negative cue - likely a non-ambience complaint,weak,1
hadyelsahar/ar_res_reviews:5139,hard_negative_candidate,,,False,True,,,,الوجبه | تاخر الطلب,0.0,unreviewed,multi-word hard-negative phrase present - confirmed non-ambience,weak,1
hadyelsahar/ar_res_reviews:5153,hard_negative_candidate,seating_comfort,seating_comfort,True,True,,,بارتشن,البطاطس,1.0,unreviewed,ambience-words present alongside hard-negative cue - likely a non-ambience complaint,weak,1
hadyelsahar/ar_res_reviews:5160,hard_negative_candidate,privacy,general_place_vibe | privacy,True,True,المطعم,,المطعم | خصوصيه,الاكل | طعمه,2.3,unreviewed,ambience-words present alongside hard-negative cue - likely a non-ambience complaint,weak,1
hadyelsahar/ar_res_reviews:5161,hard_negative_candidate,general_place_vibe,general_place_vibe,True,True,المطعم,,المطعم | رايق,الخبز | الدجاج | السعر | وقت طويل,2.3,unreviewed,ambience-words present alongside hard-negative cue - likely a non-ambience complaint,weak,1
hadyelsahar/ar_res_reviews:5168,hard_negative_candidate,decor_furniture,decor_furniture | general_place_vibe | privacy,True,True,المطعم,,الديكور | المطعم | خصوصيه,البرجر | غاليه,3.3,unreviewed,ambience-words present alongside hard-negative cue - likely a non-ambience complaint,weak,1
hadyelsahar/ar_res_reviews:5176,hard_negative_candidate,space_crowding,space_crowding | parking,True,True,,,زحمه | موقف,البرجر | البيتزا,2.0,unreviewed,ambience-words present alongside hard-negative cue - likely a non-ambience complaint,weak,1
hadyelsahar/ar_res_reviews:5177,hard_negative_candidate,general_place_vibe,general_place_vibe,True,True,المطعم,,المطعم,الدجاج | الطعم | بدون بصل,1.3,unreviewed,multi-word hard-negative phrase present - confirmed non-ambience,weak,1
hadyelsahar/ar_res_reviews:5182,hard_negative_candidate,seating_comfort,seating_comfort,True,True,,,الطاولات,الطعم,1.0,unreviewed,ambience-words present alongside hard-negative cue - likely a non-ambience complaint,weak,1
hadyelsahar/ar_res_reviews:5188,hard_negative_candidate,space_crowding,general_place_vibe | space_crowding,True,True,المحل,,المحل | فاضي,الاسعار | الاكل | الوجبه,2.3,unreviewed,ambience-words present alongside hard-negative cue - likely a non-ambience complaint,weak,1
hadyelsahar/ar_res_reviews:5224,hard_negative_candidate,outdoor_view,general_place_vibe | outdoor_view,True,True,الفرع | المحل | برا,,الفرع | المحل | برا | كئيب,البطاطس,4.9,unreviewed,ambience-words present alongside hard-negative cue - likely a non-ambience complaint,weak,1
hadyelsahar/ar_res_reviews:5234,hard_negative_candidate,seating_comfort,seating_comfort,True,True,,,الجلسات,الاكل,1.0,unreviewed,ambience-words present alongside hard-negative cue - likely a non-ambience complaint,weak,1
hadyelsahar/ar_res_reviews:5236,hard_negative_candidate,seating_comfort,seating_comfort,True,True,,,الجلسات,الاسعار,1.0,unreviewed,ambience-words present alongside hard-negative cue - likely a non-ambience complaint,weak,1
hadyelsahar/ar_res_reviews:5244,hard_negative_candidate,temperature_ac,temperature_ac,True,True,بارد,,التكييف | بارد | حر,الاكل | الساندويتش,3.3,unreviewed,ambience-words present alongside hard-negative cue - likely a non-ambience complaint,weak,0
hadyelsahar/ar_res_reviews:5254,hard_negative_candidate,general_place_vibe,general_place_vibe,True,True,المطعم | المكان,,المطعم | المكان,الاكل | مبالغ فيه,2.6,unreviewed,multi-word hard-negative phrase present - confirmed non-ambience,weak,1
hadyelsahar/ar_res_reviews:5256,hard_negative_candidate,privacy,privacy | general_place_vibe,True,True,المطعم,قسم العوائل,المطعم,الموظفين,3.3,unreviewed,ambience-words present alongside hard-negative cue - likely a non-ambience complaint,weak,1
hadyelsahar/ar_res_reviews:5263,hard_negative_candidate,temperature_ac,general_place_vibe | temperature_ac,True,True,المطعم | حار,,المطعم | حار,الاسعار | الموظف | مبالغ فيها | مبالغ فيه,2.6,unreviewed,multi-word hard-negative phrase present - confirmed non-ambience,weak,1
hadyelsahar/ar_res_reviews:5265,hard_negative_candidate,space_crowding,general_place_vibe | space_crowding,True,True,المطعم | المكان,,المطعم | المكان | مزدحم,الخبز | الدجاج | الطعم | الموظفين | الوجبه,3.6,unreviewed,ambience-words present alongside hard-negative cue - likely a non-ambience complaint,weak,1
hadyelsahar/ar_res_reviews:5266,hard_negative_candidate,temperature_ac,temperature_ac | general_place_vibe | seating_comfort | smell,True,True,المطعم | بارد | رائحه | زيت,,التكييف | المطعم | بارتشن | بارد | رائحه | طاوله,الاكل | طعمه,7.2,unreviewed,ambience-words present alongside hard-negative cue - likely a non-ambience complaint,weak,1
hadyelsahar/ar_res_reviews:5268,hard_negative_candidate,temperature_ac,general_place_vibe | temperature_ac | space_crowding | privacy,True,True,المطعم | المكان | حار,,المطعم | المكان | حار | زحمه | عوائل,الاسعار | السعر | الطعم | الموظفين | تاخر الطلب,5.9,unreviewed,ambience-words present alongside hard-negative cue - likely a non-ambience complaint,weak,1
hadyelsahar/ar_res_reviews:5274,hard_negative_candidate,decor_furniture,decor_furniture,True,True,,,الديكور,الخبز | النادل,1.0,unreviewed,ambience-words present alongside hard-negative cue - likely a non-ambience complaint,weak,1
hadyelsahar/ar_res_reviews:5295,hard_negative_candidate,,,False,True,,,,الطعم | مبالغ فيه,0.0,unreviewed,multi-word hard-negative phrase present - confirmed non-ambience,weak,1
hadyelsahar/ar_res_reviews:5299,hard_negative_candidate,decor_furniture,decor_furniture | general_place_vibe,True,True,المطعم,,الجدران | المطعم,الاكل,2.3,unreviewed,ambience-words present alongside hard-negative cue - likely a non-ambience complaint,weak,1
hadyelsahar/ar_res_reviews:5300,hard_negative_candidate,temperature_ac,temperature_ac | seating_comfort | general_place_vibe | smell,True,True,المطعم | المكان | رائحه,,التكييف | الجلسه | المطعم | المكان | رائحه,الارز | الاكل | طعمه | طعمها,5.9,unreviewed,ambience-words present alongside hard-negative cue - likely a non-ambience complaint,weak,1
hadyelsahar/ar_res_reviews:5301,hard_negative_candidate,general_place_vibe,general_place_vibe,True,True,المطعم,,المطعم | رايق,الطعم,2.3,unreviewed,ambience-words present alongside hard-negative cue - likely a non-ambience complaint,weak,1
hadyelsahar/ar_res_reviews:5306,hard_negative_candidate,privacy,privacy | noise_music,True,True,,قسم العوائل,ازعاج,الاكل,3.0,unreviewed,ambience-words present alongside hard-negative cue - likely a non-ambience complaint,weak,0
hadyelsahar/ar_res_reviews:5307,hard_negative_candidate,privacy,privacy | decor_furniture,True,True,,قسم العوائل,الديكور,الطعام | الطعم,3.0,unreviewed,ambience-words present alongside hard-negative cue - likely a non-ambience complaint,weak,1
hadyelsahar/ar_res_reviews:5308,hard_negative_candidate,temperature_ac,noise_music | parking | temperature_ac,True,True,حار,,ازعاج | اطفال | المواقف | حار,السعر | نيء,4.3,unreviewed,ambience-words present alongside hard-negative cue - likely a non-ambience complaint,weak,1
hadyelsahar/ar_res_reviews:5311,hard_negative_candidate,seating_comfort,seating_comfort | parking,True,True,بارده,,الكرسي | المدخل,الخبز | الدجاج,2.3,unreviewed,ambience-words present alongside hard-negative cue - likely a non-ambience complaint,weak,1
hadyelsahar/ar_res_reviews:5317,hard_negative_candidate,seating_comfort,seating_comfort,True,True,,,الجلسات,السعر | مبالغ فيه,1.0,unreviewed,ambience-words present alongside hard-negative cue - likely a non-ambience complaint,weak,1
hadyelsahar/ar_res_reviews:5319,hard_negative_candidate,seating_comfort,seating_comfort | general_place_vibe,True,True,المطعم,,الجلسات | المطعم,الطعم,2.3,unreviewed,ambience-words present alongside hard-negative cue - likely a non-ambience complaint,weak,0
hadyelsahar/ar_res_reviews:5336,hard_negative_candidate,seating_comfort,general_place_vibe | seating_comfort | parking,True,True,المطعم,,الجو | الطاولات | المدخل | المطعم,الاسعار | الاكل,4.3,unreviewed,ambience-words present alongside hard-negative cue - likely a non-ambience complaint,weak,1
hadyelsahar/ar_res_reviews:5337,hard_negative_candidate,seating_comfort,seating_comfort | decor_furniture,True,True,,,الجلسات | الجلسه | الديكور,الاكل | السعر | غالي,3.0,unreviewed,ambience-words present alongside hard-negative cue - likely a non-ambience complaint,weak,1
hadyelsahar/ar_res_reviews:5346,hard_negative_candidate,space_crowding,general_place_vibe | space_crowding,True,True,المحل,,المحل | مزدحم,السعر | الطعم | الوجبه,2.3,unreviewed,ambience-words present alongside hard-negative cue - likely a non-ambience complaint,weak,1
hadyelsahar/ar_res_reviews:5350,hard_negative_candidate,space_crowding,space_crowding,True,True,,,زحمه,البرجر | الدجاج,1.0,unreviewed,ambience-words present alongside hard-negative cue - likely a non-ambience complaint,weak,1
hadyelsahar/ar_res_reviews:5351,hard_negative_candidate,space_crowding,space_crowding,True,True,,,زحمه,البطاطس,1.0,unreviewed,ambience-words present alongside hard-negative cue - likely a non-ambience complaint,weak,1
hadyelsahar/ar_res_reviews:5358,hard_negative_candidate,space_crowding,general_place_vibe | space_crowding,True,True,المحل,,المحل | زحمه | ضيق,البطاطس,3.3,unreviewed,ambience-words present alongside hard-negative cue - likely a non-ambience complaint,weak,1
hadyelsahar/ar_res_reviews:5365,hard_negative_candidate,,,False,True,قديمه,,,الاسعار | البرجر | البطاطس | الفاتوره | مبالغ فيها | مبالغ فيه,0.3,unreviewed,multi-word hard-negative phrase present - confirmed non-ambience,weak,0
hadyelsahar/ar_res_reviews:5387,hard_negative_candidate,general_place_vibe,general_place_vibe,True,True,,,رايق,البيتزا | التوصيل,1.0,unreviewed,ambience-words present alongside hard-negative cue - likely a non-ambience complaint,weak,1
hadyelsahar/ar_res_reviews:5403,hard_negative_candidate,seating_comfort,seating_comfort | general_place_vibe,True,True,المطعم,,الجلسه | المطعم,اللحم,2.3,unreviewed,ambience-words present alongside hard-negative cue - likely a non-ambience complaint,weak,1
hadyelsahar/ar_res_reviews:5409,hard_negative_candidate,general_place_vibe,general_place_vibe,True,True,المطعم,المطعم بارد,المطعم,الطعم | طعمه | طعمها | غاليه | مبالغ فيها | مبالغ فيه,3.3,unreviewed,ambience-words present alongside hard-negative cue - likely a non-ambience complaint,weak,0
hadyelsahar/ar_res_reviews:5426,hard_negative_candidate,parking,parking | space_crowding,True,True,,ما فيه مواقف,زحمه | مواقف,الاسعار,4.0,unreviewed,ambience-words present alongside hard-negative cue - likely a non-ambience complaint,weak,1
hadyelsahar/ar_res_reviews:5448,hard_negative_candidate,parking,general_place_vibe | parking | seating_comfort,True,True,المكان,,المكان | المواقف | طاوله,الاكل,3.3,unreviewed,ambience-words present alongside hard-negative cue - likely a non-ambience complaint,weak,1
hadyelsahar/ar_res_reviews:5468,hard_negative_candidate,seating_comfort,general_place_vibe | seating_comfort | parking,True,True,الطاوله | وسخه,,الجو | الطاوله | المواقف | موقف,الموظفين | غاليه,4.6,unreviewed,ambience-words present alongside hard-negative cue - likely a non-ambience complaint,weak,0
hadyelsahar/ar_res_reviews:5476,hard_negative_candidate,seating_comfort,seating_comfort,True,True,,,الجلسات,الاسعار | الاكل | الدجاج,1.0,unreviewed,ambience-words present alongside hard-negative cue - likely a non-ambience complaint,weak,1
hadyelsahar/ar_res_reviews:5484,hard_negative_candidate,parking,general_place_vibe | parking,True,True,المحل,,المحل | مواقف,الاكل | الخبز | طعمه | غلط | ناقصه,2.3,unreviewed,ambience-words present alongside hard-negative cue - likely a non-ambience complaint,weak,1
hadyelsahar/ar_res_reviews:5487,hard_negative_candidate,privacy,general_place_vibe | privacy,True,True,المطعم,,المطعم | عوايل,الدجاج | اللحم | الوجبه,2.3,unreviewed,ambience-words present alongside hard-negative cue - likely a non-ambience complaint,weak,1
hadyelsahar/ar_res_reviews:5488,hard_negative_candidate,seating_comfort,seating_comfort | general_place_vibe | bathroom_facilities,True,True,المحل,,الطاولات | المحل | مغسله,الكاشير,3.3,unreviewed,ambience-words present alongside hard-negative cue - likely a non-ambience complaint,weak,1
hadyelsahar/ar_res_reviews:5498,hard_negative_candidate,noise_music,noise_music,True,True,,,اطفال,البرجر | الخبز | الوجبه,1.0,unreviewed,ambience-words present alongside hard-negative cue - likely a non-ambience complaint,weak,0
hadyelsahar/ar_res_reviews:5499,hard_negative_candidate,,,False,True,,,,السعر | الطعم | وقت طويل | مبالغ فيه,0.0,unreviewed,multi-word hard-negative phrase present - confirmed non-ambience,weak,1
hadyelsahar/ar_res_reviews:5505,hard_negative_candidate,,,False,True,,,,الاسعار | الاكل | مبالغ فيها | مبالغ فيه,0.0,unreviewed,multi-word hard-negative phrase present - confirmed non-ambience,weak,0
hadyelsahar/ar_res_reviews:5508,hard_negative_candidate,privacy,privacy | seating_comfort | general_place_vibe,True,True,الطاوله | المكان,قسم العوائل,الطاوله | المكان,الاسعار | الخبز,4.6,unreviewed,ambience-words present alongside hard-negative cue - likely a non-ambience complaint,weak,0
hadyelsahar/ar_res_reviews:5521,hard_negative_candidate,,,False,True,,,,الاسعار | الاكل | مبالغ فيها | مبالغ فيه,0.0,unreviewed,multi-word hard-negative phrase present - confirmed non-ambience,weak,0
hadyelsahar/ar_res_reviews:5522,hard_negative_candidate,temperature_ac,seating_comfort | general_place_vibe | temperature_ac,True,True,المطعم | بارد,,الجلسات | المطعم | بارد,الاسعار | الاكل | الخبز | الفاتوره | طعمه | مبالغ فيها | مبالغ فيه,3.6,unreviewed,ambience-words present alongside hard-negative cue - likely a non-ambience complaint,weak,0
hadyelsahar/ar_res_reviews:5528,hard_negative_candidate,temperature_ac,outdoor_view | general_place_vibe | seating_comfort | temperature_ac,True,True,بارد,جلسات خارجيه,الاجواء | الجلسات | بارد,البطاطس | الساندويتش,5.3,unreviewed,ambience-words present alongside hard-negative cue - likely a non-ambience complaint,weak,1
hadyelsahar/ar_res_reviews:5532,hard_negative_candidate,seating_comfort,seating_comfort | general_place_vibe,True,True,المطعم,,الجلسات | المطعم,الطعام,2.3,unreviewed,ambience-words present alongside hard-negative cue - likely a non-ambience complaint,weak,1
hadyelsahar/ar_res_reviews:5533,hard_negative_candidate,,,False,True,,,,مبالغ فيها | مبالغ فيه,0.0,unreviewed,multi-word hard-negative phrase present - confirmed non-ambience,weak,0
hadyelsahar/ar_res_reviews:5537,hard_negative_candidate,seating_comfort,seating_comfort | general_place_vibe,True,True,المطعم,,الجلسات | المطعم,الاسعار,2.3,unreviewed,ambience-words present alongside hard-negative cue - likely a non-ambience complaint,weak,1
hadyelsahar/ar_res_reviews:5539,hard_negative_candidate,seating_comfort,seating_comfort,True,True,,,الطاولات,غالي,1.0,unreviewed,ambience-words present alongside hard-negative cue - likely a non-ambience complaint,weak,1
hadyelsahar/ar_res_reviews:5544,hard_negative_candidate,seating_comfort,seating_comfort | general_place_vibe,True,True,المطعم | المكان,,الجلسه | المطعم | المكان,الاسعار | مبالغ فيه,3.6,unreviewed,ambience-words present alongside hard-negative cue - likely a non-ambience complaint,weak,1
hadyelsahar/ar_res_reviews:5566,hard_negative_candidate,seating_comfort,seating_comfort | decor_furniture | general_place_vibe,True,True,المحل | المطعم,,الجلسات | الديكور | المحل | المطعم,السعر | السلطه | الطعام,4.6,unreviewed,ambience-words present alongside hard-negative cue - likely a non-ambience complaint,weak,1
hadyelsahar/ar_res_reviews:5567,hard_negative_candidate,space_crowding,general_place_vibe | space_crowding | noise_music,True,True,المطعم,,المطعم | زحمه | صجه | ضيق,الاكل | الطعم,4.3,unreviewed,ambience-words present alongside hard-negative cue - likely a non-ambience complaint,weak,1
hadyelsahar/ar_res_reviews:5570,hard_negative_candidate,decor_furniture,decor_furniture,True,True,,,الديكور,الاكل,1.0,unreviewed,ambience-words present alongside hard-negative cue - likely a non-ambience complaint,weak,1
hadyelsahar/ar_res_reviews:5573,hard_negative_candidate,temperature_ac,general_place_vibe | temperature_ac,True,True,المطعم | بارد,,المطعم | بارد,الاكل | ساعه كامله,2.6,unreviewed,multi-word hard-negative phrase present - confirmed non-ambience,weak,0
hadyelsahar/ar_res_reviews:5574,hard_negative_candidate,decor_furniture,decor_furniture | privacy,True,True,,,الديكور | خصوصيه,الاكل | غاليه,2.0,unreviewed,ambience-words present alongside hard-negative cue - likely a non-ambience complaint,weak,1
hadyelsahar/ar_res_reviews:5577,hard_negative_candidate,space_crowding,general_place_vibe | space_crowding,True,True,المطعم,,المطعم | هادي,الاكل | طعمه,2.3,unreviewed,ambience-words present alongside hard-negative cue - likely a non-ambience complaint,weak,0
hadyelsahar/ar_res_reviews:5579,hard_negative_candidate,seating_comfort,seating_comfort | general_place_vibe,True,True,الطاوله | المحل | المطعم | زيت,,الطاوله | المحل | المطعم | ساتر,الخبز | الطعام | الطعم | غاليه,5.2,unreviewed,ambience-words present alongside hard-negative cue - likely a non-ambience complaint,weak,1
hadyelsahar/ar_res_reviews:5585,hard_negative_candidate,seating_comfort,seating_comfort | general_place_vibe | smell,True,True,المطعم | المكان,,الجلسه | المطعم | المكان | دخان,الاكل | البيتزا | الدجاج | اللحم,4.6,unreviewed,ambience-words present alongside hard-negative cue - likely a non-ambience complaint,weak,1
hadyelsahar/ar_res_reviews:5586,hard_negative_candidate,space_crowding,general_place_vibe | space_crowding,True,True,المطعم,,المطعم | ضيقه,البرجر,2.3,unreviewed,ambience-words present alongside hard-negative cue - likely a non-ambience complaint,weak,1
hadyelsahar/ar_res_reviews:5587,hard_negative_candidate,lighting,general_place_vibe | lighting,True,True,المطعم,,المطعم | مظلم,السعر | طعمه | غالي,2.3,unreviewed,ambience-words present alongside hard-negative cue - likely a non-ambience complaint,weak,1
hadyelsahar/ar_res_reviews:5591,hard_negative_candidate,space_crowding,space_crowding,True,True,,,ضيق,الاكل,1.0,unreviewed,ambience-words present alongside hard-negative cue - likely a non-ambience complaint,weak,1
hadyelsahar/ar_res_reviews:5597,hard_negative_candidate,parking,parking | general_place_vibe,True,True,المطعم | عالي,الموقع صعب,المطعم,الموظفين,3.6,unreviewed,ambience-words present alongside hard-negative cue - likely a non-ambience complaint,weak,1
hadyelsahar/ar_res_reviews:5604,hard_negative_candidate,decor_furniture,decor_furniture | general_place_vibe,True,True,المطعم,,الديكور | المطعم,الاسعار | الاكل | غالي,2.3,unreviewed,ambience-words present alongside hard-negative cue - likely a non-ambience complaint,weak,0
hadyelsahar/ar_res_reviews:5607,hard_negative_candidate,smell,seating_comfort | smell | space_crowding,True,True,ريحه,,الجلسه | ريحه | ضيقه,الاسعار | الدجاج | الرز | الطعم | ما يستاهل,3.3,unreviewed,ambience-words present alongside hard-negative cue - likely a non-ambience complaint,weak,0
hadyelsahar/ar_res_reviews:5611,hard_negative_candidate,temperature_ac,temperature_ac | privacy,True,True,حار,,حار | عوائل,الاكل | السعر,2.3,unreviewed,ambience-words present alongside hard-negative cue - likely a non-ambience complaint,weak,1
hadyelsahar/ar_res_reviews:5612,hard_negative_candidate,general_place_vibe,general_place_vibe,True,True,المطعم,,المطعم,الاسعار | مبالغ فيها | مبالغ فيه,1.3,unreviewed,multi-word hard-negative phrase present - confirmed non-ambience,weak,0
hadyelsahar/ar_res_reviews:5615,hard_negative_candidate,decor_furniture,decor_furniture,True,True,,,الديكور,الاكل,1.0,unreviewed,ambience-words present alongside hard-negative cue - likely a non-ambience complaint,weak,1
hadyelsahar/ar_res_reviews:5617,hard_negative_candidate,bathroom_facilities,general_place_vibe | bathroom_facilities,True,True,المطعم,,المطعم | مغسله,الاكل | الدجاج | الرز | اللحم,2.3,unreviewed,ambience-words present alongside hard-negative cue - likely a non-ambience complaint,weak,0
hadyelsahar/ar_res_reviews:5629,hard_negative_candidate,general_place_vibe,general_place_vibe,True,True,المطعم,,المطعم,الاكل | السعر | مبالغ فيه,1.3,unreviewed,multi-word hard-negative phrase present - confirmed non-ambience,weak,0
hadyelsahar/ar_res_reviews:5636,hard_negative_candidate,space_crowding,space_crowding,True,True,,,مزدحم,الاكل,1.0,unreviewed,ambience-words present alongside hard-negative cue - likely a non-ambience complaint,weak,1
hadyelsahar/ar_res_reviews:5638,hard_negative_candidate,temperature_ac,general_place_vibe | temperature_ac | space_crowding,True,True,المطعم | بارد,,المطعم | بارد | زحمه,الاكل | السعر | الكاشير,3.6,unreviewed,ambience-words present alongside hard-negative cue - likely a non-ambience complaint,weak,0
hadyelsahar/ar_res_reviews:5641,hard_negative_candidate,space_crowding,space_crowding,True,True,,,ضيق | ضيقه,غاليه,2.0,unreviewed,ambience-words present alongside hard-negative cue - likely a non-ambience complaint,weak,1
hadyelsahar/ar_res_reviews:5645,hard_negative_candidate,,,False,True,زيت,,,الشاورما | مبالغ فيه,0.3,unreviewed,multi-word hard-negative phrase present - confirmed non-ambience,weak,0
hadyelsahar/ar_res_reviews:5672,hard_negative_candidate,lighting,general_place_vibe | lighting | outdoor_view,True,True,,,الاجواء | الاضاءه | الخارجي,غلط,3.0,unreviewed,ambience-words present alongside hard-negative cue - likely a non-ambience complaint,weak,0
hadyelsahar/ar_res_reviews:5676,hard_negative_candidate,seating_comfort,seating_comfort,True,True,,,الجلسات,الاكل,1.0,unreviewed,ambience-words present alongside hard-negative cue - likely a non-ambience complaint,weak,0
hadyelsahar/ar_res_reviews:5684,hard_negative_candidate,seating_comfort,seating_comfort,True,True,,,الجلسه,الاكل,1.0,unreviewed,ambience-words present alongside hard-negative cue - likely a non-ambience complaint,weak,1
hadyelsahar/ar_res_reviews:5685,hard_negative_candidate,outdoor_view,outdoor_view | parking | general_place_vibe,True,True,المحل | المطعم | بره,,الخارجي | الدخول | المحل | المطعم | بره,الطعم,5.9,unreviewed,ambience-words present alongside hard-negative cue - likely a non-ambience complaint,weak,0
hadyelsahar/ar_res_reviews:5707,hard_negative_candidate,general_place_vibe,general_place_vibe,True,True,المحل | المطعم | عاليه,,المحل | المطعم,الاسعار | الدجاج | السعر | الشاورما | الطعم | اللحم | ما طلبنا,2.9,unreviewed,multi-word hard-negative phrase present - confirmed non-ambience,weak,0
hadyelsahar/ar_res_reviews:5728,hard_negative_candidate,seating_comfort,seating_comfort,True,True,,,القعده,بطيء,1.0,unreviewed,ambience-words present alongside hard-negative cue - likely a non-ambience complaint,weak,1
hadyelsahar/ar_res_reviews:5729,hard_negative_candidate,temperature_ac,seating_comfort | temperature_ac | noise_music,True,True,بارد,,الكرسي | بارد | مزعج,طعمه,3.3,unreviewed,ambience-words present alongside hard-negative cue - likely a non-ambience complaint,weak,0
hadyelsahar/ar_res_reviews:5738,hard_negative_candidate,privacy,privacy | decor_furniture | general_place_vibe,True,True,المطعم,جلسات العوائل | قسم العوائل,الديكور | المطعم,الاكل | الخبز,6.3,unreviewed,ambience-words present alongside hard-negative cue - likely a non-ambience complaint,weak,0
hadyelsahar/ar_res_reviews:5743,hard_negative_candidate,temperature_ac,general_place_vibe | temperature_ac,True,True,المطعم | المكان | بارد,,المطعم | المكان | بارد | يكتم,الاسعار | الاكل | الطعام,4.9,unreviewed,ambience-words present alongside hard-negative cue - likely a non-ambience complaint,weak,0
hadyelsahar/ar_res_reviews:5747,hard_negative_candidate,privacy,privacy,True,True,زيت,قسم العوائل,,البطاطس | الدجاج | اللحم,2.3,unreviewed,ambience-words present alongside hard-negative cue - likely a non-ambience complaint,weak,0
hadyelsahar/ar_res_reviews:5751,hard_negative_candidate,decor_furniture,decor_furniture | general_place_vibe,True,True,المطعم,,الديكور | المطعم,الاسعار,2.3,unreviewed,ambience-words present alongside hard-negative cue - likely a non-ambience complaint,weak,1
hadyelsahar/ar_res_reviews:5755,hard_negative_candidate,decor_furniture,general_place_vibe | decor_furniture,True,True,المطعم,,الجو | الديكور | المطعم,الاسعار | الاكل | الطعم,3.3,unreviewed,ambience-words present alongside hard-negative cue - likely a non-ambience complaint,weak,0
hadyelsahar/ar_res_reviews:5758,hard_negative_candidate,space_crowding,space_crowding,True,True,بارده,,زحمه,الفاتوره | الموظفين,1.3,unreviewed,ambience-words present alongside hard-negative cue - likely a non-ambience complaint,weak,0
hadyelsahar/ar_res_reviews:5759,hard_negative_candidate,noise_music,noise_music | general_place_vibe,True,True,,,ازعاج | رايق,الاكل,2.0,unreviewed,ambience-words present alongside hard-negative cue - likely a non-ambience complaint,weak,1
hadyelsahar/ar_res_reviews:5771,hard_negative_candidate,noise_music,noise_music | seating_comfort,True,True,,,اطفال | الجلسات,الخبز | الدجاج | السلطه,2.0,unreviewed,ambience-words present alongside hard-negative cue - likely a non-ambience complaint,weak,1
hadyelsahar/ar_res_reviews:5772,hard_negative_candidate,seating_comfort,seating_comfort | general_place_vibe,True,True,,,الجلسات | رايق,الاكل | الخبز | الطعام,2.0,unreviewed,ambience-words present alongside hard-negative cue - likely a non-ambience complaint,weak,1
hadyelsahar/ar_res_reviews:5782,hard_negative_candidate,space_crowding,space_crowding,True,True,,,زحمه,الاكل,1.0,unreviewed,ambience-words present alongside hard-negative cue - likely a non-ambience complaint,weak,1
hadyelsahar/ar_res_reviews:5785,hard_negative_candidate,temperature_ac,noise_music | general_place_vibe | temperature_ac,True,True,المطعم | بارد,,اطفال | المطعم | بارد,الدجاج | الرز | غالي,3.6,unreviewed,ambience-words present alongside hard-negative cue - likely a non-ambience complaint,weak,1
hadyelsahar/ar_res_reviews:5790,hard_negative_candidate,privacy,general_place_vibe | privacy,True,True,المطعم | المكان,,المطعم | المكان | خصوصيه,الاسعار | الاكل | مبالغ فيها | مبالغ فيه,3.6,unreviewed,ambience-words present alongside hard-negative cue - likely a non-ambience complaint,weak,1
hadyelsahar/ar_res_reviews:5791,hard_negative_candidate,seating_comfort,seating_comfort,True,True,,,الجلسات,الاسعار | الاكل | مبالغ فيها | مبالغ فيه,1.0,unreviewed,ambience-words present alongside hard-negative cue - likely a non-ambience complaint,weak,0
hadyelsahar/ar_res_reviews:5799,hard_negative_candidate,decor_furniture,decor_furniture | general_place_vibe,True,True,المطعم,,الديكور | المطعم,غاليه,2.3,unreviewed,ambience-words present alongside hard-negative cue - likely a non-ambience complaint,weak,1
hadyelsahar/ar_res_reviews:5802,hard_negative_candidate,seating_comfort,seating_comfort | general_place_vibe,True,True,المطعم,,الطاولات | المطعم,الاسعار | الاكل,2.3,unreviewed,ambience-words present alongside hard-negative cue - likely a non-ambience complaint,weak,1
hadyelsahar/ar_res_reviews:5803,hard_negative_candidate,,,False,True,,,,مبالغ فيه,0.0,unreviewed,multi-word hard-negative phrase present - confirmed non-ambience,weak,0
hadyelsahar/ar_res_reviews:5804,hard_negative_candidate,temperature_ac,decor_furniture | temperature_ac | general_place_vibe,True,True,حار,,الديكور | حار | رايق,الاكل | بطيء,3.3,unreviewed,ambience-words present alongside hard-negative cue - likely a non-ambience complaint,weak,1
hadyelsahar/ar_res_reviews:5805,hard_negative_candidate,decor_furniture,decor_furniture | general_place_vibe,True,True,المطعم,,الديكور | المطعم,الاكل | الطعم | طعمه,2.3,unreviewed,ambience-words present alongside hard-negative cue - likely a non-ambience complaint,weak,1
hadyelsahar/ar_res_reviews:5809,hard_negative_candidate,decor_furniture,decor_furniture | seating_comfort | general_place_vibe,True,True,المطعم | قديم | متسخه,الديكور قديم,الديكور | الكراسي | المطعم | قديم,الاكل | السعر | مبالغ فيها | مبالغ فيه,6.9,unreviewed,ambience-words present alongside hard-negative cue - likely a non-ambience complaint,weak,0
hadyelsahar/ar_res_reviews:5812,hard_negative_candidate,parking,general_place_vibe | parking,True,True,المطعم,,المطعم | المواقف,طعمها | غالي,2.3,unreviewed,ambience-words present alongside hard-negative cue - likely a non-ambience complaint,weak,1
hadyelsahar/ar_res_reviews:5814,hard_negative_candidate,general_place_vibe,general_place_vibe,True,True,المطعم,,المطعم,الفاتوره | غالي | ما طلبت,1.3,unreviewed,multi-word hard-negative phrase present - confirmed non-ambience,weak,0
hadyelsahar/ar_res_reviews:5815,hard_negative_candidate,,,False,True,,,,الفاتوره | خطا | ما طلبت,0.0,unreviewed,multi-word hard-negative phrase present - confirmed non-ambience,weak,1
hadyelsahar/ar_res_reviews:5816,hard_negative_candidate,parking,parking,True,True,,,مواقف,الاكل,1.0,unreviewed,ambience-words present alongside hard-negative cue - likely a non-ambience complaint,weak,1
hadyelsahar/ar_res_reviews:5822,hard_negative_candidate,temperature_ac,temperature_ac | seating_comfort,True,True,بارد,,التكييف | الجلسات | بارد,الاكل,3.3,unreviewed,ambience-words present alongside hard-negative cue - likely a non-ambience complaint,weak,0
hadyelsahar/ar_res_reviews:5834,hard_negative_candidate,decor_furniture,decor_furniture | general_place_vibe,True,True,المطعم,,الديكور | المطعم,الاكل,2.3,unreviewed,ambience-words present alongside hard-negative cue - likely a non-ambience complaint,weak,1
hadyelsahar/ar_res_reviews:5837,hard_negative_candidate,decor_furniture,decor_furniture | general_place_vibe,True,True,المطعم,,الديكور | المطعم,الاكل | الموظفين,2.3,unreviewed,ambience-words present alongside hard-negative cue - likely a non-ambience complaint,weak,0
hadyelsahar/ar_res_reviews:5849,hard_negative_candidate,seating_comfort,seating_comfort | general_place_vibe,True,True,المطعم,,الجلسات | الجو | المطعم,السعر | اللحم | طلبات | غالي,3.3,unreviewed,ambience-words present alongside hard-negative cue - likely a non-ambience complaint,weak,1
hadyelsahar/ar_res_reviews:5850,hard_negative_candidate,temperature_ac,general_place_vibe | temperature_ac,True,True,المطعم | حار,,الجو | المطعم | حار,الاكل | اللحم,3.6,unreviewed,ambience-words present alongside hard-negative cue - likely a non-ambience complaint,weak,1
hadyelsahar/ar_res_reviews:5862,hard_negative_candidate,general_place_vibe,general_place_vibe,True,True,المطعم | قديم,المطعم قديم,المطعم | قديم,اللحم,4.6,unreviewed,ambience-words present alongside hard-negative cue - likely a non-ambience complaint,weak,1
hadyelsahar/ar_res_reviews:5870,hard_negative_candidate,general_place_vibe,general_place_vibe,True,True,,,رايق,الاكل,1.0,unreviewed,ambience-words present alongside hard-negative cue - likely a non-ambience complaint,weak,1
hadyelsahar/ar_res_reviews:5873,hard_negative_candidate,parking,parking | general_place_vibe,True,True,المطعم | المكان | عاليه,,الدخول | المطعم | المكان,الطعام,3.9,unreviewed,ambience-words present alongside hard-negative cue - likely a non-ambience complaint,weak,1
hadyelsahar/ar_res_reviews:5875,hard_negative_candidate,general_place_vibe,general_place_vibe,True,True,المطعم,,المطعم,الاسعار | الاكل | مبالغ فيها | مبالغ فيه,1.3,unreviewed,multi-word hard-negative phrase present - confirmed non-ambience,weak,0
hadyelsahar/ar_res_reviews:5876,hard_negative_candidate,parking,general_place_vibe | parking,True,True,المطعم,,المطعم | مواقف,اسلوب | الموظفين,2.3,unreviewed,ambience-words present alongside hard-negative cue - likely a non-ambience complaint,weak,0
hadyelsahar/ar_res_reviews:5877,hard_negative_candidate,outdoor_view,general_place_vibe | outdoor_view,True,True,المحل | المكان,,المحل | المكان | الواجهه,الدجاج | الشاورما | الفاتوره | الكاشير | اللحم | النادل | انتظرت,3.6,unreviewed,ambience-words present alongside hard-negative cue - likely a non-ambience complaint,weak,0
hadyelsahar/ar_res_reviews:5881,hard_negative_candidate,decor_furniture,decor_furniture,True,True,,,الديكور,الاكل | السعر | غالي,1.0,unreviewed,ambience-words present alongside hard-negative cue - likely a non-ambience complaint,weak,0
hadyelsahar/ar_res_reviews:5883,hard_negative_candidate,general_place_vibe,general_place_vibe,True,True,المطعم,,الاجواء | المطعم,الرز | غالي,2.3,unreviewed,ambience-words present alongside hard-negative cue - likely a non-ambience complaint,weak,1
hadyelsahar/ar_res_reviews:5885,hard_negative_candidate,temperature_ac,seating_comfort | general_place_vibe | temperature_ac | privacy,True,True,المطعم | بارد | بارده,,الجلسات | الجلسه | المطعم | بارد | ثلج | خصوصيه,السعر | الطعم | ما يستاهل,6.9,unreviewed,ambience-words present alongside hard-negative cue - likely a non-ambience complaint,weak,0
hadyelsahar/ar_res_reviews:5887,hard_negative_candidate,parking,general_place_vibe | parking,True,True,المطعم,,المطعم | المواقف | كئيب,تاخر الطلب,3.3,unreviewed,ambience-words present alongside hard-negative cue - likely a non-ambience complaint,weak,0
hadyelsahar/ar_res_reviews:5888,hard_negative_candidate,decor_furniture,decor_furniture | general_place_vibe,True,True,المطعم,,الديكور | المطعم,الاسعار | الاكل | مبالغ فيها | مبالغ فيه,2.3,unreviewed,ambience-words present alongside hard-negative cue - likely a non-ambience complaint,weak,1
hadyelsahar/ar_res_reviews:5890,hard_negative_candidate,general_place_vibe,general_place_vibe,True,True,المطعم,,المطعم,الاسعار | الشاورما | مبالغ فيها | مبالغ فيه,1.3,unreviewed,multi-word hard-negative phrase present - confirmed non-ambience,weak,1
hadyelsahar/ar_res_reviews:5891,hard_negative_candidate,general_place_vibe,general_place_vibe,True,True,المطعم,,المطعم,مبالغ فيها | مبالغ فيه,1.3,unreviewed,multi-word hard-negative phrase present - confirmed non-ambience,weak,0
hadyelsahar/ar_res_reviews:5897,hard_negative_candidate,,,False,True,,,,الاسعار | مبالغ فيها | مبالغ فيه,0.0,unreviewed,multi-word hard-negative phrase present - confirmed non-ambience,weak,1
hadyelsahar/ar_res_reviews:5902,hard_negative_candidate,,,False,True,,,,مبالغ فيها | مبالغ فيه,0.0,unreviewed,multi-word hard-negative phrase present - confirmed non-ambience,weak,1
hadyelsahar/ar_res_reviews:5908,hard_negative_candidate,space_crowding,general_place_vibe | space_crowding,True,True,المطعم,,المطعم | زحمه,الطعم,2.3,unreviewed,ambience-words present alongside hard-negative cue - likely a non-ambience complaint,weak,1
hadyelsahar/ar_res_reviews:5909,hard_negative_candidate,seating_comfort,general_place_vibe | seating_comfort,True,True,المطعم | المكان,,الجو | المطعم | المكان | حواجز,الاكل | السلطه,4.6,unreviewed,ambience-words present alongside hard-negative cue - likely a non-ambience complaint,weak,1
hadyelsahar/ar_res_reviews:5911,hard_negative_candidate,space_crowding,general_place_vibe | space_crowding,True,True,المكان,,المكان | مزدحم,الاكل | تاخر الطلب,2.3,unreviewed,ambience-words present alongside hard-negative cue - likely a non-ambience complaint,weak,0
hadyelsahar/ar_res_reviews:5913,hard_negative_candidate,general_place_vibe,general_place_vibe,True,True,المطعم | المكان,,اجواء | المطعم | المكان,الدجاج | الطعام | الوجبه,3.6,unreviewed,ambience-words present alongside hard-negative cue - likely a non-ambience complaint,weak,1
hadyelsahar/ar_res_reviews:5914,hard_negative_candidate,seating_comfort,seating_comfort | general_place_vibe,True,True,المكان,,الجلسه | المكان,الاكل | البيتزا,2.3,unreviewed,ambience-words present alongside hard-negative cue - likely a non-ambience complaint,weak,1
hadyelsahar/ar_res_reviews:5915,hard_negative_candidate,decor_furniture,decor_furniture | general_place_vibe | space_crowding,True,True,المطعم | زيت,,الديكور | المطعم | رايق | هادي,الخبز | الدجاج | السلطه,4.6,unreviewed,ambience-words present alongside hard-negative cue - likely a non-ambience complaint,weak,1
hadyelsahar/ar_res_reviews:5919,hard_negative_candidate,general_place_vibe,general_place_vibe,True,True,,,الجو,الطعم,1.0,unreviewed,ambience-words present alongside hard-negative cue - likely a non-ambience complaint,weak,1
hadyelsahar/ar_res_reviews:5927,hard_negative_candidate,decor_furniture,decor_furniture,True,True,,,الديكور,الاسعار | الاكل,1.0,unreviewed,ambience-words present alongside hard-negative cue - likely a non-ambience complaint,weak,0
hadyelsahar/ar_res_reviews:5954,hard_negative_candidate,space_crowding,space_crowding | general_place_vibe,True,True,المطعم,زحمه مره,المطعم | زحمه,الاسعار | الطعم,4.3,unreviewed,ambience-words present alongside hard-negative cue - likely a non-ambience complaint,weak,1
hadyelsahar/ar_res_reviews:5963,hard_negative_candidate,parking,parking,True,True,,,المواقف,البطاطس | الدجاج,1.0,unreviewed,ambience-words present alongside hard-negative cue - likely a non-ambience complaint,weak,1
hadyelsahar/ar_res_reviews:6009,hard_negative_candidate,bathroom_facilities,general_place_vibe | bathroom_facilities,True,True,المطعم,,المطعم | شرح | مغسله,الوجبه,3.3,unreviewed,ambience-words present alongside hard-negative cue - likely a non-ambience complaint,weak,1
hadyelsahar/ar_res_reviews:6043,hard_negative_candidate,temperature_ac,temperature_ac | general_place_vibe,True,True,المطعم,,التهويه | المطعم,الاكل | اللحم,2.3,unreviewed,ambience-words present alongside hard-negative cue - likely a non-ambience complaint,weak,1
hadyelsahar/ar_res_reviews:6048,hard_negative_candidate,decor_furniture,decor_furniture | general_place_vibe,True,True,المطعم,,الديكور | المطعم,الاكل | اللحم,2.3,unreviewed,ambience-words present alongside hard-negative cue - likely a non-ambience complaint,weak,1
hadyelsahar/ar_res_reviews:6063,hard_negative_candidate,seating_comfort,seating_comfort | general_place_vibe,True,True,المحل | المطعم | قديم,,الجلسات | المحل | المطعم | قديم,النكهه,4.9,unreviewed,ambience-words present alongside hard-negative cue - likely a non-ambience complaint,weak,1
hadyelsahar/ar_res_reviews:6068,hard_negative_candidate,,,False,True,,,,البطاطس | الدجاج | مبالغ فيه,0.0,unreviewed,multi-word hard-negative phrase present - confirmed non-ambience,weak,1
hadyelsahar/ar_res_reviews:6071,hard_negative_candidate,general_place_vibe,general_place_vibe,True,True,,,رايق,الاكل,1.0,unreviewed,ambience-words present alongside hard-negative cue - likely a non-ambience complaint,weak,1
hadyelsahar/ar_res_reviews:6077,hard_negative_candidate,outdoor_view,outdoor_view | general_place_vibe,True,True,بارده | برا | حاره,,برا | رايق,الاسعار | الاكل | الدجاج | الطعم | اللحم,2.9,unreviewed,ambience-words present alongside hard-negative cue - likely a non-ambience complaint,weak,0
hadyelsahar/ar_res_reviews:6078,hard_negative_candidate,temperature_ac,seating_comfort | general_place_vibe | temperature_ac,True,True,المطعم | حار,,الجلسات | المطعم | حار,الاكل,3.6,unreviewed,ambience-words present alongside hard-negative cue - likely a non-ambience complaint,weak,0
hadyelsahar/ar_res_reviews:6081,hard_negative_candidate,decor_furniture,decor_furniture,True,True,,,الديكور,الاكل,1.0,unreviewed,ambience-words present alongside hard-negative cue - likely a non-ambience complaint,weak,1
hadyelsahar/ar_res_reviews:6084,hard_negative_candidate,seating_comfort,seating_comfort,True,True,,,القعدات,الاسعار | الاكل,1.0,unreviewed,ambience-words present alongside hard-negative cue - likely a non-ambience complaint,weak,1
hadyelsahar/ar_res_reviews:6085,hard_negative_candidate,general_place_vibe,general_place_vibe,True,True,المكان,,المكان,تاخر الطلب,1.3,unreviewed,multi-word hard-negative phrase present - confirmed non-ambience,weak,0
hadyelsahar/ar_res_reviews:6088,hard_negative_candidate,,,False,True,,,,طلبات | مبالغ فيه,0.0,unreviewed,multi-word hard-negative phrase present - confirmed non-ambience,weak,1
hadyelsahar/ar_res_reviews:6107,hard_negative_candidate,seating_comfort,seating_comfort | general_place_vibe,True,True,الفرع,,الجلسه | الجو | الفرع,الاكل | الخبز,3.3,unreviewed,ambience-words present alongside hard-negative cue - likely a non-ambience complaint,weak,1
hadyelsahar/ar_res_reviews:6108,hard_negative_candidate,decor_furniture,decor_furniture,True,True,,,الديكور,طعمه,1.0,unreviewed,ambience-words present alongside hard-negative cue - likely a non-ambience complaint,weak,0
hadyelsahar/ar_res_reviews:6109,hard_negative_candidate,,,False,True,,,,الاسعار | مبالغ فيها | مبالغ فيه,0.0,unreviewed,multi-word hard-negative phrase present - confirmed non-ambience,weak,1
hadyelsahar/ar_res_reviews:6112,hard_negative_candidate,temperature_ac,general_place_vibe | decor_furniture | temperature_ac,True,True,المطعم | المكان | بارد | حار | حاره,المكان حار,الديكور | المطعم | المكان | بارد | حار,الاسعار | الاكل | الخبز | الرز | اللحم | طعمه | مبالغ فيها | مبالغ فيه,8.5,unreviewed,ambience-words present alongside hard-negative cue - likely a non-ambience complaint,weak,0
hadyelsahar/ar_res_reviews:6113,hard_negative_candidate,privacy,privacy,True,True,زيت,قسم العوائل,,الاكل | الخبز | طعمه,2.3,unreviewed,ambience-words present alongside hard-negative cue - likely a non-ambience complaint,weak,1
hadyelsahar/ar_res_reviews:6115,hard_negative_candidate,decor_furniture,decor_furniture,True,True,,,الديكور,الطعام | مبالغ فيها | مبالغ فيه,1.0,unreviewed,ambience-words present alongside hard-negative cue - likely a non-ambience complaint,weak,1
hadyelsahar/ar_res_reviews:6116,hard_negative_candidate,decor_furniture,decor_furniture,True,True,,,الديكور,اللحم,1.0,unreviewed,ambience-words present alongside hard-negative cue - likely a non-ambience complaint,weak,0
hadyelsahar/ar_res_reviews:6117,hard_negative_candidate,decor_furniture,general_place_vibe | decor_furniture,True,True,المطعم | حاره,,الاجواء | الديكور | المطعم,غالي | غاليه | مبالغ فيها | مبالغ فيه,3.6,unreviewed,ambience-words present alongside hard-negative cue - likely a non-ambience complaint,weak,0
hadyelsahar/ar_res_reviews:6120,hard_negative_candidate,lighting,lighting | decor_furniture | general_place_vibe,True,True,المطعم | المكان,,الاناره | الديكور | المطعم | المكان,الاسعار | الاكل | الرز | اللحم | الموظفين | الاكل بارد,4.6,unreviewed,ambience-words present alongside hard-negative cue - likely a non-ambience complaint,weak,0
hadyelsahar/ar_res_reviews:6124,hard_negative_candidate,space_crowding,space_crowding,True,True,,,مزدحم,غالي,1.0,unreviewed,ambience-words present alongside hard-negative cue - likely a non-ambience complaint,weak,1
hadyelsahar/ar_res_reviews:6132,hard_negative_candidate,decor_furniture,decor_furniture | general_place_vibe,True,True,المطعم,,الديكور | المطعم,الاكل,2.3,unreviewed,ambience-words present alongside hard-negative cue - likely a non-ambience complaint,weak,0
hadyelsahar/ar_res_reviews:6133,hard_negative_candidate,seating_comfort,seating_comfort,True,True,,,الجلسات,الاكل,1.0,unreviewed,ambience-words present alongside hard-negative cue - likely a non-ambience complaint,weak,1
hadyelsahar/ar_res_reviews:6138,hard_negative_candidate,decor_furniture,decor_furniture,True,True,,,الديكور,اللحم,1.0,unreviewed,ambience-words present alongside hard-negative cue - likely a non-ambience complaint,weak,0
hadyelsahar/ar_res_reviews:6140,hard_negative_candidate,parking,parking,True,True,,,مواقف | موقف,الاسعار | غاليه,2.0,unreviewed,ambience-words present alongside hard-negative cue - likely a non-ambience complaint,weak,1
hadyelsahar/ar_res_reviews:6147,hard_negative_candidate,temperature_ac,outdoor_view | seating_comfort | general_place_vibe | temperature_ac,True,True,الطاوله | المطعم | بارد,,البلكونه | الطاوله | المطعم | بارد,الاسعار | الاكل | الخبز | الطعم | الكاشير | مبالغ فيها | الاكل بارد | مبالغ فيه,4.9,unreviewed,ambience-words present alongside hard-negative cue - likely a non-ambience complaint,weak,0
hadyelsahar/ar_res_reviews:6149,hard_negative_candidate,temperature_ac,temperature_ac,True,True,بارد | حار,,بارد | ثلج | حار,الاكل,3.6,unreviewed,ambience-words present alongside hard-negative cue - likely a non-ambience complaint,weak,1
hadyelsahar/ar_res_reviews:6154,hard_negative_candidate,seating_comfort,seating_comfort,True,True,,,طاوله,نسوا,1.0,unreviewed,ambience-words present alongside hard-negative cue - likely a non-ambience complaint,weak,0
hadyelsahar/ar_res_reviews:6160,hard_negative_candidate,privacy,privacy | noise_music,True,True,,قسم العوائل,ازعاج,السلطه,3.0,unreviewed,ambience-words present alongside hard-negative cue - likely a non-ambience complaint,weak,1
hadyelsahar/ar_res_reviews:6163,hard_negative_candidate,seating_comfort,general_place_vibe | seating_comfort,True,True,المطعم | المكان,,المطعم | المكان | طاوله,البرجر | الطعام | اللحم | ما طلبت,3.6,unreviewed,ambience-words present alongside hard-negative cue - likely a non-ambience complaint,weak,0
hadyelsahar/ar_res_reviews:6166,hard_negative_candidate,space_crowding,general_place_vibe | space_crowding,True,True,المطعم,,المطعم | زحمه,البيتزا,2.3,unreviewed,ambience-words present alongside hard-negative cue - likely a non-ambience complaint,weak,1
hadyelsahar/ar_res_reviews:6167,hard_negative_candidate,seating_comfort,seating_comfort | general_place_vibe,True,True,المطعم | بارده,,الجلسات | الطاولات | المطعم | بارتشن,الاسعار,4.6,unreviewed,ambience-words present alongside hard-negative cue - likely a non-ambience complaint,weak,1
hadyelsahar/ar_res_reviews:6168,hard_negative_candidate,general_place_vibe,general_place_vibe,True,True,,,رايق,الدجاج | اللحم,1.0,unreviewed,ambience-words present alongside hard-negative cue - likely a non-ambience complaint,weak,1
hadyelsahar/ar_res_reviews:6171,hard_negative_candidate,seating_comfort,seating_comfort | general_place_vibe,True,True,المطعم,,الجلسات | المطعم | ساتر,الاسعار | الاكل | ما طلبت,3.3,unreviewed,ambience-words present alongside hard-negative cue - likely a non-ambience complaint,weak,1
hadyelsahar/ar_res_reviews:6179,hard_negative_candidate,privacy,privacy | general_place_vibe,True,True,,قسم العوائل,الجو,الاكل,3.0,unreviewed,ambience-words present alongside hard-negative cue - likely a non-ambience complaint,weak,1
hadyelsahar/ar_res_reviews:6184,hard_negative_candidate,noise_music,noise_music | general_place_vibe,True,True,المطعم,,اطفال | المطعم,البرجر | البطاطس,2.3,unreviewed,ambience-words present alongside hard-negative cue - likely a non-ambience complaint,weak,0
hadyelsahar/ar_res_reviews:6185,hard_negative_candidate,seating_comfort,seating_comfort | general_place_vibe | temperature_ac,True,True,الطاوله | المطعم | المكان,,الطاوله | المطعم | المكان | ثلج | طاوله,الاسعار | البرجر | البطاطس | اللحم | ناقص,5.9,unreviewed,ambience-words present alongside hard-negative cue - likely a non-ambience complaint,weak,1
hadyelsahar/ar_res_reviews:6193,hard_negative_candidate,space_crowding,space_crowding | seating_comfort,True,True,الطاوله | بارده,زحمه مره,الطاوله | زحمه,البرجر | النكهه,4.6,unreviewed,ambience-words present alongside hard-negative cue - likely a non-ambience complaint,weak,0
hadyelsahar/ar_res_reviews:6196,hard_negative_candidate,,,False,True,,,,السعر | الطعام | مبالغ فيه,0.0,unreviewed,multi-word hard-negative phrase present - confirmed non-ambience,weak,0
hadyelsahar/ar_res_reviews:6199,hard_negative_candidate,space_crowding,space_crowding,True,True,زيت,,زحمه,الطعم | النكهه,1.3,unreviewed,ambience-words present alongside hard-negative cue - likely a non-ambience complaint,weak,0
hadyelsahar/ar_res_reviews:6201,hard_negative_candidate,general_place_vibe,general_place_vibe,True,True,المطعم,,المطعم,البطاطس | السعر | مبالغ فيه,1.3,unreviewed,multi-word hard-negative phrase present - confirmed non-ambience,weak,0
hadyelsahar/ar_res_reviews:6211,hard_negative_candidate,lighting,lighting | general_place_vibe,True,True,المطعم,,الاضاءه | المطعم,مكلفه,2.3,unreviewed,ambience-words present alongside hard-negative cue - likely a non-ambience complaint,weak,1
hadyelsahar/ar_res_reviews:6212,hard_negative_candidate,seating_comfort,seating_comfort | general_place_vibe,True,True,المطعم,,الجلسه | المطعم,الاسعار | الشاورما | غاليه,2.3,unreviewed,ambience-words present alongside hard-negative cue - likely a non-ambience complaint,weak,1
hadyelsahar/ar_res_reviews:6214,hard_negative_candidate,noise_music,noise_music | general_place_vibe,True,True,المطعم | المكان | عالي,,اصوات | الجو | المطعم | المكان,الاكل | غلط,4.9,unreviewed,ambience-words present alongside hard-negative cue - likely a non-ambience complaint,weak,0
hadyelsahar/ar_res_reviews:6217,hard_negative_candidate,noise_music,general_place_vibe | noise_music,True,True,,,رايق | موسيقي,غالي,2.0,unreviewed,ambience-words present alongside hard-negative cue - likely a non-ambience complaint,weak,1
hadyelsahar/ar_res_reviews:6222,hard_negative_candidate,seating_comfort,general_place_vibe | seating_comfort,True,True,الطاوله,,اجواء | الطاوله,الاكل | الطعام | غاليه,2.3,unreviewed,ambience-words present alongside hard-negative cue - likely a non-ambience complaint,weak,1
hadyelsahar/ar_res_reviews:6225,hard_negative_candidate,decor_furniture,decor_furniture,True,True,,,الديكور,الاكل | السعر | غالي,1.0,unreviewed,ambience-words present alongside hard-negative cue - likely a non-ambience complaint,weak,0
hadyelsahar/ar_res_reviews:6227,hard_negative_candidate,decor_furniture,decor_furniture | seating_comfort | general_place_vibe,True,True,المطعم,,الديكور | الطاولات | المطعم,الاكل,3.3,unreviewed,ambience-words present alongside hard-negative cue - likely a non-ambience complaint,weak,1
hadyelsahar/ar_res_reviews:6232,hard_negative_candidate,lighting,lighting | general_place_vibe | seating_comfort | noise_music,True,True,المطعم | المكان,اضاءه خافته,المطعم | المكان | طاوله | مزعج,الاكل | البرجر | الخبز | الدجاج | السلطه | الطعم | اللحم | المضيف | النادل,6.6,unreviewed,ambience-words present alongside hard-negative cue - likely a non-ambience complaint,weak,0
hadyelsahar/ar_res_reviews:6233,hard_negative_candidate,decor_furniture,decor_furniture | general_place_vibe | space_crowding,True,True,المطعم | حاره | زيت,,الديكور | المطعم | زحمه,الاسعار | الاكل | البرجر | الدجاج | الرز | الفاتوره | اللحم | مالح,3.9,unreviewed,ambience-words present alongside hard-negative cue - likely a non-ambience complaint,weak,1
hadyelsahar/ar_res_reviews:6236,hard_negative_candidate,parking,parking,True,True,,,موقف,غالي,1.0,unreviewed,ambience-words present alongside hard-negative cue - likely a non-ambience complaint,weak,0
hadyelsahar/ar_res_reviews:6240,hard_negative_candidate,seating_comfort,seating_comfort,True,True,,,الجلسه,السعر,1.0,unreviewed,ambience-words present alongside hard-negative cue - likely a non-ambience complaint,weak,1
hadyelsahar/ar_res_reviews:6242,hard_negative_candidate,,,False,True,,,,مبالغ فيه,0.0,unreviewed,multi-word hard-negative phrase present - confirmed non-ambience,weak,1
hadyelsahar/ar_res_reviews:6246,hard_negative_candidate,decor_furniture,decor_furniture | privacy,True,True,,,الديكور | خصوصيه,الاسعار | الاكل,2.0,unreviewed,ambience-words present alongside hard-negative cue - likely a non-ambience complaint,weak,1
hadyelsahar/ar_res_reviews:6258,hard_negative_candidate,parking,general_place_vibe | parking | space_crowding,True,True,المطعم,,المطعم | المواقف | زحمه,الطعم | اللحم,3.3,unreviewed,ambience-words present alongside hard-negative cue - likely a non-ambience complaint,weak,1
hadyelsahar/ar_res_reviews:6264,hard_negative_candidate,general_place_vibe,general_place_vibe,True,True,,,اجواء,الطعام,1.0,unreviewed,ambience-words present alongside hard-negative cue - likely a non-ambience complaint,weak,1
hadyelsahar/ar_res_reviews:6276,hard_negative_candidate,temperature_ac,general_place_vibe | temperature_ac,True,True,المطعم | بارد | حاره,,المطعم | بارد | حراره,الطعم | طعمها,3.9,unreviewed,ambience-words present alongside hard-negative cue - likely a non-ambience complaint,weak,1
hadyelsahar/ar_res_reviews:6282,hard_negative_candidate,space_crowding,space_crowding,True,True,,,هادي,البيتزا,1.0,unreviewed,ambience-words present alongside hard-negative cue - likely a non-ambience complaint,weak,1
hadyelsahar/ar_res_reviews:6284,hard_negative_candidate,seating_comfort,general_place_vibe | seating_comfort | noise_music,True,True,المطعم,,المطعم | بارتشن | مزعج,الاكل | البيتزا | طعمها,3.3,unreviewed,ambience-words present alongside hard-negative cue - likely a non-ambience complaint,weak,1
hadyelsahar/ar_res_reviews:6290,hard_negative_candidate,parking,general_place_vibe | parking,True,True,المطعم | متسخ,,المطعم | المواقف,الاكل | السعر | طعمه,2.6,unreviewed,ambience-words present alongside hard-negative cue - likely a non-ambience complaint,weak,0
hadyelsahar/ar_res_reviews:6298,hard_negative_candidate,decor_furniture,decor_furniture | general_place_vibe,True,True,المطعم | المكان,,الديكور | المطعم | المكان,الاكل | الرز | السعر | طعمه,3.6,unreviewed,ambience-words present alongside hard-negative cue - likely a non-ambience complaint,weak,1
hadyelsahar/ar_res_reviews:6299,hard_negative_candidate,decor_furniture,decor_furniture | general_place_vibe,True,True,المطعم | المكان | زيت,,الديكور | المطعم | المكان,الطعام | النكهه,3.9,unreviewed,ambience-words present alongside hard-negative cue - likely a non-ambience complaint,weak,0
hadyelsahar/ar_res_reviews:6309,hard_negative_candidate,temperature_ac,seating_comfort | temperature_ac,True,True,الطاوله | حار,,الجلسات | الطاوله | ثلج | حار,الاكل | الخبز | اللحم | طلبات,4.6,unreviewed,ambience-words present alongside hard-negative cue - likely a non-ambience complaint,weak,1
hadyelsahar/ar_res_reviews:6311,hard_negative_candidate,temperature_ac,seating_comfort | temperature_ac,True,True,الطاوله | بارد | قديمه,,الطاوله | بارد,الاكل | مالح | الاكل بارد,2.9,unreviewed,multi-word hard-negative phrase present - confirmed non-ambience,weak,0
hadyelsahar/ar_res_reviews:6313,hard_negative_candidate,,,False,True,,,,الاكل | السعر | مبالغ فيه,0.0,unreviewed,multi-word hard-negative phrase present - confirmed non-ambience,weak,1
hadyelsahar/ar_res_reviews:6320,hard_negative_candidate,temperature_ac,general_place_vibe | temperature_ac,True,True,المطعم | بارد,المطعم بارد,المطعم | بارد,الاكل,4.6,unreviewed,ambience-words present alongside hard-negative cue - likely a non-ambience complaint,weak,0
hadyelsahar/ar_res_reviews:6332,hard_negative_candidate,,,False,True,عاليه,,,الاسعار | الاكل | مبالغ فيها | مبالغ فيه,0.3,unreviewed,multi-word hard-negative phrase present - confirmed non-ambience,weak,0
hadyelsahar/ar_res_reviews:6334,hard_negative_candidate,seating_comfort,seating_comfort | general_place_vibe | space_crowding,True,True,المحل,,الجلسات | المحل | زحمه,الطعم,3.3,unreviewed,ambience-words present alongside hard-negative cue - likely a non-ambience complaint,weak,0
hadyelsahar/ar_res_reviews:6335,hard_negative_candidate,space_crowding,general_place_vibe | space_crowding,True,True,المطعم,,المطعم | زحمه,الاسعار,2.3,unreviewed,ambience-words present alongside hard-negative cue - likely a non-ambience complaint,weak,1
hadyelsahar/ar_res_reviews:6338,hard_negative_candidate,parking,parking | general_place_vibe,True,True,المطعم,,المدخل | المطعم,الدجاج | الطعام,2.3,unreviewed,ambience-words present alongside hard-negative cue - likely a non-ambience complaint,weak,1
hadyelsahar/ar_res_reviews:6339,hard_negative_candidate,parking,parking | general_place_vibe,True,True,المطعم,,الدخول | المطعم,الاكل,2.3,unreviewed,ambience-words present alongside hard-negative cue - likely a non-ambience complaint,weak,0
hadyelsahar/ar_res_reviews:6342,hard_negative_candidate,decor_furniture,decor_furniture | general_place_vibe,True,True,المطعم,,الديكور | المطعم,الرز,2.3,unreviewed,ambience-words present alongside hard-negative cue - likely a non-ambience complaint,weak,1
hadyelsahar/ar_res_reviews:6354,hard_negative_candidate,space_crowding,general_place_vibe | space_crowding,True,True,المطعم,,الجو | المطعم | واسع,الاكل | السعر,3.3,unreviewed,ambience-words present alongside hard-negative cue - likely a non-ambience complaint,weak,1
hadyelsahar/ar_res_reviews:6355,hard_negative_candidate,temperature_ac,temperature_ac,True,True,بارد,,بارد,الاكل | الاكل بارد,1.3,unreviewed,multi-word hard-negative phrase present - confirmed non-ambience,weak,0
hadyelsahar/ar_res_reviews:6366,hard_negative_candidate,seating_comfort,seating_comfort | general_place_vibe,True,True,الفرع | المطعم | زيت,,الجلسات | الفرع | المطعم,الاسعار | الاكل | الدجاج | الطعام | الموظفين | طعمه | طلبات,3.9,unreviewed,ambience-words present alongside hard-negative cue - likely a non-ambience complaint,weak,0
hadyelsahar/ar_res_reviews:6377,hard_negative_candidate,space_crowding,general_place_vibe | space_crowding,True,True,المطعم,,المطعم | زحمه,طلبات,2.3,unreviewed,ambience-words present alongside hard-negative cue - likely a non-ambience complaint,weak,0
hadyelsahar/ar_res_reviews:6379,hard_negative_candidate,temperature_ac,general_place_vibe | temperature_ac,True,True,المحل | حار,,المحل | ثلج | حار,الشاورما,3.6,unreviewed,ambience-words present alongside hard-negative cue - likely a non-ambience complaint,weak,0
hadyelsahar/ar_res_reviews:6383,hard_negative_candidate,temperature_ac,temperature_ac | smell | space_crowding,True,True,بارد | ريحه,,بارد | ريحه | زحمه,الاسعار,3.6,unreviewed,ambience-words present alongside hard-negative cue - likely a non-ambience complaint,weak,1
hadyelsahar/ar_res_reviews:6402,hard_negative_candidate,parking,parking,True,True,,,موقف,الشاورما | الكاشير | تاخر الطلب,1.0,unreviewed,ambience-words present alongside hard-negative cue - likely a non-ambience complaint,weak,1
hadyelsahar/ar_res_reviews:6410,hard_negative_candidate,space_crowding,space_crowding,True,True,,,زحمه,الاسعار,1.0,unreviewed,ambience-words present alongside hard-negative cue - likely a non-ambience complaint,weak,1
hadyelsahar/ar_res_reviews:6419,hard_negative_candidate,space_crowding,general_place_vibe | space_crowding,True,True,المطعم,,المطعم | زحمه | ضيق,الرز | اللحم,3.3,unreviewed,ambience-words present alongside hard-negative cue - likely a non-ambience complaint,weak,0
hadyelsahar/ar_res_reviews:6429,hard_negative_candidate,,,False,True,,,,السعر | مبالغ فيه,0.0,unreviewed,multi-word hard-negative phrase present - confirmed non-ambience,weak,1
hadyelsahar/ar_res_reviews:6432,hard_negative_candidate,temperature_ac,general_place_vibe | temperature_ac | space_crowding,True,True,المطعم | بارد,,المطعم | بارد | فاضي,الموظفين,3.6,unreviewed,ambience-words present alongside hard-negative cue - likely a non-ambience complaint,weak,1
hadyelsahar/ar_res_reviews:6435,hard_negative_candidate,seating_comfort,seating_comfort,True,True,,,الجلسات,الفاتوره | اللحم,1.0,unreviewed,ambience-words present alongside hard-negative cue - likely a non-ambience complaint,weak,1
hadyelsahar/ar_res_reviews:6443,hard_negative_candidate,space_crowding,general_place_vibe | space_crowding,True,True,المطعم,,المطعم | هادي,الاكل,2.3,unreviewed,ambience-words present alongside hard-negative cue - likely a non-ambience complaint,weak,0
hadyelsahar/ar_res_reviews:6444,hard_negative_candidate,seating_comfort,seating_comfort | general_place_vibe,True,True,,,الجلسات | الجو,الاكل | الموظفين,2.0,unreviewed,ambience-words present alongside hard-negative cue - likely a non-ambience complaint,weak,1
hadyelsahar/ar_res_reviews:6445,hard_negative_candidate,decor_furniture,decor_furniture | general_place_vibe,True,True,المطعم,,الديكور | المطعم,الاكل,2.3,unreviewed,ambience-words present alongside hard-negative cue - likely a non-ambience complaint,weak,0
hadyelsahar/ar_res_reviews:6459,hard_negative_candidate,seating_comfort,seating_comfort | general_place_vibe,True,True,المطعم,,الجلسات | المطعم,الطعم,2.3,unreviewed,ambience-words present alongside hard-negative cue - likely a non-ambience complaint,weak,1
hadyelsahar/ar_res_reviews:6461,hard_negative_candidate,seating_comfort,seating_comfort,True,True,,,الجلسات,الاكل | الطعم,1.0,unreviewed,ambience-words present alongside hard-negative cue - likely a non-ambience complaint,weak,1
hadyelsahar/ar_res_reviews:6465,hard_negative_candidate,decor_furniture,decor_furniture | general_place_vibe,True,True,المطعم,,الديكور | المطعم,الارز | الاسعار | البطاطس | الطعام,2.3,unreviewed,ambience-words present alongside hard-negative cue - likely a non-ambience complaint,weak,1
hadyelsahar/ar_res_reviews:6487,hard_negative_candidate,noise_music,noise_music | seating_comfort | general_place_vibe,True,True,المطعم,,اطفال | الجلسه | المطعم | طاوله,الاكل | الخبز | الدجاج,4.3,unreviewed,ambience-words present alongside hard-negative cue - likely a non-ambience complaint,weak,1
hadyelsahar/ar_res_reviews:6488,hard_negative_candidate,temperature_ac,decor_furniture | general_place_vibe | parking | temperature_ac,True,True,المطعم | حار,,الديكور | المطعم | المواقف | حار,الاسعار | الاكل | الطعام,4.6,unreviewed,ambience-words present alongside hard-negative cue - likely a non-ambience complaint,weak,1
hadyelsahar/ar_res_reviews:6491,hard_negative_candidate,seating_comfort,seating_comfort | decor_furniture | general_place_vibe | outdoor_view,True,True,المطعم | برا,,الجلسه | الديكور | المطعم | برا | رايق,الاكل,5.6,unreviewed,ambience-words present alongside hard-negative cue - likely a non-ambience complaint,weak,1
hadyelsahar/ar_res_reviews:6529,hard_negative_candidate,temperature_ac,general_place_vibe | temperature_ac | privacy | parking,True,True,المكان | حار,,المكان | حار | عوائل | مواقف,الاكل | الدجاج | الكاشير | اللحم | الموظفين,4.6,unreviewed,ambience-words present alongside hard-negative cue - likely a non-ambience complaint,weak,1
hadyelsahar/ar_res_reviews:6533,hard_negative_candidate,space_crowding,general_place_vibe | space_crowding,True,True,المطعم,,المطعم | زحمه,البرجر | البطاطس | ما يستاهل,2.3,unreviewed,ambience-words present alongside hard-negative cue - likely a non-ambience complaint,weak,1
hadyelsahar/ar_res_reviews:6543,hard_negative_candidate,parking,parking,True,True,,,مواقف,الاكل | البرجر | البطاطس,1.0,unreviewed,ambience-words present alongside hard-negative cue - likely a non-ambience complaint,weak,1
hadyelsahar/ar_res_reviews:6546,hard_negative_candidate,general_place_vibe,general_place_vibe,True,True,المطعم | المكان | عاليه,,المطعم | المكان,الاسعار | البرجر | الخبز | الطعام | اللحم | وقت طويل,2.9,unreviewed,multi-word hard-negative phrase present - confirmed non-ambience,weak,1
hadyelsahar/ar_res_reviews:6557,hard_negative_candidate,seating_comfort,seating_comfort | outdoor_view,True,True,برا,,الجلسات | برا,الخبز | الدجاج | اللحم,2.3,unreviewed,ambience-words present alongside hard-negative cue - likely a non-ambience complaint,weak,1
hadyelsahar/ar_res_reviews:6563,hard_negative_candidate,,,False,True,,,,الشاورما | الطعم | بدون مايونيز | مبالغ فيه,0.0,unreviewed,multi-word hard-negative phrase present - confirmed non-ambience,weak,1
hadyelsahar/ar_res_reviews:6571,hard_negative_candidate,seating_comfort,general_place_vibe | seating_comfort | space_crowding,True,True,المطعم,,المطعم | بارتشن | زحمه,الاسعار | البرجر | الطعام | اللحم | الموظفين,3.3,unreviewed,ambience-words present alongside hard-negative cue - likely a non-ambience complaint,weak,1
hadyelsahar/ar_res_reviews:6581,hard_negative_candidate,decor_furniture,decor_furniture | general_place_vibe | space_crowding | seating_comfort,True,True,المطعم,,الديكور | المطعم | زحمه | طاوله,الاكل | الطعم,4.3,unreviewed,ambience-words present alongside hard-negative cue - likely a non-ambience complaint,weak,1
hadyelsahar/ar_res_reviews:6582,hard_negative_candidate,general_place_vibe,general_place_vibe,True,True,المكان | قديم,المكان قديم,المكان | قديم,الاكل,4.6,unreviewed,ambience-words present alongside hard-negative cue - likely a non-ambience complaint,weak,1
hadyelsahar/ar_res_reviews:6583,hard_negative_candidate,seating_comfort,general_place_vibe | seating_comfort,True,True,المحل | المطعم,,المحل | المطعم | قزاز,البطاطس | الخبز | الدجاج | الكاشير,3.6,unreviewed,ambience-words present alongside hard-negative cue - likely a non-ambience complaint,weak,1
hadyelsahar/ar_res_reviews:6585,hard_negative_candidate,seating_comfort,seating_comfort,True,True,,,الجلسات,الاكل | البيتزا,1.0,unreviewed,ambience-words present alongside hard-negative cue - likely a non-ambience complaint,weak,1
hadyelsahar/ar_res_reviews:6587,hard_negative_candidate,lighting,lighting | noise_music | space_crowding,True,True,,اضاءه خافته,موسيقي | هادي,الاكل,4.0,unreviewed,ambience-words present alongside hard-negative cue - likely a non-ambience complaint,weak,1
hadyelsahar/ar_res_reviews:6600,hard_negative_candidate,parking,general_place_vibe | parking,True,True,المطعم,,المطعم | موقف,الاسعار | الويتر | غالي,2.3,unreviewed,ambience-words present alongside hard-negative cue - likely a non-ambience complaint,weak,1
hadyelsahar/ar_res_reviews:6601,hard_negative_candidate,space_crowding,general_place_vibe | space_crowding,True,True,المطعم,,الجو | المطعم | ضيق,طعمه,3.3,unreviewed,ambience-words present alongside hard-negative cue - likely a non-ambience complaint,weak,1
hadyelsahar/ar_res_reviews:6602,hard_negative_candidate,decor_furniture,decor_furniture,True,True,,,الديكور,غاليه,1.0,unreviewed,ambience-words present alongside hard-negative cue - likely a non-ambience complaint,weak,1
hadyelsahar/ar_res_reviews:6603,hard_negative_candidate,noise_music,general_place_vibe | noise_music | temperature_ac | seating_comfort,True,True,المطعم | المكان,,اجواء | اصوات | المطعم | المكان | حراره | طاوله,الارز | الخبز | السلطه | الطعام | اللحم | طعمه,6.6,unreviewed,ambience-words present alongside hard-negative cue - likely a non-ambience complaint,weak,1
hadyelsahar/ar_res_reviews:6606,hard_negative_candidate,seating_comfort,seating_comfort,True,True,,,بارتشن,مبالغ فيه,1.0,unreviewed,ambience-words present alongside hard-negative cue - likely a non-ambience complaint,weak,0
hadyelsahar/ar_res_reviews:6607,hard_negative_candidate,seating_comfort,seating_comfort | general_place_vibe | space_crowding | parking,True,True,المطعم,,الجلسات | المطعم | زحمه | مواقف,السعر | الطعم | غالي,4.3,unreviewed,ambience-words present alongside hard-negative cue - likely a non-ambience complaint,weak,0
hadyelsahar/ar_res_reviews:6608,hard_negative_candidate,noise_music,noise_music | outdoor_view | general_place_vibe | space_crowding,True,True,المطعم,,ازعاج | البلكونه | المطعم | زحمه,الاسعار | مبالغ فيها | مبالغ فيه,4.3,unreviewed,ambience-words present alongside hard-negative cue - likely a non-ambience complaint,weak,1
hadyelsahar/ar_res_reviews:6611,hard_negative_candidate,seating_comfort,seating_comfort,True,True,,,الطاولات,الطعام,1.0,unreviewed,ambience-words present alongside hard-negative cue - likely a non-ambience complaint,weak,0
hadyelsahar/ar_res_reviews:6612,hard_negative_candidate,decor_furniture,decor_furniture,True,True,,,الديكور,الاسعار | الطعام | الموظفين,1.0,unreviewed,ambience-words present alongside hard-negative cue - likely a non-ambience complaint,weak,1
hadyelsahar/ar_res_reviews:6613,hard_negative_candidate,temperature_ac,seating_comfort | general_place_vibe | temperature_ac,True,True,المطعم | بارد | زيت,,الطاولات | المطعم | بارد,الاكل,3.9,unreviewed,ambience-words present alongside hard-negative cue - likely a non-ambience complaint,weak,0
hadyelsahar/ar_res_reviews:6615,hard_negative_candidate,seating_comfort,general_place_vibe | seating_comfort,True,True,المطعم,,المطعم | طاوله,الاسعار | الاكل | انتظرنا | مبالغ فيها | مبالغ فيه,2.3,unreviewed,ambience-words present alongside hard-negative cue - likely a non-ambience complaint,weak,0
hadyelsahar/ar_res_reviews:6618,hard_negative_candidate,seating_comfort,seating_comfort,True,True,,,الكراسي,الاكل | الطعم,1.0,unreviewed,ambience-words present alongside hard-negative cue - likely a non-ambience complaint,weak,0
hadyelsahar/ar_res_reviews:6619,hard_negative_candidate,outdoor_view,outdoor_view | decor_furniture | seating_comfort | general_place_vibe,True,True,الطاوله | المطعم,,الخارجي | الديكور | الطاولات | الطاوله | المطعم,الاكل | الفاتوره | غاليه,5.6,unreviewed,ambience-words present alongside hard-negative cue - likely a non-ambience complaint,weak,1
hadyelsahar/ar_res_reviews:6621,hard_negative_candidate,decor_furniture,decor_furniture,True,True,,,الديكور,الاكل | السعر | اللحم,1.0,unreviewed,ambience-words present alongside hard-negative cue - likely a non-ambience complaint,weak,1
hadyelsahar/ar_res_reviews:6622,hard_negative_candidate,,,False,True,,,,مبالغ فيها | مبالغ فيه,0.0,unreviewed,multi-word hard-negative phrase present - confirmed non-ambience,weak,1
hadyelsahar/ar_res_reviews:6632,hard_negative_candidate,seating_comfort,seating_comfort | decor_furniture | general_place_vibe,True,True,المطعم,,الجلسات | الديكور | المطعم,الطعام | غاليه | مبالغ فيها | مبالغ فيه,3.3,unreviewed,ambience-words present alongside hard-negative cue - likely a non-ambience complaint,weak,1
hadyelsahar/ar_res_reviews:6635,hard_negative_candidate,temperature_ac,temperature_ac | seating_comfort | decor_furniture | general_place_vibe | parking,True,True,المطعم | عاليه,,التكييف | الجلسه | الديكور | المطعم | المواقف,الاسعار | الاكل | البيتزا | طعمه | طعمها | نيء,5.6,unreviewed,ambience-words present alongside hard-negative cue - likely a non-ambience complaint,weak,1
hadyelsahar/ar_res_reviews:6639,hard_negative_candidate,seating_comfort,seating_comfort,True,True,,,الجلسات,الاسعار | الاكل | غاليه,1.0,unreviewed,ambience-words present alongside hard-negative cue - likely a non-ambience complaint,weak,1
hadyelsahar/ar_res_reviews:6640,hard_negative_candidate,privacy,privacy,True,True,,,خصوصيه,غاليه,1.0,unreviewed,ambience-words present alongside hard-negative cue - likely a non-ambience complaint,weak,0
hadyelsahar/ar_res_reviews:6647,hard_negative_candidate,noise_music,general_place_vibe | noise_music | space_crowding,True,True,المطعم,,المطعم | صجه | هادي,الاكل | البيتزا | غالي,3.3,unreviewed,ambience-words present alongside hard-negative cue - likely a non-ambience complaint,weak,0
hadyelsahar/ar_res_reviews:6654,hard_negative_candidate,decor_furniture,decor_furniture | general_place_vibe,True,True,المطعم,,الديكور | المطعم,الدجاج | السعر | الطعم | مبالغ فيه,2.3,unreviewed,ambience-words present alongside hard-negative cue - likely a non-ambience complaint,weak,1
hadyelsahar/ar_res_reviews:6655,hard_negative_candidate,decor_furniture,decor_furniture | general_place_vibe,True,True,المطعم,,الديكور | المطعم,الدجاج | السعر | الطعم | مبالغ فيه,2.3,unreviewed,ambience-words present alongside hard-negative cue - likely a non-ambience complaint,weak,1
hadyelsahar/ar_res_reviews:6657,hard_negative_candidate,decor_furniture,decor_furniture | general_place_vibe,True,True,المطعم,,الديكور | المطعم,الاسعار | الطعم,2.3,unreviewed,ambience-words present alongside hard-negative cue - likely a non-ambience complaint,weak,1
hadyelsahar/ar_res_reviews:6674,hard_negative_candidate,temperature_ac,noise_music | lighting | temperature_ac | seating_comfort | general_place_vibe | privacy,True,True,الطاوله | المكان,,ازعاج | الاضاءه | التكييف | الجلسات | الطاوله | المكان | خصوصيه | رايق,الموظف,8.6,unreviewed,ambience-words present alongside hard-negative cue - likely a non-ambience complaint,weak,1
hadyelsahar/ar_res_reviews:6677,hard_negative_candidate,temperature_ac,seating_comfort | temperature_ac,True,True,بارد,,الجلسات | بارد,الاكل | الاكل بارد,2.3,unreviewed,ambience-words present alongside hard-negative cue - likely a non-ambience complaint,weak,1
hadyelsahar/ar_res_reviews:6685,hard_negative_candidate,decor_furniture,decor_furniture | general_place_vibe,True,True,المطعم | عاليه,,الديكور | المطعم,الطعم,2.6,unreviewed,ambience-words present alongside hard-negative cue - likely a non-ambience complaint,weak,1
hadyelsahar/ar_res_reviews:6689,hard_negative_candidate,smell,smell | privacy,True,True,ريحه,ريحه مجاري,ريحه | عوائل | مجاري,السعر,5.3,unreviewed,ambience-words present alongside hard-negative cue - likely a non-ambience complaint,weak,1
hadyelsahar/ar_res_reviews:6704,hard_negative_candidate,seating_comfort,seating_comfort | general_place_vibe | parking,True,True,المطعم,,الجلسات | المطعم | المواقف,الرز,3.3,unreviewed,ambience-words present alongside hard-negative cue - likely a non-ambience complaint,weak,1
hadyelsahar/ar_res_reviews:6707,hard_negative_candidate,space_crowding,general_place_vibe | space_crowding,True,True,المطعم,,المطعم | زحمه,الاسعار | طعمه,2.3,unreviewed,ambience-words present alongside hard-negative cue - likely a non-ambience complaint,weak,1
hadyelsahar/ar_res_reviews:6709,hard_negative_candidate,decor_furniture,decor_furniture,True,True,,,الديكور,الاسعار,1.0,unreviewed,ambience-words present alongside hard-negative cue - likely a non-ambience complaint,weak,1
hadyelsahar/ar_res_reviews:6712,hard_negative_candidate,space_crowding,general_place_vibe | space_crowding,True,True,المكان,,المكان | ضيق,الاكل,2.3,unreviewed,ambience-words present alongside hard-negative cue - likely a non-ambience complaint,weak,1
hadyelsahar/ar_res_reviews:6713,hard_negative_candidate,temperature_ac,privacy | temperature_ac,True,True,بارد,قسم العوائل,بارد,الاسعار | الاكل | مبالغ فيها | مبالغ فيه,3.3,unreviewed,ambience-words present alongside hard-negative cue - likely a non-ambience complaint,weak,1
hadyelsahar/ar_res_reviews:6734,hard_negative_candidate,temperature_ac,seating_comfort | general_place_vibe | temperature_ac | space_crowding,True,True,المطعم | بارد | بارده,,الطاولات | المطعم | بارد | حواجز | زحمه | ضيق | طاوله,الاكل | الطعام | الموظف | الموظفين | النادل | انتظرنا | ناقصه,7.9,unreviewed,ambience-words present alongside hard-negative cue - likely a non-ambience complaint,weak,0
hadyelsahar/ar_res_reviews:6736,hard_negative_candidate,privacy,privacy,True,True,عاليه,,عوائل,الاكل,1.3,unreviewed,ambience-words present alongside hard-negative cue - likely a non-ambience complaint,weak,1
hadyelsahar/ar_res_reviews:6742,hard_negative_candidate,temperature_ac,general_place_vibe | temperature_ac,True,True,المطعم,,المطعم | حراره,الاكل,2.3,unreviewed,ambience-words present alongside hard-negative cue - likely a non-ambience complaint,weak,1
hadyelsahar/ar_res_reviews:6745,hard_negative_candidate,outdoor_view,outdoor_view | general_place_vibe,True,True,المطعم,,الخارجي | المطعم,الاكل,2.3,unreviewed,ambience-words present alongside hard-negative cue - likely a non-ambience complaint,weak,0
hadyelsahar/ar_res_reviews:6746,hard_negative_candidate,seating_comfort,seating_comfort,True,True,,,الجلسه,الطعم,1.0,unreviewed,ambience-words present alongside hard-negative cue - likely a non-ambience complaint,weak,0
hadyelsahar/ar_res_reviews:6752,hard_negative_candidate,decor_furniture,decor_furniture | general_place_vibe,True,True,المطعم,,الديكور | المطعم,الاكل | السعر | السلطه,2.3,unreviewed,ambience-words present alongside hard-negative cue - likely a non-ambience complaint,weak,1
hadyelsahar/ar_res_reviews:6753,hard_negative_candidate,general_place_vibe,general_place_vibe,True,True,المكان,,الجو | المكان | شرح,الاسعار | الاكل | غاليه,3.3,unreviewed,ambience-words present alongside hard-negative cue - likely a non-ambience complaint,weak,1
hadyelsahar/ar_res_reviews:6754,hard_negative_candidate,temperature_ac,temperature_ac | general_place_vibe | seating_comfort,True,True,المكان,,التكييف | الجو | الكراسي | المكان | رايق,الاكل | السلطه | ما طلبت,5.3,unreviewed,ambience-words present alongside hard-negative cue - likely a non-ambience complaint,weak,1
hadyelsahar/ar_res_reviews:6768,hard_negative_candidate,space_crowding,general_place_vibe | space_crowding,True,True,المطعم,,المطعم | زحمه,انتظرت | ما طلبت,2.3,unreviewed,ambience-words present alongside hard-negative cue - likely a non-ambience complaint,weak,0
hadyelsahar/ar_res_reviews:6782,hard_negative_candidate,seating_comfort,seating_comfort | decor_furniture | general_place_vibe | bathroom_facilities | temperature_ac,True,True,المطعم | المكان,,الجلسات | الديكور | المطعم | المغاسل | المكان | حراره,الاكل | الرز | طلبات,6.6,unreviewed,ambience-words present alongside hard-negative cue - likely a non-ambience complaint,weak,0
hadyelsahar/ar_res_reviews:6794,hard_negative_candidate,decor_furniture,decor_furniture | lighting,True,True,,,الديكور | مظلم,الاسعار | غالي,2.0,unreviewed,ambience-words present alongside hard-negative cue - likely a non-ambience complaint,weak,1
hadyelsahar/ar_res_reviews:6795,hard_negative_candidate,temperature_ac,general_place_vibe | temperature_ac | lighting,True,True,المكان,,المكان | المكيف | حر | مظلم,الاكل,4.3,unreviewed,ambience-words present alongside hard-negative cue - likely a non-ambience complaint,weak,0
hadyelsahar/ar_res_reviews:6799,hard_negative_candidate,decor_furniture,decor_furniture | seating_comfort | general_place_vibe,True,True,المطعم,,الاثاث | الكراسي | المطعم,الاكل,3.3,unreviewed,ambience-words present alongside hard-negative cue - likely a non-ambience complaint,weak,0
hadyelsahar/ar_res_reviews:6800,hard_negative_candidate,space_crowding,general_place_vibe | space_crowding,True,True,المطعم,,المطعم | زحمه,الاكل,2.3,unreviewed,ambience-words present alongside hard-negative cue - likely a non-ambience complaint,weak,1
hadyelsahar/ar_res_reviews:6801,hard_negative_candidate,temperature_ac,general_place_vibe | temperature_ac | space_crowding,True,True,المكان | حار,,المكان | حار | زحمه,الاكل | اللحمه,3.6,unreviewed,ambience-words present alongside hard-negative cue - likely a non-ambience complaint,weak,1
hadyelsahar/ar_res_reviews:6808,hard_negative_candidate,seating_comfort,seating_comfort,True,True,,,ساتر,الاكل,1.0,unreviewed,ambience-words present alongside hard-negative cue - likely a non-ambience complaint,weak,1
hadyelsahar/ar_res_reviews:6809,hard_negative_candidate,seating_comfort,seating_comfort,True,True,,,الجلسات,الاكل,1.0,unreviewed,ambience-words present alongside hard-negative cue - likely a non-ambience complaint,weak,1
hadyelsahar/ar_res_reviews:6810,hard_negative_candidate,parking,parking | general_place_vibe,True,True,المطعم,,المدخل | المطعم,الاكل,2.3,unreviewed,ambience-words present alongside hard-negative cue - likely a non-ambience complaint,weak,1
hadyelsahar/ar_res_reviews:6812,hard_negative_candidate,temperature_ac,general_place_vibe | temperature_ac | space_crowding,True,True,المطعم | بارد,,المطعم | بارد | زحمه,الاكل | الخبز | وقت طويل,3.6,unreviewed,ambience-words present alongside hard-negative cue - likely a non-ambience complaint,weak,0
hadyelsahar/ar_res_reviews:6815,hard_negative_candidate,decor_furniture,decor_furniture | general_place_vibe,True,True,المطعم,,الديكور | المطعم,الاكل,2.3,unreviewed,ambience-words present alongside hard-negative cue - likely a non-ambience complaint,weak,1
hadyelsahar/ar_res_reviews:6816,hard_negative_candidate,privacy,privacy | seating_comfort,True,True,,جلسات العوائل,الجلسات,الاسعار | الاكل,3.0,unreviewed,ambience-words present alongside hard-negative cue - likely a non-ambience complaint,weak,1
hadyelsahar/ar_res_reviews:6824,hard_negative_candidate,seating_comfort,seating_comfort,True,True,,,الجلسات,الاكل,1.0,unreviewed,ambience-words present alongside hard-negative cue - likely a non-ambience complaint,weak,1
hadyelsahar/ar_res_reviews:6827,hard_negative_candidate,decor_furniture,decor_furniture,True,True,,,الديكور,الاسعار | الاكل,1.0,unreviewed,ambience-words present alongside hard-negative cue - likely a non-ambience complaint,weak,1
hadyelsahar/ar_res_reviews:6829,hard_negative_candidate,privacy,privacy | seating_comfort,True,True,,قسم العوائل,الجلسه | طاوله,الاكل,4.0,unreviewed,ambience-words present alongside hard-negative cue - likely a non-ambience complaint,weak,0
hadyelsahar/ar_res_reviews:6832,hard_negative_candidate,noise_music,noise_music | seating_comfort,True,True,,,ازعاج | الجلسات,السعر,2.0,unreviewed,ambience-words present alongside hard-negative cue - likely a non-ambience complaint,weak,1
hadyelsahar/ar_res_reviews:6838,hard_negative_candidate,privacy,privacy | general_place_vibe,True,True,المطعم,قسم العوائل,المطعم,محروق,3.3,unreviewed,ambience-words present alongside hard-negative cue - likely a non-ambience complaint,weak,1
hadyelsahar/ar_res_reviews:6840,hard_negative_candidate,decor_furniture,decor_furniture | general_place_vibe | parking,True,True,المطعم,,الديكور | المطعم | مواقف,الاكل | السعر,3.3,unreviewed,ambience-words present alongside hard-negative cue - likely a non-ambience complaint,weak,0
hadyelsahar/ar_res_reviews:6844,hard_negative_candidate,decor_furniture,decor_furniture | general_place_vibe | space_crowding | noise_music | parking,True,True,المطعم,,الديكور | المطعم | زحمه | صجه | مواقف,الاسعار | طعمه,5.3,unreviewed,ambience-words present alongside hard-negative cue - likely a non-ambience complaint,weak,0
hadyelsahar/ar_res_reviews:6845,hard_negative_candidate,decor_furniture,decor_furniture,True,True,,,الديكور,الطعم,1.0,unreviewed,ambience-words present alongside hard-negative cue - likely a non-ambience complaint,weak,1
hadyelsahar/ar_res_reviews:6857,hard_negative_candidate,lighting,lighting | decor_furniture,True,True,,,الاناره | الديكور,الخبز | الطعم | الوجبه,2.0,unreviewed,ambience-words present alongside hard-negative cue - likely a non-ambience complaint,weak,1
hadyelsahar/ar_res_reviews:6858,hard_negative_candidate,seating_comfort,seating_comfort | general_place_vibe,True,True,,,الجلسات | الجلسه | الجو,البطاطس,3.0,unreviewed,ambience-words present alongside hard-negative cue - likely a non-ambience complaint,weak,1
hadyelsahar/ar_res_reviews:6862,hard_negative_candidate,space_crowding,general_place_vibe | space_crowding,True,True,المطعم | بارده,,المطعم | واسع,اسلوب | الارز | الاسعار,2.6,unreviewed,ambience-words present alongside hard-negative cue - likely a non-ambience complaint,weak,1
hadyelsahar/ar_res_reviews:6905,hard_negative_candidate,seating_comfort,seating_comfort | general_place_vibe | bathroom_facilities | space_crowding,True,True,الطاوله | المطعم | المكان,,الطاوله | المطعم | المكان | المناديل | ضيق,الاسعار,5.9,unreviewed,ambience-words present alongside hard-negative cue - likely a non-ambience complaint,weak,1
hadyelsahar/ar_res_reviews:6910,hard_negative_candidate,space_crowding,general_place_vibe | space_crowding,True,True,المكان,,المكان | ضيق,الاكل,2.3,unreviewed,ambience-words present alongside hard-negative cue - likely a non-ambience complaint,weak,1
hadyelsahar/ar_res_reviews:6918,hard_negative_candidate,seating_comfort,seating_comfort,True,True,,,الجلسه,الخبز,1.0,unreviewed,ambience-words present alongside hard-negative cue - likely a non-ambience complaint,weak,1
hadyelsahar/ar_res_reviews:6920,hard_negative_candidate,,,False,True,,,,مبالغ فيه,0.0,unreviewed,multi-word hard-negative phrase present - confirmed non-ambience,weak,1
hadyelsahar/ar_res_reviews:6924,hard_negative_candidate,seating_comfort,seating_comfort | general_place_vibe,True,True,الطاوله | المطعم,,الطاولات | الطاوله | المطعم,الاكل | السعر,3.6,unreviewed,ambience-words present alongside hard-negative cue - likely a non-ambience complaint,weak,1
hadyelsahar/ar_res_reviews:6925,hard_negative_candidate,temperature_ac,general_place_vibe | temperature_ac | space_crowding,True,True,المطعم,,المطعم | حراره | ضيق,الارز,3.3,unreviewed,ambience-words present alongside hard-negative cue - likely a non-ambience complaint,weak,1
hadyelsahar/ar_res_reviews:6926,hard_negative_candidate,general_place_vibe,general_place_vibe,True,True,المطعم,,اجواء | المطعم,الاكل | السعر | غالي | ما طلبنا | مبالغ فيه,2.3,unreviewed,ambience-words present alongside hard-negative cue - likely a non-ambience complaint,weak,1
hadyelsahar/ar_res_reviews:6927,hard_negative_candidate,,,False,True,,,,مبالغ فيها | مبالغ فيه,0.0,unreviewed,multi-word hard-negative phrase present - confirmed non-ambience,weak,1
hadyelsahar/ar_res_reviews:6947,hard_negative_candidate,parking,parking | seating_comfort | general_place_vibe | space_crowding | privacy,True,True,الطاوله | المطعم | حاره,,الدخول | الطاولات | الطاوله | المطعم | زحمه | مكشوف,الفاتوره,6.9,unreviewed,ambience-words present alongside hard-negative cue - likely a non-ambience complaint,weak,1
hadyelsahar/ar_res_reviews:6949,hard_negative_candidate,privacy,privacy | general_place_vibe,True,True,المطعم,قسم العوائل,المطعم,الاكل,3.3,unreviewed,ambience-words present alongside hard-negative cue - likely a non-ambience complaint,weak,1
hadyelsahar/ar_res_reviews:6956,hard_negative_candidate,seating_comfort,seating_comfort | general_place_vibe,True,True,المطعم,,الجلسه | المطعم,الاسعار | الاكل | الطعم,2.3,unreviewed,ambience-words present alongside hard-negative cue - likely a non-ambience complaint,weak,0
hadyelsahar/ar_res_reviews:6958,hard_negative_candidate,lighting,lighting | general_place_vibe | noise_music,True,True,المطعم | المكان,اضاءه خافته,الاضاءه | الجو | المطعم | المكان | موسيقي,غالي,7.6,unreviewed,ambience-words present alongside hard-negative cue - likely a non-ambience complaint,weak,1
hadyelsahar/ar_res_reviews:6962,hard_negative_candidate,seating_comfort,seating_comfort | general_place_vibe | space_crowding,True,True,المكان,,الجلسات | المكان | ضيقه,الاسعار,3.3,unreviewed,ambience-words present alongside hard-negative cue - likely a non-ambience complaint,weak,0
hadyelsahar/ar_res_reviews:6963,hard_negative_candidate,decor_furniture,decor_furniture | general_place_vibe,True,True,المطعم,,الديكور | المطعم,الاسعار | الاكل,2.3,unreviewed,ambience-words present alongside hard-negative cue - likely a non-ambience complaint,weak,1
hadyelsahar/ar_res_reviews:6964,hard_negative_candidate,decor_furniture,decor_furniture | general_place_vibe,True,True,المطعم,,الديكور | المطعم,الطعام | طعمه,2.3,unreviewed,ambience-words present alongside hard-negative cue - likely a non-ambience complaint,weak,1
hadyelsahar/ar_res_reviews:6965,hard_negative_candidate,seating_comfort,seating_comfort | general_place_vibe,True,True,المطعم,,الجلسات | المطعم,الاكل | غالي,2.3,unreviewed,ambience-words present alongside hard-negative cue - likely a non-ambience complaint,weak,1
hadyelsahar/ar_res_reviews:6967,hard_negative_candidate,temperature_ac,decor_furniture | general_place_vibe | temperature_ac,True,True,المطعم | حار,,الديكور | المطعم | حار,الرز | الطعم,3.6,unreviewed,ambience-words present alongside hard-negative cue - likely a non-ambience complaint,weak,1
hadyelsahar/ar_res_reviews:6970,hard_negative_candidate,general_place_vibe,general_place_vibe,True,True,المطعم,,المطعم,الاسعار | الدجاج | الطعم | ما طلبت,1.3,unreviewed,multi-word hard-negative phrase present - confirmed non-ambience,weak,0
hadyelsahar/ar_res_reviews:6971,hard_negative_candidate,,,False,True,,,,الطعم | بدون صوص,0.0,unreviewed,multi-word hard-negative phrase present - confirmed non-ambience,weak,1
hadyelsahar/ar_res_reviews:6985,hard_negative_candidate,seating_comfort,seating_comfort | privacy,True,True,,,الجلسات | عوايل,الاكل,2.0,unreviewed,ambience-words present alongside hard-negative cue - likely a non-ambience complaint,weak,1
hadyelsahar/ar_res_reviews:6999,hard_negative_candidate,seating_comfort,seating_comfort,True,True,,,بارتشن,الاكل | مبالغ فيها | مبالغ فيه,1.0,unreviewed,ambience-words present alongside hard-negative cue - likely a non-ambience complaint,weak,0
hadyelsahar/ar_res_reviews:7002,hard_negative_candidate,seating_comfort,seating_comfort,True,True,,,الجلسات,الاكل | غالي,1.0,unreviewed,ambience-words present alongside hard-negative cue - likely a non-ambience complaint,weak,1
hadyelsahar/ar_res_reviews:7003,hard_negative_candidate,seating_comfort,seating_comfort | general_place_vibe,True,True,المطعم,,الجلسات | المطعم | رايق,طعمه,3.3,unreviewed,ambience-words present alongside hard-negative cue - likely a non-ambience complaint,weak,1
hadyelsahar/ar_res_reviews:7004,hard_negative_candidate,decor_furniture,general_place_vibe | decor_furniture,True,True,المطعم,,الجو | الديكور | المطعم,الاسعار | الاكل,3.3,unreviewed,ambience-words present alongside hard-negative cue - likely a non-ambience complaint,weak,1
hadyelsahar/ar_res_reviews:7012,hard_negative_candidate,space_crowding,general_place_vibe | space_crowding,True,True,المطعم,,المطعم | زحمه,وقت طويل,2.3,unreviewed,ambience-words present alongside hard-negative cue - likely a non-ambience complaint,weak,1
hadyelsahar/ar_res_reviews:7017,hard_negative_candidate,space_crowding,general_place_vibe | space_crowding,True,True,المطعم | المكان,,المطعم | المكان | زحمه,البرجر | تاخر الطلب,3.6,unreviewed,ambience-words present alongside hard-negative cue - likely a non-ambience complaint,weak,1
hadyelsahar/ar_res_reviews:7018,hard_negative_candidate,space_crowding,general_place_vibe | space_crowding,True,True,المطعم | المكان,,المطعم | المكان | زحمه,البرجر | تاخر الطلب,3.6,unreviewed,ambience-words present alongside hard-negative cue - likely a non-ambience complaint,weak,1
hadyelsahar/ar_res_reviews:7039,hard_negative_candidate,seating_comfort,seating_comfort | general_place_vibe,True,True,المطعم,,الجلسات | المطعم,الاكل,2.3,unreviewed,ambience-words present alongside hard-negative cue - likely a non-ambience complaint,weak,1
hadyelsahar/ar_res_reviews:7044,hard_negative_candidate,decor_furniture,decor_furniture | general_place_vibe,True,True,المكان,,الديكور | المكان,طعمه,2.3,unreviewed,ambience-words present alongside hard-negative cue - likely a non-ambience complaint,weak,1
hadyelsahar/ar_res_reviews:7070,hard_negative_candidate,seating_comfort,seating_comfort | general_place_vibe,True,True,المطعم,,الكراسي | المطعم,الاكل | الكاشير,2.3,unreviewed,ambience-words present alongside hard-negative cue - likely a non-ambience complaint,weak,1
hadyelsahar/ar_res_reviews:7071,hard_negative_candidate,decor_furniture,decor_furniture | general_place_vibe,True,True,المطعم | المكان,,الديكور | المطعم | المكان,الاسعار | الاكل | الطعام | مبالغ فيها | مبالغ فيه,3.6,unreviewed,ambience-words present alongside hard-negative cue - likely a non-ambience complaint,weak,0
hadyelsahar/ar_res_reviews:7072,hard_negative_candidate,seating_comfort,seating_comfort | decor_furniture | general_place_vibe,True,True,المطعم,,الجلسات | الديكور | المطعم,الاسعار | الاكل | السعر | النادل | انتظرنا | خطا,3.3,unreviewed,ambience-words present alongside hard-negative cue - likely a non-ambience complaint,weak,0
hadyelsahar/ar_res_reviews:7073,hard_negative_candidate,seating_comfort,seating_comfort,True,True,,,الجلسه,مبالغ فيها | مبالغ فيه,1.0,unreviewed,ambience-words present alongside hard-negative cue - likely a non-ambience complaint,weak,0
hadyelsahar/ar_res_reviews:7074,hard_negative_candidate,privacy,privacy | seating_comfort,True,True,الطاوله | متسخه,قسم العوائل,الطاوله,الاكل | الخبز | الوجبه,3.6,unreviewed,ambience-words present alongside hard-negative cue - likely a non-ambience complaint,weak,1
hadyelsahar/ar_res_reviews:7079,hard_negative_candidate,seating_comfort,seating_comfort | general_place_vibe,True,True,المطعم,,الجلسات | المطعم,السعر | الطعام,2.3,unreviewed,ambience-words present alongside hard-negative cue - likely a non-ambience complaint,weak,0
hadyelsahar/ar_res_reviews:7082,hard_negative_candidate,privacy,privacy | general_place_vibe,True,True,المطعم | المكان,قسم العوائل,المطعم | المكان,الطعام,4.6,unreviewed,ambience-words present alongside hard-negative cue - likely a non-ambience complaint,weak,1
hadyelsahar/ar_res_reviews:7085,hard_negative_candidate,seating_comfort,seating_comfort,True,True,,,الجلسات,الاكل,1.0,unreviewed,ambience-words present alongside hard-negative cue - likely a non-ambience complaint,weak,1
hadyelsahar/ar_res_reviews:7100,hard_negative_candidate,parking,general_place_vibe | parking,True,True,المطعم,,المطعم | المواقف,الاسعار | الشاورما,2.3,unreviewed,ambience-words present alongside hard-negative cue - likely a non-ambience complaint,weak,1
hadyelsahar/ar_res_reviews:7102,hard_negative_candidate,parking,parking,True,True,,,المواقف,الشاورما,1.0,unreviewed,ambience-words present alongside hard-negative cue - likely a non-ambience complaint,weak,1
hadyelsahar/ar_res_reviews:7108,hard_negative_candidate,space_crowding,general_place_vibe | space_crowding,True,True,الفرع,,الفرع | هادي,الاكل | الخبز | الدجاج | الرز,2.3,unreviewed,ambience-words present alongside hard-negative cue - likely a non-ambience complaint,weak,1
hadyelsahar/ar_res_reviews:7117,hard_negative_candidate,decor_furniture,decor_furniture | general_place_vibe,True,True,المكان,,الديكور | المكان,الاسعار | الطعم | غاليه,2.3,unreviewed,ambience-words present alongside hard-negative cue - likely a non-ambience complaint,weak,1
hadyelsahar/ar_res_reviews:7135,hard_negative_candidate,parking,general_place_vibe | parking,True,True,المحل,,المحل | موقف,بطء,2.3,unreviewed,ambience-words present alongside hard-negative cue - likely a non-ambience complaint,weak,1
hadyelsahar/ar_res_reviews:7171,hard_negative_candidate,temperature_ac,privacy | general_place_vibe | temperature_ac | seating_comfort,True,True,المطعم | بارد,قسم العوائل,المطعم | بارد | طاوله,الاكل | اللحم,5.6,unreviewed,ambience-words present alongside hard-negative cue - likely a non-ambience complaint,weak,0
hadyelsahar/ar_res_reviews:7173,hard_negative_candidate,decor_furniture,decor_furniture | parking,True,True,,,الديكور | المواقف,اسلوب | الاسعار | اللحم | ما يستاهل,2.0,unreviewed,ambience-words present alongside hard-negative cue - likely a non-ambience complaint,weak,0
hadyelsahar/ar_res_reviews:7175,hard_negative_candidate,temperature_ac,smell | general_place_vibe | temperature_ac | space_crowding,True,True,المكان | بارد | ريحه,ريحه المكان | ريحه قلي,المكان | بارد | ريحه | زحمه,البرجر | الاكل بارد,8.9,unreviewed,ambience-words present alongside hard-negative cue - likely a non-ambience complaint,weak,0
hadyelsahar/ar_res_reviews:7184,hard_negative_candidate,privacy,privacy | general_place_vibe | smell,True,True,المطعم | عاليه,قسم العوائل,الجو | المطعم | دخان | عوائل,البرجر | البطاطس | السعر | الطعام | الكاشير | اللحم | الوجبه | طعمه | طلبات | غالي,6.6,unreviewed,ambience-words present alongside hard-negative cue - likely a non-ambience complaint,weak,1
hadyelsahar/ar_res_reviews:7185,hard_negative_candidate,privacy,privacy | seating_comfort | general_place_vibe,True,True,,قسم العوائل,الطاولات | شرح | عوائل,الاسعار | البرجر | اللحم | اللحمه | الوجبه,5.0,unreviewed,ambience-words present alongside hard-negative cue - likely a non-ambience complaint,weak,1
hadyelsahar/ar_res_reviews:7187,hard_negative_candidate,,,False,True,,,,الاسعار | البرجر | تاخر الطلب,0.0,unreviewed,multi-word hard-negative phrase present - confirmed non-ambience,weak,1
hadyelsahar/ar_res_reviews:7188,hard_negative_candidate,seating_comfort,seating_comfort,True,True,,,الطاولات,البرجر,1.0,unreviewed,ambience-words present alongside hard-negative cue - likely a non-ambience complaint,weak,1
hadyelsahar/ar_res_reviews:7192,hard_negative_candidate,temperature_ac,temperature_ac,True,True,بارد,,بارد,الاكل | طلبات | الاكل بارد,1.3,unreviewed,multi-word hard-negative phrase present - confirmed non-ambience,weak,1
hadyelsahar/ar_res_reviews:7203,hard_negative_candidate,space_crowding,general_place_vibe | space_crowding,True,True,المطعم,,المطعم | ضيق,البرجر,2.3,unreviewed,ambience-words present alongside hard-negative cue - likely a non-ambience complaint,weak,1
hadyelsahar/ar_res_reviews:7204,hard_negative_candidate,,,False,True,,,,الاسعار | الطعم | مبالغ فيها | مبالغ فيه,0.0,unreviewed,multi-word hard-negative phrase present - confirmed non-ambience,weak,0
hadyelsahar/ar_res_reviews:7213,hard_negative_candidate,temperature_ac,privacy | seating_comfort | general_place_vibe | temperature_ac,True,True,المطعم | حار | قديمه,,افراد | الجلسات | الطاولات | المطعم | حار,الاسعار | الاكل,5.9,unreviewed,ambience-words present alongside hard-negative cue - likely a non-ambience complaint,weak,0
hadyelsahar/ar_res_reviews:7214,hard_negative_candidate,privacy,privacy | general_place_vibe,True,True,الفرع | المحل | المطعم | المكان,قسم العوائل,الفرع | المحل | المطعم | المكان | رايق,الاكل | الخبز,8.2,unreviewed,ambience-words present alongside hard-negative cue - likely a non-ambience complaint,weak,1
hadyelsahar/ar_res_reviews:7215,hard_negative_candidate,general_place_vibe,general_place_vibe,True,True,المطعم,,المطعم,مبالغ فيها | مبالغ فيه,1.3,unreviewed,multi-word hard-negative phrase present - confirmed non-ambience,weak,0
hadyelsahar/ar_res_reviews:7217,hard_negative_candidate,decor_furniture,decor_furniture | parking | general_place_vibe,True,True,المكان,,الاثاث | المدخل | المكان,الاسعار | غاليه,3.3,unreviewed,ambience-words present alongside hard-negative cue - likely a non-ambience complaint,weak,1
hadyelsahar/ar_res_reviews:7220,hard_negative_candidate,noise_music,noise_music,True,True,,,ازعاج,الاكل,1.0,unreviewed,ambience-words present alongside hard-negative cue - likely a non-ambience complaint,weak,1
hadyelsahar/ar_res_reviews:7225,hard_negative_candidate,,,False,True,,,,مبالغ فيها | مبالغ فيه,0.0,unreviewed,multi-word hard-negative phrase present - confirmed non-ambience,weak,1
hadyelsahar/ar_res_reviews:7249,hard_negative_candidate,space_crowding,general_place_vibe | space_crowding,True,True,المطعم,,الجو | المطعم | زحمه,السعر | طلبات,3.3,unreviewed,ambience-words present alongside hard-negative cue - likely a non-ambience complaint,weak,1
hadyelsahar/ar_res_reviews:7261,hard_negative_candidate,seating_comfort,seating_comfort | general_place_vibe | outdoor_view | space_crowding,True,True,الطاوله | المطعم | المكان | بره,,الطاوله | المطعم | المكان | بره | ضيق,الاكل,6.2,unreviewed,ambience-words present alongside hard-negative cue - likely a non-ambience complaint,weak,1
hadyelsahar/ar_res_reviews:7262,hard_negative_candidate,privacy,privacy | general_place_vibe | space_crowding,True,True,المحل | المطعم,قسم العوائل,المحل | المطعم | مكتوم,الاكل,5.6,unreviewed,ambience-words present alongside hard-negative cue - likely a non-ambience complaint,weak,1
hadyelsahar/ar_res_reviews:7263,hard_negative_candidate,decor_furniture,decor_furniture | general_place_vibe | space_crowding,True,True,المكان,,الديكور | المكان | ضيق,الاسعار | الاكل | مبالغ فيها | مبالغ فيه,3.3,unreviewed,ambience-words present alongside hard-negative cue - likely a non-ambience complaint,weak,1
hadyelsahar/ar_res_reviews:7264,hard_negative_candidate,general_place_vibe,general_place_vibe,True,True,المكان,,المكان,الاسعار | الاكل | مبالغ فيها | مبالغ فيه,1.3,unreviewed,multi-word hard-negative phrase present - confirmed non-ambience,weak,0
hadyelsahar/ar_res_reviews:7266,hard_negative_candidate,space_crowding,space_crowding,True,True,,,فاضي,البرجر | الطعم | ني,1.0,unreviewed,ambience-words present alongside hard-negative cue - likely a non-ambience complaint,weak,0
hadyelsahar/ar_res_reviews:7268,hard_negative_candidate,general_place_vibe,general_place_vibe,True,True,المطعم,,المطعم,مبالغ فيه,1.3,unreviewed,multi-word hard-negative phrase present - confirmed non-ambience,weak,1
hadyelsahar/ar_res_reviews:7274,hard_negative_candidate,decor_furniture,decor_furniture | general_place_vibe,True,True,المطعم,,الديكور | المطعم,الاكل,2.3,unreviewed,ambience-words present alongside hard-negative cue - likely a non-ambience complaint,weak,1
hadyelsahar/ar_res_reviews:7292,hard_negative_candidate,general_place_vibe,general_place_vibe,True,True,,,الجو,غالي,1.0,unreviewed,ambience-words present alongside hard-negative cue - likely a non-ambience complaint,weak,1
hadyelsahar/ar_res_reviews:7294,hard_negative_candidate,,,False,True,,,,مبالغ فيها | مبالغ فيه,0.0,unreviewed,multi-word hard-negative phrase present - confirmed non-ambience,weak,0
hadyelsahar/ar_res_reviews:7298,hard_negative_candidate,seating_comfort,seating_comfort | general_place_vibe,True,True,المطعم,,الجلسات | المطعم,الطعم | غاليه | ما يستاهل,2.3,unreviewed,ambience-words present alongside hard-negative cue - likely a non-ambience complaint,weak,0
hadyelsahar/ar_res_reviews:7313,hard_negative_candidate,seating_comfort,seating_comfort,True,True,,,الجلسات,السعر | طعمه,1.0,unreviewed,ambience-words present alongside hard-negative cue - likely a non-ambience complaint,weak,1
hadyelsahar/ar_res_reviews:7316,hard_negative_candidate,space_crowding,general_place_vibe | space_crowding,True,True,المكان,,المكان | زحمه,الاكل | السعر,2.3,unreviewed,ambience-words present alongside hard-negative cue - likely a non-ambience complaint,weak,1
hadyelsahar/ar_res_reviews:7318,hard_negative_candidate,general_place_vibe,general_place_vibe,True,True,المطعم | قديم,المطعم قديم,المطعم | قديم,الاكل,4.6,unreviewed,ambience-words present alongside hard-negative cue - likely a non-ambience complaint,weak,1
hadyelsahar/ar_res_reviews:7337,hard_negative_candidate,outdoor_view,outdoor_view,True,True,,,الواجهه,الاكل | الموظفين,1.0,unreviewed,ambience-words present alongside hard-negative cue - likely a non-ambience complaint,weak,1
hadyelsahar/ar_res_reviews:7358,hard_negative_candidate,space_crowding,general_place_vibe | space_crowding,True,True,الفرع | المحل | المطعم,,الفرع | المحل | المطعم | زحمه,الدجاج | اللحم,4.9,unreviewed,ambience-words present alongside hard-negative cue - likely a non-ambience complaint,weak,1
hadyelsahar/ar_res_reviews:7369,hard_negative_candidate,space_crowding,general_place_vibe | space_crowding,True,True,المطعم | المكان,,المطعم | المكان | مزدحم,الاسعار | الاكل | الدجاج | الرز | اللحم,3.6,unreviewed,ambience-words present alongside hard-negative cue - likely a non-ambience complaint,weak,0
hadyelsahar/ar_res_reviews:7375,hard_negative_candidate,,,False,True,,,,مبالغ فيها | مبالغ فيه,0.0,unreviewed,multi-word hard-negative phrase present - confirmed non-ambience,weak,1
hadyelsahar/ar_res_reviews:7388,hard_negative_candidate,space_crowding,space_crowding,True,True,,,زحمه | فاضي,الاكل,2.0,unreviewed,ambience-words present alongside hard-negative cue - likely a non-ambience complaint,weak,1
hadyelsahar/ar_res_reviews:7422,hard_negative_candidate,seating_comfort,seating_comfort | decor_furniture | space_crowding,True,True,,,الجلسه | الديكور | زحمه,الاسعار | الطعام,3.0,unreviewed,ambience-words present alongside hard-negative cue - likely a non-ambience complaint,weak,1
hadyelsahar/ar_res_reviews:7423,hard_negative_candidate,space_crowding,general_place_vibe | space_crowding,True,True,المطعم,,المطعم | مزدحم,تاخر الطلب,2.3,unreviewed,ambience-words present alongside hard-negative cue - likely a non-ambience complaint,weak,1
hadyelsahar/ar_res_reviews:7432,hard_negative_candidate,parking,parking,True,True,,,الطلعه,الرز | الطعم | الوجبه,1.0,unreviewed,ambience-words present alongside hard-negative cue - likely a non-ambience complaint,weak,1
hadyelsahar/ar_res_reviews:7439,hard_negative_candidate,decor_furniture,decor_furniture,True,True,,,الديكور,الاسعار | مبالغ فيها | مبالغ فيه,1.0,unreviewed,ambience-words present alongside hard-negative cue - likely a non-ambience complaint,weak,1
hadyelsahar/ar_res_reviews:7440,hard_negative_candidate,temperature_ac,general_place_vibe | temperature_ac,True,True,المطعم | بارد,,المطعم | بارد,الاسعار | مبالغ فيها | الاكل بارد | مبالغ فيه,2.6,unreviewed,multi-word hard-negative phrase present - confirmed non-ambience,weak,0
hadyelsahar/ar_res_reviews:7443,hard_negative_candidate,,,False,True,,,,الاسعار | مبالغ فيها | مبالغ فيه,0.0,unreviewed,multi-word hard-negative phrase present - confirmed non-ambience,weak,1
hadyelsahar/ar_res_reviews:7452,hard_negative_candidate,decor_furniture,decor_furniture,True,True,عاليه,,الديكور,الاسعار | الدجاج,1.3,unreviewed,ambience-words present alongside hard-negative cue - likely a non-ambience complaint,weak,1
hadyelsahar/ar_res_reviews:7454,hard_negative_candidate,seating_comfort,seating_comfort | general_place_vibe,True,True,المطعم,,الجلسات | المطعم,غالي,2.3,unreviewed,ambience-words present alongside hard-negative cue - likely a non-ambience complaint,weak,1
hadyelsahar/ar_res_reviews:7456,hard_negative_candidate,seating_comfort,seating_comfort | general_place_vibe,True,True,المحل | المطعم,,الطاولات | المحل | المطعم,الطعام,3.6,unreviewed,ambience-words present alongside hard-negative cue - likely a non-ambience complaint,weak,1
hadyelsahar/ar_res_reviews:7458,hard_negative_candidate,decor_furniture,general_place_vibe | decor_furniture,True,True,,,الاجواء | الديكور,الاكل,2.0,unreviewed,ambience-words present alongside hard-negative cue - likely a non-ambience complaint,weak,1
hadyelsahar/ar_res_reviews:7459,hard_negative_candidate,seating_comfort,seating_comfort | decor_furniture,True,True,,,الجلسه | الديكور,الاكل | ما يستاهل,2.0,unreviewed,ambience-words present alongside hard-negative cue - likely a non-ambience complaint,weak,0
hadyelsahar/ar_res_reviews:7460,hard_negative_candidate,noise_music,noise_music,True,True,,,موسيقي,الاكل | السعر,1.0,unreviewed,ambience-words present alongside hard-negative cue - likely a non-ambience complaint,weak,1
hadyelsahar/ar_res_reviews:7462,hard_negative_candidate,decor_furniture,general_place_vibe | decor_furniture,True,True,المكان,,الجو | الديكور | المكان,الاكل | الفاتوره,3.3,unreviewed,ambience-words present alongside hard-negative cue - likely a non-ambience complaint,weak,1
hadyelsahar/ar_res_reviews:7469,hard_negative_candidate,parking,parking,True,True,,,مواقف,الاكل,1.0,unreviewed,ambience-words present alongside hard-negative cue - likely a non-ambience complaint,weak,0
hadyelsahar/ar_res_reviews:7473,hard_negative_candidate,decor_furniture,decor_furniture | general_place_vibe,True,True,المطعم,,الديكور | المطعم,الاسعار | الطعم,2.3,unreviewed,ambience-words present alongside hard-negative cue - likely a non-ambience complaint,weak,1
hadyelsahar/ar_res_reviews:7475,hard_negative_candidate,decor_furniture,decor_furniture | general_place_vibe | space_crowding,True,True,المحل | المطعم,,الديكور | المحل | المطعم | زحمه,طعمه,4.6,unreviewed,ambience-words present alongside hard-negative cue - likely a non-ambience complaint,weak,1
hadyelsahar/ar_res_reviews:7506,hard_negative_candidate,general_place_vibe,general_place_vibe,True,True,المطعم,,الجو | المطعم,الاكل | السعر | طعمه | مبالغ فيها | مبالغ فيه,2.3,unreviewed,ambience-words present alongside hard-negative cue - likely a non-ambience complaint,weak,1
hadyelsahar/ar_res_reviews:7507,hard_negative_candidate,decor_furniture,decor_furniture | general_place_vibe,True,True,المطعم,,الديكور | المطعم,الاكل | الخبز | الدجاج | طعمها,2.3,unreviewed,ambience-words present alongside hard-negative cue - likely a non-ambience complaint,weak,0
hadyelsahar/ar_res_reviews:7512,hard_negative_candidate,outdoor_view,outdoor_view | general_place_vibe,True,True,المطعم,,الخارجي | المطعم,الاكل,2.3,unreviewed,ambience-words present alongside hard-negative cue - likely a non-ambience complaint,weak,0
hadyelsahar/ar_res_reviews:7518,hard_negative_candidate,seating_comfort,seating_comfort | space_crowding,True,True,الطاوله,,الجلسات | الطاوله | ضيقه,الاسعار | الاكل | غاليه,3.3,unreviewed,ambience-words present alongside hard-negative cue - likely a non-ambience complaint,weak,0
hadyelsahar/ar_res_reviews:7519,hard_negative_candidate,decor_furniture,decor_furniture | general_place_vibe,True,True,المطعم,,الديكور | المطعم,الاكل,2.3,unreviewed,ambience-words present alongside hard-negative cue - likely a non-ambience complaint,weak,0
hadyelsahar/ar_res_reviews:7532,hard_negative_candidate,temperature_ac,lighting | temperature_ac,True,True,بارد,,النور | بارد,الاكل | البطاطس | السعر | الوجبه,2.3,unreviewed,ambience-words present alongside hard-negative cue - likely a non-ambience complaint,weak,0
hadyelsahar/ar_res_reviews:7546,hard_negative_candidate,seating_comfort,seating_comfort,True,True,,,فاصل,الخبز | الدجاج | الرز | الطعام,1.0,unreviewed,ambience-words present alongside hard-negative cue - likely a non-ambience complaint,weak,0
hadyelsahar/ar_res_reviews:7548,hard_negative_candidate,general_place_vibe,general_place_vibe,True,True,المطعم,,المطعم,وقت طويل,1.3,unreviewed,multi-word hard-negative phrase present - confirmed non-ambience,weak,0
hadyelsahar/ar_res_reviews:7553,hard_negative_candidate,decor_furniture,general_place_vibe | decor_furniture,True,True,المكان | قديم,,الجو | الديكور | المكان | قديم,الطعام,4.6,unreviewed,ambience-words present alongside hard-negative cue - likely a non-ambience complaint,weak,1
hadyelsahar/ar_res_reviews:7554,hard_negative_candidate,decor_furniture,decor_furniture,True,True,,,الديكور,الكاشير,1.0,unreviewed,ambience-words present alongside hard-negative cue - likely a non-ambience complaint,weak,0
hadyelsahar/ar_res_reviews:7575,hard_negative_candidate,,,False,True,,,,السعر | مبالغ فيه,0.0,unreviewed,multi-word hard-negative phrase present - confirmed non-ambience,weak,0
hadyelsahar/ar_res_reviews:7576,hard_negative_candidate,parking,general_place_vibe | parking | seating_comfort,True,True,المطعم,,المطعم | المواقف | طاوله | مواقف,الاكل,4.3,unreviewed,ambience-words present alongside hard-negative cue - likely a non-ambience complaint,weak,1
hadyelsahar/ar_res_reviews:7579,hard_negative_candidate,temperature_ac,temperature_ac,True,True,بارد,,بارد,الاكل | الاكل بارد,1.3,unreviewed,multi-word hard-negative phrase present - confirmed non-ambience,weak,0
hadyelsahar/ar_res_reviews:7584,hard_negative_candidate,seating_comfort,general_place_vibe | seating_comfort | space_crowding,True,True,المطعم,,المطعم | طاوله | مزدحم | مقفل,الاكل | الخبز,4.3,unreviewed,ambience-words present alongside hard-negative cue - likely a non-ambience complaint,weak,0
hadyelsahar/ar_res_reviews:7586,hard_negative_candidate,temperature_ac,seating_comfort | general_place_vibe | temperature_ac,True,True,حار,,الجلسات | الجو | حار,الاسعار | الخبز,3.3,unreviewed,ambience-words present alongside hard-negative cue - likely a non-ambience complaint,weak,1
hadyelsahar/ar_res_reviews:7588,hard_negative_candidate,general_place_vibe,general_place_vibe,True,True,المطعم,,المطعم,اسلوب | الدجاج | طعمها | طلبات | ما طلبت,1.3,unreviewed,multi-word hard-negative phrase present - confirmed non-ambience,weak,0
hadyelsahar/ar_res_reviews:7592,hard_negative_candidate,temperature_ac,temperature_ac | seating_comfort,True,True,,,التكييف | الطاولات | الكراسي,الاسعار | الخبز | الطعام | الطعم | النكهه | ناقصه,3.0,unreviewed,ambience-words present alongside hard-negative cue - likely a non-ambience complaint,weak,0
hadyelsahar/ar_res_reviews:7594,hard_negative_candidate,space_crowding,general_place_vibe | space_crowding,True,True,الفرع | المكان,,الفرع | المكان | ضيق,الاكل | الطعم,3.6,unreviewed,ambience-words present alongside hard-negative cue - likely a non-ambience complaint,weak,1
hadyelsahar/ar_res_reviews:7612,hard_negative_candidate,general_place_vibe,general_place_vibe,True,True,المكان,,الجو | المكان,الاسعار,2.3,unreviewed,ambience-words present alongside hard-negative cue - likely a non-ambience complaint,weak,1
hadyelsahar/ar_res_reviews:7618,hard_negative_candidate,general_place_vibe,general_place_vibe,True,True,,,الجو,طعمها,1.0,unreviewed,ambience-words present alongside hard-negative cue - likely a non-ambience complaint,weak,1
hadyelsahar/ar_res_reviews:7638,hard_negative_candidate,space_crowding,general_place_vibe | space_crowding,True,True,المطعم,,المطعم | زحمه,التوصيل,2.3,unreviewed,ambience-words present alongside hard-negative cue - likely a non-ambience complaint,weak,1
hadyelsahar/ar_res_reviews:7640,hard_negative_candidate,temperature_ac,privacy | general_place_vibe | parking | temperature_ac,True,True,المطعم | المكان | حار,,افراد | المطعم | المكان | المواقف | حار | عوائل,الاسعار | غاليه,6.9,unreviewed,ambience-words present alongside hard-negative cue - likely a non-ambience complaint,weak,1
hadyelsahar/ar_res_reviews:7642,hard_negative_candidate,temperature_ac,decor_furniture | general_place_vibe | temperature_ac | seating_comfort,True,True,المطعم | حار,,الديكور | المطعم | حار | طاوله,الخبز | الرز | السلطه | الطعام,4.6,unreviewed,ambience-words present alongside hard-negative cue - likely a non-ambience complaint,weak,0
hadyelsahar/ar_res_reviews:7643,hard_negative_candidate,seating_comfort,seating_comfort | general_place_vibe,True,True,المطعم,,الطاولات | المطعم,الاكل,2.3,unreviewed,ambience-words present alongside hard-negative cue - likely a non-ambience complaint,weak,0
hadyelsahar/ar_res_reviews:7644,hard_negative_candidate,general_place_vibe,general_place_vibe,True,True,المطعم,,الجو | المطعم,الاسعار | الرز | الطعام,2.3,unreviewed,ambience-words present alongside hard-negative cue - likely a non-ambience complaint,weak,1
hadyelsahar/ar_res_reviews:7645,hard_negative_candidate,seating_comfort,general_place_vibe | seating_comfort | noise_music | space_crowding,True,True,المكان,,الجو | المكان | بارتشن | رايق | موسيقي | هادي,الاسعار,6.3,unreviewed,ambience-words present alongside hard-negative cue - likely a non-ambience complaint,weak,1
hadyelsahar/ar_res_reviews:7647,hard_negative_candidate,privacy,privacy | general_place_vibe | seating_comfort,True,True,المطعم | المكان,قسم العوائل,المطعم | المكان | طاوله,الاكل | السعر | الطعام | الطعم | طعمه | غالي | ما طلبت,5.6,unreviewed,ambience-words present alongside hard-negative cue - likely a non-ambience complaint,weak,1
hadyelsahar/ar_res_reviews:7649,hard_negative_candidate,decor_furniture,decor_furniture,True,True,,,الديكور,الاكل,1.0,unreviewed,ambience-words present alongside hard-negative cue - likely a non-ambience complaint,weak,1
hadyelsahar/ar_res_reviews:7676,hard_negative_candidate,seating_comfort,seating_comfort,True,True,,,الطاولات,الاكل,1.0,unreviewed,ambience-words present alongside hard-negative cue - likely a non-ambience complaint,weak,1
hadyelsahar/ar_res_reviews:7679,hard_negative_candidate,noise_music,noise_music | decor_furniture | general_place_vibe,True,True,قديم,,ازعاج | الديكور | قديم,طعمها,3.3,unreviewed,ambience-words present alongside hard-negative cue - likely a non-ambience complaint,weak,1
hadyelsahar/ar_res_reviews:7694,hard_negative_candidate,general_place_vibe,general_place_vibe,True,True,المطعم,,المطعم,الاكل | الموظف | مبالغ فيها | مبالغ فيه,1.3,unreviewed,multi-word hard-negative phrase present - confirmed non-ambience,weak,0
hadyelsahar/ar_res_reviews:7697,hard_negative_candidate,general_place_vibe,general_place_vibe,True,True,المكان | بارده,,المكان,الاكل | الخبز | بارد الاكل,1.6,unreviewed,multi-word hard-negative phrase present - confirmed non-ambience,weak,1
hadyelsahar/ar_res_reviews:7708,hard_negative_candidate,decor_furniture,general_place_vibe | decor_furniture,True,True,,,الاجواء | الديكور,الاسعار,2.0,unreviewed,ambience-words present alongside hard-negative cue - likely a non-ambience complaint,weak,0
hadyelsahar/ar_res_reviews:7729,hard_negative_candidate,noise_music,noise_music,True,True,,,اطفال,الاكل,1.0,unreviewed,ambience-words present alongside hard-negative cue - likely a non-ambience complaint,weak,1
hadyelsahar/ar_res_reviews:7749,hard_negative_candidate,outdoor_view,outdoor_view | general_place_vibe | space_crowding,True,True,المطعم,,الاطلاله | المطعم | هادي,البيتزا,3.3,unreviewed,ambience-words present alongside hard-negative cue - likely a non-ambience complaint,weak,1
hadyelsahar/ar_res_reviews:7751,hard_negative_candidate,seating_comfort,seating_comfort | general_place_vibe,True,True,المطعم | زيت,,الجلسه | المطعم,الرز,2.6,unreviewed,ambience-words present alongside hard-negative cue - likely a non-ambience complaint,weak,0
hadyelsahar/ar_res_reviews:7762,hard_negative_candidate,seating_comfort,seating_comfort | general_place_vibe,True,True,المحل,,الجلسات | المحل,الاسعار | الطعم | الكاشير,2.3,unreviewed,ambience-words present alongside hard-negative cue - likely a non-ambience complaint,weak,1
hadyelsahar/ar_res_reviews:7770,hard_negative_candidate,space_crowding,general_place_vibe | space_crowding | parking,True,True,المحل | المكان,,المحل | المكان | ضيق | مواقف,الاكل,4.6,unreviewed,ambience-words present alongside hard-negative cue - likely a non-ambience complaint,weak,0
hadyelsahar/ar_res_reviews:7773,hard_negative_candidate,space_crowding,space_crowding | parking,True,True,,,فاضي | مواقف,البطاطس | اللحم,2.0,unreviewed,ambience-words present alongside hard-negative cue - likely a non-ambience complaint,weak,1
hadyelsahar/ar_res_reviews:7775,hard_negative_candidate,parking,parking,True,True,,,موقف,الخبز | غلط,1.0,unreviewed,ambience-words present alongside hard-negative cue - likely a non-ambience complaint,weak,1
hadyelsahar/ar_res_reviews:7779,hard_negative_candidate,parking,general_place_vibe | parking | privacy,True,True,المطعم,,الجو | الدخول | المطعم | خصوصيه,الخبز | الطعام | الطعم | الوجبه,4.3,unreviewed,ambience-words present alongside hard-negative cue - likely a non-ambience complaint,weak,1
hadyelsahar/ar_res_reviews:7781,hard_negative_candidate,noise_music,general_place_vibe | noise_music,True,True,المطعم,,المطعم | موسيقي,الاسعار | الاكل | غاليه,2.3,unreviewed,ambience-words present alongside hard-negative cue - likely a non-ambience complaint,weak,1
hadyelsahar/ar_res_reviews:7785,hard_negative_candidate,,,False,True,,,,الطعم | مبالغ فيها | مبالغ فيه,0.0,unreviewed,multi-word hard-negative phrase present - confirmed non-ambience,weak,0
hadyelsahar/ar_res_reviews:7787,hard_negative_candidate,seating_comfort,seating_comfort,True,True,,,طاوله,الاكل,1.0,unreviewed,ambience-words present alongside hard-negative cue - likely a non-ambience complaint,weak,1
hadyelsahar/ar_res_reviews:7788,hard_negative_candidate,general_place_vibe,general_place_vibe,True,True,المطعم,,المطعم,الاكل | السلطه | ما يستاهل,1.3,unreviewed,multi-word hard-negative phrase present - confirmed non-ambience,weak,0
hadyelsahar/ar_res_reviews:7791,hard_negative_candidate,privacy,general_place_vibe | privacy,True,True,المطعم,,المطعم | عوائل,الاسعار | البرجر | البطاطس,2.3,unreviewed,ambience-words present alongside hard-negative cue - likely a non-ambience complaint,weak,1
hadyelsahar/ar_res_reviews:7793,hard_negative_candidate,noise_music,noise_music,True,True,,,مزعج,البرجر | الطعام | الوجبه,1.0,unreviewed,ambience-words present alongside hard-negative cue - likely a non-ambience complaint,weak,0
hadyelsahar/ar_res_reviews:7798,hard_negative_candidate,outdoor_view,outdoor_view | general_place_vibe,True,True,المطعم | عاليه,,اطلاله | المطعم,الاكل,2.6,unreviewed,ambience-words present alongside hard-negative cue - likely a non-ambience complaint,weak,1
hadyelsahar/ar_res_reviews:7804,hard_negative_candidate,decor_furniture,decor_furniture | seating_comfort | general_place_vibe,True,True,الطاوله | المطعم,,الديكور | الطاوله | المطعم,الاكل | الدجاج | طعمه | طعمها,3.6,unreviewed,ambience-words present alongside hard-negative cue - likely a non-ambience complaint,weak,0
hadyelsahar/ar_res_reviews:7806,hard_negative_candidate,seating_comfort,seating_comfort | general_place_vibe,True,True,المطعم | المكان | عاليه,,الجلسات | المطعم | المكان,الاكل | الطعام,3.9,unreviewed,ambience-words present alongside hard-negative cue - likely a non-ambience complaint,weak,0
hadyelsahar/ar_res_reviews:7808,hard_negative_candidate,outdoor_view,outdoor_view | general_place_vibe | seating_comfort | parking | temperature_ac,True,True,المطعم | المكان,جلسات خارجيه,الاجواء | الجلسات | الجلسه | الجو | الدخول | المطعم | المكان | حراره,الاسعار | الطعام | طعمه | غالي | ما طلبت,10.6,unreviewed,ambience-words present alongside hard-negative cue - likely a non-ambience complaint,weak,0
hadyelsahar/ar_res_reviews:7814,hard_negative_candidate,privacy,privacy | decor_furniture | general_place_vibe,True,True,المطعم,قسم العوائل,الديكور | المطعم,الاكل | السعر,4.3,unreviewed,ambience-words present alongside hard-negative cue - likely a non-ambience complaint,weak,1
hadyelsahar/ar_res_reviews:7816,hard_negative_candidate,seating_comfort,seating_comfort | general_place_vibe | noise_music | parking,True,True,المطعم,,الجلسات | المطعم | مزعج | موقف,الطعام,4.3,unreviewed,ambience-words present alongside hard-negative cue - likely a non-ambience complaint,weak,1
hadyelsahar/ar_res_reviews:7821,hard_negative_candidate,space_crowding,general_place_vibe | space_crowding,True,True,المطعم,,المطعم | زحمه | فاضي,الفاتوره | طعمها,3.3,unreviewed,ambience-words present alongside hard-negative cue - likely a non-ambience complaint,weak,0
hadyelsahar/ar_res_reviews:7823,hard_negative_candidate,temperature_ac,decor_furniture | general_place_vibe | temperature_ac,True,True,المطعم | بارد | عاليه,,الديكور | المطعم | بارد | حراره,الاسعار | الطعام | الموظف,4.9,unreviewed,ambience-words present alongside hard-negative cue - likely a non-ambience complaint,weak,1
hadyelsahar/ar_res_reviews:7828,hard_negative_candidate,decor_furniture,decor_furniture | general_place_vibe | seating_comfort,True,True,المطعم,,الجدران | المطعم | طاوله,الاكل | الطعم | طعمه | مبالغ فيه,3.3,unreviewed,ambience-words present alongside hard-negative cue - likely a non-ambience complaint,weak,1
hadyelsahar/ar_res_reviews:7833,hard_negative_candidate,decor_furniture,decor_furniture,True,True,,,الديكور,الطعم,1.0,unreviewed,ambience-words present alongside hard-negative cue - likely a non-ambience complaint,weak,0
hadyelsahar/ar_res_reviews:7847,hard_negative_candidate,parking,parking | general_place_vibe,True,True,المطعم | زيت,,الدخول | المطعم | المواقف,الاسعار | الاكل | السلطه | طعمه,3.6,unreviewed,ambience-words present alongside hard-negative cue - likely a non-ambience complaint,weak,0
hadyelsahar/ar_res_reviews:7848,hard_negative_candidate,privacy,privacy | seating_comfort | general_place_vibe | parking,True,True,المطعم,قسم العوائل,الطاولات | المطعم | مواقف,الاكل | السعر | الطعام,5.3,unreviewed,ambience-words present alongside hard-negative cue - likely a non-ambience complaint,weak,0
hadyelsahar/ar_res_reviews:7852,hard_negative_candidate,noise_music,noise_music | parking | general_place_vibe,True,True,المطعم,,اطفال | الطلعه | المطعم,البطاطس,3.3,unreviewed,ambience-words present alongside hard-negative cue - likely a non-ambience complaint,weak,1
hadyelsahar/ar_res_reviews:7854,hard_negative_candidate,temperature_ac,general_place_vibe | temperature_ac,True,True,الفرع | المكان,,الفرع | المكان | المكيفات,الاسعار | الاكل,3.6,unreviewed,ambience-words present alongside hard-negative cue - likely a non-ambience complaint,weak,0
hadyelsahar/ar_res_reviews:7861,hard_negative_candidate,temperature_ac,temperature_ac | seating_comfort | general_place_vibe,True,True,المطعم,,التكييف | الجلسات | المطعم,الاكل | الخبز,3.3,unreviewed,ambience-words present alongside hard-negative cue - likely a non-ambience complaint,weak,0
hadyelsahar/ar_res_reviews:7871,hard_negative_candidate,decor_furniture,decor_furniture,True,True,,,الديكور,الدجاج,1.0,unreviewed,ambience-words present alongside hard-negative cue - likely a non-ambience complaint,weak,1
hadyelsahar/ar_res_reviews:7883,hard_negative_candidate,noise_music,noise_music | general_place_vibe,True,True,المطعم,,اطفال | المطعم,البيتزا | مالح,2.3,unreviewed,ambience-words present alongside hard-negative cue - likely a non-ambience complaint,weak,1
hadyelsahar/ar_res_reviews:7887,hard_negative_candidate,seating_comfort,seating_comfort | general_place_vibe,True,True,المطعم,,البارتشن | المطعم | رايق,الاكل | الخبز | النكهه,3.3,unreviewed,ambience-words present alongside hard-negative cue - likely a non-ambience complaint,weak,1
hadyelsahar/ar_res_reviews:7888,hard_negative_candidate,general_place_vibe,general_place_vibe,True,True,المكان,,المكان | رايق,الاكل | جاهز | غالي,2.3,unreviewed,ambience-words present alongside hard-negative cue - likely a non-ambience complaint,weak,0
hadyelsahar/ar_res_reviews:7894,hard_negative_candidate,space_crowding,general_place_vibe | space_crowding,True,True,المطعم,,المطعم | زحمه,الطعام,2.3,unreviewed,ambience-words present alongside hard-negative cue - likely a non-ambience complaint,weak,0
hadyelsahar/ar_res_reviews:7902,hard_negative_candidate,noise_music,general_place_vibe | noise_music,True,True,المطعم,,المطعم | موسيقي,الطعام,2.3,unreviewed,ambience-words present alongside hard-negative cue - likely a non-ambience complaint,weak,1
hadyelsahar/ar_res_reviews:7905,hard_negative_candidate,seating_comfort,seating_comfort | general_place_vibe,True,True,المطعم,,الجلسات | المطعم,الاسعار,2.3,unreviewed,ambience-words present alongside hard-negative cue - likely a non-ambience complaint,weak,1
hadyelsahar/ar_res_reviews:7906,hard_negative_candidate,general_place_vibe,general_place_vibe,True,True,حاره,,الجو,الاكل,1.3,unreviewed,ambience-words present alongside hard-negative cue - likely a non-ambience complaint,weak,1
hadyelsahar/ar_res_reviews:7909,hard_negative_candidate,parking,parking | general_place_vibe | seating_comfort,True,True,المطعم,,المدخل | المطعم | حواجز,الاسعار | البرجر,3.3,unreviewed,ambience-words present alongside hard-negative cue - likely a non-ambience complaint,weak,0
hadyelsahar/ar_res_reviews:7910,hard_negative_candidate,space_crowding,space_crowding,True,True,,,زحمه,الطعم,1.0,unreviewed,ambience-words present alongside hard-negative cue - likely a non-ambience complaint,weak,0
hadyelsahar/ar_res_reviews:7914,hard_negative_candidate,parking,general_place_vibe | parking,True,True,المطعم | عاليه,,المطعم | مواقف,الاكل,2.6,unreviewed,ambience-words present alongside hard-negative cue - likely a non-ambience complaint,weak,0
hadyelsahar/ar_res_reviews:7917,hard_negative_candidate,seating_comfort,seating_comfort | general_place_vibe,True,True,المطعم,جلسات ارضيه,المطعم,الخبز,3.3,unreviewed,ambience-words present alongside hard-negative cue - likely a non-ambience complaint,weak,1
hadyelsahar/ar_res_reviews:7920,hard_negative_candidate,privacy,privacy | seating_comfort | general_place_vibe | space_crowding,True,True,المطعم,قسم العوائل,الجلسات | المطعم | زحمه,الخبز | طلبات,5.3,unreviewed,ambience-words present alongside hard-negative cue - likely a non-ambience complaint,weak,1
hadyelsahar/ar_res_reviews:7921,hard_negative_candidate,parking,parking | seating_comfort | general_place_vibe | outdoor_view,True,True,المطعم | برا,,الدخول | الكراسي | الكرسي | المطعم | برا,الاسعار | الاكل,5.6,unreviewed,ambience-words present alongside hard-negative cue - likely a non-ambience complaint,weak,1
hadyelsahar/ar_res_reviews:7923,hard_negative_candidate,outdoor_view,outdoor_view | general_place_vibe,True,True,المطعم,,الخارجي | المطعم,الطعام,2.3,unreviewed,ambience-words present alongside hard-negative cue - likely a non-ambience complaint,weak,1
hadyelsahar/ar_res_reviews:7926,hard_negative_candidate,seating_comfort,seating_comfort | general_place_vibe,True,True,المطعم | المكان | عالي,,الجلسات | المطعم | المكان,الاكل,3.9,unreviewed,ambience-words present alongside hard-negative cue - likely a non-ambience complaint,weak,1
hadyelsahar/ar_res_reviews:7930,hard_negative_candidate,space_crowding,space_crowding | general_place_vibe,True,True,قديم,,زحمه | قديم,الاكل,2.3,unreviewed,ambience-words present alongside hard-negative cue - likely a non-ambience complaint,weak,1
hadyelsahar/ar_res_reviews:7934,hard_negative_candidate,seating_comfort,seating_comfort | general_place_vibe,True,True,المكان,,الطاولات | المكان,الاسعار | مبالغ فيها | مبالغ فيه,2.3,unreviewed,ambience-words present alongside hard-negative cue - likely a non-ambience complaint,weak,1
hadyelsahar/ar_res_reviews:7935,hard_negative_candidate,space_crowding,general_place_vibe | space_crowding,True,True,المطعم,,المطعم | زحمه,الاكل | الطعم | انتظرت,2.3,unreviewed,ambience-words present alongside hard-negative cue - likely a non-ambience complaint,weak,0
hadyelsahar/ar_res_reviews:7936,hard_negative_candidate,space_crowding,general_place_vibe | space_crowding,True,True,المطعم,,المطعم | زحمه,الاكل | الطعم | انتظرت,2.3,unreviewed,ambience-words present alongside hard-negative cue - likely a non-ambience complaint,weak,0
hadyelsahar/ar_res_reviews:7945,hard_negative_candidate,decor_furniture,decor_furniture | general_place_vibe | space_crowding,True,True,المطعم | حاره,,الديكور | المطعم | مزدحم,السعر | الطعام,3.6,unreviewed,ambience-words present alongside hard-negative cue - likely a non-ambience complaint,weak,0
hadyelsahar/ar_res_reviews:7949,hard_negative_candidate,parking,general_place_vibe | parking,True,True,المطعم,,المطعم | موقف,الاسعار | الطعام | الطعم | الوجبه,2.3,unreviewed,ambience-words present alongside hard-negative cue - likely a non-ambience complaint,weak,1
hadyelsahar/ar_res_reviews:7965,hard_negative_candidate,space_crowding,general_place_vibe | space_crowding,True,True,المطعم,,المطعم | فاضي,غاليه,2.3,unreviewed,ambience-words present alongside hard-negative cue - likely a non-ambience complaint,weak,0
hadyelsahar/ar_res_reviews:7974,hard_negative_candidate,general_place_vibe,general_place_vibe,True,True,الفرع | المطعم,,الجو | الفرع | المطعم,الاسعار | الاكل,3.6,unreviewed,ambience-words present alongside hard-negative cue - likely a non-ambience complaint,weak,1
hadyelsahar/ar_res_reviews:7975,hard_negative_candidate,parking,general_place_vibe | parking | outdoor_view,True,True,الفرع | المطعم | عاليه,,الفرع | المطعم | المواقف | الواجهه | رايق,الدجاج | الطعم | ما طلبنا,5.9,unreviewed,ambience-words present alongside hard-negative cue - likely a non-ambience complaint,weak,1
hadyelsahar/ar_res_reviews:7978,hard_negative_candidate,seating_comfort,seating_comfort,True,True,الطاوله,,الطاوله,وقت طويل,1.3,unreviewed,multi-word hard-negative phrase present - confirmed non-ambience,weak,1
hadyelsahar/ar_res_reviews:7982,hard_negative_candidate,seating_comfort,seating_comfort | general_place_vibe,True,True,المطعم,,الطاولات | المطعم,الاكل | السلطه,2.3,unreviewed,ambience-words present alongside hard-negative cue - likely a non-ambience complaint,weak,0
hadyelsahar/ar_res_reviews:7984,hard_negative_candidate,,,False,True,,,,الاكل | مبالغ فيها | مبالغ فيه,0.0,unreviewed,multi-word hard-negative phrase present - confirmed non-ambience,weak,1
hadyelsahar/ar_res_reviews:7997,hard_negative_candidate,decor_furniture,decor_furniture,True,True,,,الديكور,الاكل | البيتزا | غالي,1.0,unreviewed,ambience-words present alongside hard-negative cue - likely a non-ambience complaint,weak,1
hadyelsahar/ar_res_reviews:8017,hard_negative_candidate,parking,general_place_vibe | parking,True,True,المطعم,,المطعم | موقف,الاسعار | الطعام,2.3,unreviewed,ambience-words present alongside hard-negative cue - likely a non-ambience complaint,weak,1
hadyelsahar/ar_res_reviews:8018,hard_negative_candidate,outdoor_view,outdoor_view | general_place_vibe,True,True,المطعم,جلسات خارجيه,الاجواء | المطعم,الطعام,4.3,unreviewed,ambience-words present alongside hard-negative cue - likely a non-ambience complaint,weak,1
hadyelsahar/ar_res_reviews:8019,hard_negative_candidate,outdoor_view,outdoor_view,True,True,,جلسات خارجيه,,غاليه,2.0,unreviewed,ambience-words present alongside hard-negative cue - likely a non-ambience complaint,weak,1
hadyelsahar/ar_res_reviews:8020,hard_negative_candidate,noise_music,noise_music | seating_comfort | general_place_vibe,True,True,المطعم,,ازعاج | الجلسات | الجلسه | المطعم,الاكل | المضيف,4.3,unreviewed,ambience-words present alongside hard-negative cue - likely a non-ambience complaint,weak,1
hadyelsahar/ar_res_reviews:8022,hard_negative_candidate,general_place_vibe,general_place_vibe,True,True,المطعم | متسخه,,المطعم | رايق,الاسعار | غاليه,2.6,unreviewed,ambience-words present alongside hard-negative cue - likely a non-ambience complaint,weak,0
hadyelsahar/ar_res_reviews:8023,hard_negative_candidate,general_place_vibe,general_place_vibe,True,True,المكان,,الجو | المكان,الاكل,2.3,unreviewed,ambience-words present alongside hard-negative cue - likely a non-ambience complaint,weak,1
hadyelsahar/ar_res_reviews:8025,hard_negative_candidate,parking,general_place_vibe | parking | outdoor_view | space_crowding,True,True,المطعم | حاره,,الجو | المطعم | المواقف | الواجهه | ضيق | مكتوم,الطعم,6.6,unreviewed,ambience-words present alongside hard-negative cue - likely a non-ambience complaint,weak,1
hadyelsahar/ar_res_reviews:8027,hard_negative_candidate,seating_comfort,seating_comfort | general_place_vibe | space_crowding,True,True,المطعم | المكان,,الجلسه | المطعم | المكان | ضيق,الاكل,4.6,unreviewed,ambience-words present alongside hard-negative cue - likely a non-ambience complaint,weak,0
hadyelsahar/ar_res_reviews:8029,hard_negative_candidate,privacy,privacy | noise_music | seating_comfort | general_place_vibe,True,True,المطعم | عاليه,قسم العوائل,اطفال | الطاولات | المطعم | خصوصيه,الاكل,6.6,unreviewed,ambience-words present alongside hard-negative cue - likely a non-ambience complaint,weak,0
hadyelsahar/ar_res_reviews:8034,hard_negative_candidate,privacy,privacy,True,True,,,افراد,الخبز | الفاتوره | الموظف,1.0,unreviewed,ambience-words present alongside hard-negative cue - likely a non-ambience complaint,weak,1
hadyelsahar/ar_res_reviews:8036,hard_negative_candidate,general_place_vibe,general_place_vibe,True,True,المطعم,,المطعم,الاكل | السعر | الطعام | مبالغ فيها | مبالغ فيه,1.3,unreviewed,multi-word hard-negative phrase present - confirmed non-ambience,weak,0
hadyelsahar/ar_res_reviews:8037,hard_negative_candidate,,,False,True,,,,مبالغ فيها | مبالغ فيه,0.0,unreviewed,multi-word hard-negative phrase present - confirmed non-ambience,weak,0
hadyelsahar/ar_res_reviews:8047,hard_negative_candidate,,,False,True,,,,الاسعار | الطعام | طعمها | مبالغ فيها | مبالغ فيه,0.0,unreviewed,multi-word hard-negative phrase present - confirmed non-ambience,weak,1
hadyelsahar/ar_res_reviews:8048,hard_negative_candidate,space_crowding,space_crowding,True,True,,,زحمه,السعر | الطعم,1.0,unreviewed,ambience-words present alongside hard-negative cue - likely a non-ambience complaint,weak,1
hadyelsahar/ar_res_reviews:8051,hard_negative_candidate,privacy,privacy | general_place_vibe | space_crowding,True,True,المطعم,جلسات العوائل | قسم العوائل,المطعم | زحمه,اللحم,6.3,unreviewed,ambience-words present alongside hard-negative cue - likely a non-ambience complaint,weak,1
hadyelsahar/ar_res_reviews:8056,hard_negative_candidate,decor_furniture,decor_furniture | general_place_vibe,True,True,المحل | المطعم,,الديكور | المحل | المطعم,السلطه | اللحم,3.6,unreviewed,ambience-words present alongside hard-negative cue - likely a non-ambience complaint,weak,1
hadyelsahar/ar_res_reviews:8069,hard_negative_candidate,lighting,lighting | decor_furniture | general_place_vibe,True,True,المكان,اضاءه خافته,الاثاث | الاضاءه | الجدران | المكان,السعر | مبالغ فيه,6.3,unreviewed,ambience-words present alongside hard-negative cue - likely a non-ambience complaint,weak,0
hadyelsahar/ar_res_reviews:8070,hard_negative_candidate,seating_comfort,seating_comfort | general_place_vibe,True,True,الطاوله | المكان,,الطاوله | المكان,مبالغ فيه,2.6,unreviewed,multi-word hard-negative phrase present - confirmed non-ambience,weak,0
hadyelsahar/ar_res_reviews:8075,hard_negative_candidate,general_place_vibe,general_place_vibe,True,True,المطعم,,المطعم,الاكل | غالي | غاليه | غلط | ما يستاهل,1.3,unreviewed,multi-word hard-negative phrase present - confirmed non-ambience,weak,0
hadyelsahar/ar_res_reviews:8076,hard_negative_candidate,space_crowding,general_place_vibe | space_crowding | seating_comfort,True,True,المكان,,المكان | زحمه | طاوله,الاسعار | الدجاج | الفاتوره,3.3,unreviewed,ambience-words present alongside hard-negative cue - likely a non-ambience complaint,weak,1
hadyelsahar/ar_res_reviews:8078,hard_negative_candidate,general_place_vibe,general_place_vibe,True,True,,,رايق,الاكل,1.0,unreviewed,ambience-words present alongside hard-negative cue - likely a non-ambience complaint,weak,1
hadyelsahar/ar_res_reviews:8081,hard_negative_candidate,decor_furniture,decor_furniture | general_place_vibe,True,True,المطعم,,الاثاث | المطعم,الاكل,2.3,unreviewed,ambience-words present alongside hard-negative cue - likely a non-ambience complaint,weak,1
hadyelsahar/ar_res_reviews:8093,hard_negative_candidate,seating_comfort,seating_comfort | general_place_vibe | parking,True,True,الطاوله | المطعم | المكان | عاليه,,الطاوله | المطعم | المكان | موقف,الاسعار | الاكل | الدجاج,5.2,unreviewed,ambience-words present alongside hard-negative cue - likely a non-ambience complaint,weak,1
hadyelsahar/ar_res_reviews:8096,hard_negative_candidate,temperature_ac,temperature_ac,True,True,بارد,,بارد,الاكل | الاكل بارد,1.3,unreviewed,multi-word hard-negative phrase present - confirmed non-ambience,weak,0
hadyelsahar/ar_res_reviews:8108,hard_negative_candidate,general_place_vibe,general_place_vibe,True,True,الفرع | المحل,يفتح النفس,الفرع | المحل,الاسعار,4.6,unreviewed,ambience-words present alongside hard-negative cue - likely a non-ambience complaint,weak,1
hadyelsahar/ar_res_reviews:8113,hard_negative_candidate,seating_comfort,seating_comfort | general_place_vibe,True,True,المطعم,,الجلسات | المطعم,اللحم | طعمه,2.3,unreviewed,ambience-words present alongside hard-negative cue - likely a non-ambience complaint,weak,1
hadyelsahar/ar_res_reviews:8147,hard_negative_candidate,,,False,True,,,,ما يستاهل,0.0,unreviewed,multi-word hard-negative phrase present - confirmed non-ambience,weak,0
hadyelsahar/ar_res_reviews:8149,hard_negative_candidate,parking,general_place_vibe | parking,True,True,المطعم,,المطعم | موقف,الدجاج | ني,2.3,unreviewed,ambience-words present alongside hard-negative cue - likely a non-ambience complaint,weak,1
hadyelsahar/ar_res_reviews:8152,hard_negative_candidate,parking,general_place_vibe | parking,True,True,المطعم,,المطعم | المواقف,الاسعار,2.3,unreviewed,ambience-words present alongside hard-negative cue - likely a non-ambience complaint,weak,1
hadyelsahar/ar_res_reviews:8169,hard_negative_candidate,seating_comfort,seating_comfort | parking,True,True,,,الجلسات | مواقف,الاكل | غالي,2.0,unreviewed,ambience-words present alongside hard-negative cue - likely a non-ambience complaint,weak,1
hadyelsahar/ar_res_reviews:8180,hard_negative_candidate,seating_comfort,seating_comfort | general_place_vibe,True,True,المطعم,,الطاولات | المطعم,الرز,2.3,unreviewed,ambience-words present alongside hard-negative cue - likely a non-ambience complaint,weak,1
hadyelsahar/ar_res_reviews:8187,hard_negative_candidate,seating_comfort,seating_comfort | general_place_vibe,True,True,المطعم,,الكنب | المطعم,البرجر | السعر | الشاورما,2.3,unreviewed,ambience-words present alongside hard-negative cue - likely a non-ambience complaint,weak,1
hadyelsahar/ar_res_reviews:8205,hard_negative_candidate,temperature_ac,general_place_vibe | parking | temperature_ac,True,True,المطعم | حار,,المطعم | المواقف | حار,الاسعار | الاكل | الخبز,3.6,unreviewed,ambience-words present alongside hard-negative cue - likely a non-ambience complaint,weak,1
hadyelsahar/ar_res_reviews:8242,hard_negative_candidate,parking,parking,True,True,,,مواقف,السعر,1.0,unreviewed,ambience-words present alongside hard-negative cue - likely a non-ambience complaint,weak,1
hadyelsahar/ar_res_reviews:8259,hard_negative_candidate,parking,parking,True,True,,,المواقف,الاسعار | الطعام,1.0,unreviewed,ambience-words present alongside hard-negative cue - likely a non-ambience complaint,weak,1
hadyelsahar/ar_res_reviews:8273,hard_negative_candidate,decor_furniture,decor_furniture,True,True,,,الديكور,الطعام,1.0,unreviewed,ambience-words present alongside hard-negative cue - likely a non-ambience complaint,weak,1
hadyelsahar/ar_res_reviews:8285,hard_negative_candidate,temperature_ac,temperature_ac,True,True,بارد,,بارد,الارز | الاكل | السعر | الاكل بارد | مبالغ فيه,1.3,unreviewed,multi-word hard-negative phrase present - confirmed non-ambience,weak,0
hadyelsahar/ar_res_reviews:8292,hard_negative_candidate,space_crowding,space_crowding,True,True,عاليه,,رحب,البرجر | الخبز,1.3,unreviewed,ambience-words present alongside hard-negative cue - likely a non-ambience complaint,weak,1
hadyelsahar/ar_res_reviews:8312,hard_negative_candidate,decor_furniture,decor_furniture | seating_comfort | outdoor_view,True,True,برا,,الديكور | الطاولات | برا,الاسعار | الدجاج,3.3,unreviewed,ambience-words present alongside hard-negative cue - likely a non-ambience complaint,weak,1
hadyelsahar/ar_res_reviews:8318,hard_negative_candidate,outdoor_view,outdoor_view | general_place_vibe,True,True,المطعم,جلسات خارجيه,المطعم,غالي,3.3,unreviewed,ambience-words present alongside hard-negative cue - likely a non-ambience complaint,weak,1
hadyelsahar/ar_res_reviews:8341,hard_negative_candidate,decor_furniture,decor_furniture | space_crowding,True,True,,,الديكور | هادي,الاسعار,2.0,unreviewed,ambience-words present alongside hard-negative cue - likely a non-ambience complaint,weak,1
hadyelsahar/ar_res_reviews:8356,hard_negative_candidate,outdoor_view,general_place_vibe | outdoor_view,True,True,المكان,,المكان | الواجهه,السعر | الطعام | الطعم,2.3,unreviewed,ambience-words present alongside hard-negative cue - likely a non-ambience complaint,weak,1
hadyelsahar/ar_res_reviews:8362,hard_negative_candidate,temperature_ac,temperature_ac | seating_comfort | space_crowding,True,True,بارد | بارده,,بارد | طاوله | فاضي,الاكل | الخبز | بارد الاكل,3.6,unreviewed,ambience-words present alongside hard-negative cue - likely a non-ambience complaint,weak,0
