id,weak_label,ambience_subtype,ambience_subtype_all,contains_ambience_keyword,is_hard_negative,risk_keyword,high_precision_hits,single_token_hits,hard_negative_hits,score,review_status,notes,label_confidence,polarity
hadyelsahar/ar_res_reviews:16,ambience_candidate,general_place_vibe,general_place_vibe,True,False,المطعم,,اجواء | المطعم,,2.3,unreviewed,"ambience phrase/token present, no hard-negative cue",weak,1
hadyelsahar/ar_res_reviews:40,ambience_candidate,smell,seating_comfort | general_place_vibe | smell | noise_music,True,False,الطاوله | المطعم | المكان | رائحه,,الطاوله | المطعم | المكان | رائحه | مزعج,البطاطس | الطعم | الموظفين,6.2,unreviewed,ambience-words present alongside hard-negative cue - likely a non-ambience complaint,weak,0
hadyelsahar/ar_res_reviews:59,ambience_candidate,smell,general_place_vibe | smell,True,False,المطعم | ريحه,,المطعم | ريحه,الاسعار | البرجر | اللحم | اللحمه,2.6,unreviewed,only ambiguous risky tokens present - needs human judgment,weak,0
hadyelsahar/ar_res_reviews:77,ambience_candidate,smell,smell | seating_comfort | general_place_vibe | space_crowding,True,False,المكان | ريحه | زيت,ريحه المكان,الجلسات | المكان | ريحه | مكتوم,اللحم,6.9,unreviewed,ambience-words present alongside hard-negative cue - likely a non-ambience complaint,weak,1
hadyelsahar/ar_res_reviews:78,ambience_candidate,smell,general_place_vibe | smell,True,False,المطعم | رائحه,,المطعم | رائحه,الاكل | البرجر,2.6,unreviewed,only ambiguous risky tokens present - needs human judgment,weak,1
hadyelsahar/ar_res_reviews:111,ambience_candidate,smell,general_place_vibe | smell,True,False,المطعم | ريحه,,المطعم | ريحه,الاكل | البرجر | غالي,2.6,unreviewed,only ambiguous risky tokens present - needs human judgment,weak,0
hadyelsahar/ar_res_reviews:173,ambience_candidate,smell,general_place_vibe | smell,True,False,المحل | رائحه,,المحل | رائحه,الدجاج,2.6,unreviewed,only ambiguous risky tokens present - needs human judgment,weak,0
hadyelsahar/ar_res_reviews:182,ambience_candidate,space_crowding,space_crowding,True,False,,,هادي,,1.0,unreviewed,"ambience phrase/token present, no hard-negative cue",weak,1
hadyelsahar/ar_res_reviews:189,ambience_candidate,temperature_ac,temperature_ac,True,False,,المكيف خربان | مكيف خربان,,,4.0,unreviewed,"ambience phrase/token present, no hard-negative cue",weak,0
hadyelsahar/ar_res_reviews:205,ambience_candidate,space_crowding,space_crowding,True,False,,,زحمه,,1.0,unreviewed,"ambience phrase/token present, no hard-negative cue",weak,1
hadyelsahar/ar_res_reviews:281,ambience_candidate,seating_comfort,seating_comfort,True,False,,,الجلسات,,1.0,unreviewed,"ambience phrase/token present, no hard-negative cue",weak,0
hadyelsahar/ar_res_reviews:317,ambience_candidate,temperature_ac,general_place_vibe | temperature_ac,True,False,المطعم | زيت,,المطعم | حراره,,2.6,unreviewed,"ambience phrase/token present, no hard-negative cue",weak,1
hadyelsahar/ar_res_reviews:328,ambience_candidate,smell,general_place_vibe | smell,True,False,المطعم | رائحه,,المطعم | رائحه,اللحم,2.6,unreviewed,only ambiguous risky tokens present - needs human judgment,weak,0
hadyelsahar/ar_res_reviews:329,ambience_candidate,smell,seating_comfort | general_place_vibe | smell | space_crowding,True,False,الفرع | المطعم | المكان | رائحه,,الجلسات | الفرع | المطعم | المكان | رائحه | ضيق,الاسعار | الاكل | البطاطس,7.2,unreviewed,ambience-words present alongside hard-negative cue - likely a non-ambience complaint,weak,1
hadyelsahar/ar_res_reviews:334,ambience_candidate,smell,general_place_vibe | smell,True,False,الفرع | المطعم | ريحه | زيت,,الفرع | المطعم | ريحه,الاكل,4.2,unreviewed,only ambiguous risky tokens present - needs human judgment,weak,1
hadyelsahar/ar_res_reviews:340,ambience_candidate,seating_comfort,seating_comfort,True,False,,,الجلسات,,1.0,unreviewed,"ambience phrase/token present, no hard-negative cue",weak,1
hadyelsahar/ar_res_reviews:364,ambience_candidate,smell,general_place_vibe | smell,True,False,المطعم | رائحه,,المطعم | رائحه,البيتزا,2.6,unreviewed,only ambiguous risky tokens present - needs human judgment,weak,1
hadyelsahar/ar_res_reviews:386,ambience_candidate,smell,smell,True,False,ريحه,,ريحه,البيتزا | الدجاج | السلطه | الفاتوره | صراصير,1.3,unreviewed,only ambiguous risky tokens present - needs human judgment,weak,0
hadyelsahar/ar_res_reviews:422,ambience_candidate,outdoor_view,general_place_vibe | outdoor_view | space_crowding,True,False,المطعم | برا,,المطعم | برا | زحمه,,3.6,unreviewed,"ambience phrase/token present, no hard-negative cue",weak,1
hadyelsahar/ar_res_reviews:452,ambience_candidate,noise_music,noise_music | general_place_vibe,True,False,,,ازعاج | الجو,,2.0,unreviewed,"ambience phrase/token present, no hard-negative cue",weak,0
hadyelsahar/ar_res_reviews:454,ambience_candidate,temperature_ac,temperature_ac,True,False,بارد,,التكييف | بارد,,2.3,unreviewed,"ambience phrase/token present, no hard-negative cue",weak,1
hadyelsahar/ar_res_reviews:468,ambience_candidate,seating_comfort,seating_comfort,True,False,,,ساتر,,1.0,unreviewed,"ambience phrase/token present, no hard-negative cue",weak,1
hadyelsahar/ar_res_reviews:479,ambience_candidate,smell,general_place_vibe | smell,True,False,المطعم | رائحه | عالي,,المطعم | رائحه,الاكل | البطاطس | التوصيل | الدجاج | اللحم,2.9,unreviewed,only ambiguous risky tokens present - needs human judgment,weak,1
hadyelsahar/ar_res_reviews:485,ambience_candidate,temperature_ac,temperature_ac,True,False,زيت,,ثلج,,1.3,unreviewed,"ambience phrase/token present, no hard-negative cue",weak,0
hadyelsahar/ar_res_reviews:492,ambience_candidate,temperature_ac,temperature_ac | space_crowding,True,False,بارد,,بارد | زحمه,,2.3,unreviewed,"ambience phrase/token present, no hard-negative cue",weak,0
hadyelsahar/ar_res_reviews:500,ambience_candidate,parking,parking,True,False,,,الدخول,,1.0,unreviewed,"ambience phrase/token present, no hard-negative cue",weak,1
hadyelsahar/ar_res_reviews:540,ambience_candidate,space_crowding,space_crowding,True,False,,,زحمه,,1.0,unreviewed,"ambience phrase/token present, no hard-negative cue",weak,0
hadyelsahar/ar_res_reviews:544,ambience_candidate,decor_furniture,decor_furniture | space_crowding,True,False,,,الديكور | زحمه,,2.0,unreviewed,"ambience phrase/token present, no hard-negative cue",weak,0
hadyelsahar/ar_res_reviews:599,ambience_candidate,smell,general_place_vibe | smell,True,False,المكان | رائحه,,المكان | رائحه,,2.6,unreviewed,only ambiguous risky tokens present - needs human judgment,weak,0
hadyelsahar/ar_res_reviews:600,ambience_candidate,general_place_vibe,general_place_vibe,True,False,,,رايق,,1.0,unreviewed,"ambience phrase/token present, no hard-negative cue",weak,1
hadyelsahar/ar_res_reviews:615,ambience_candidate,privacy,privacy | general_place_vibe,True,False,المكان,جلسات العوائل,المكان,,3.3,unreviewed,"ambience phrase/token present, no hard-negative cue",weak,1
hadyelsahar/ar_res_reviews:691,ambience_candidate,smell,decor_furniture | smell | seating_comfort | privacy | space_crowding,True,False,رائحه,,الديكور | رائحه | طاوله | عوائل | واسع,البيتزا,5.3,unreviewed,ambience-words present alongside hard-negative cue - likely a non-ambience complaint,weak,1
hadyelsahar/ar_res_reviews:692,ambience_candidate,smell,general_place_vibe | smell,True,False,المكان | رائحه,,المكان | رائحه,,2.6,unreviewed,only ambiguous risky tokens present - needs human judgment,weak,0
hadyelsahar/ar_res_reviews:704,ambience_candidate,seating_comfort,seating_comfort,True,False,,,البارتشن | الجلسات,,2.0,unreviewed,"ambience phrase/token present, no hard-negative cue",weak,0
hadyelsahar/ar_res_reviews:741,ambience_candidate,temperature_ac,general_place_vibe | temperature_ac,True,False,الفرع | حار | عاليه,الفرع حار,التكييف | الفرع | حار,,5.9,unreviewed,"ambience phrase/token present, no hard-negative cue",weak,0
hadyelsahar/ar_res_reviews:833,ambience_candidate,space_crowding,space_crowding,True,False,,,زحمه,,1.0,unreviewed,"ambience phrase/token present, no hard-negative cue",weak,1
hadyelsahar/ar_res_reviews:893,ambience_candidate,smell,general_place_vibe | outdoor_view | smell | parking | space_crowding,True,False,الفرع | المحل | المطعم | برا | بره | رائحه,,الفرع | المحل | المطعم | برا | بره | رائحه | مواقف | هادي,الاسعار | السعر | ساعتين | طعمه | غالي,9.8,unreviewed,ambience-words present alongside hard-negative cue - likely a non-ambience complaint,weak,0
hadyelsahar/ar_res_reviews:899,ambience_candidate,space_crowding,general_place_vibe | space_crowding,True,False,المطعم,,المطعم | زحمه,,2.3,unreviewed,"ambience phrase/token present, no hard-negative cue",weak,0
hadyelsahar/ar_res_reviews:998,ambience_candidate,outdoor_view,general_place_vibe | outdoor_view | space_crowding,True,False,المطعم | برا,,المطعم | برا | فاضي,,3.6,unreviewed,"ambience phrase/token present, no hard-negative cue",weak,0
hadyelsahar/ar_res_reviews:1036,ambience_candidate,smell,general_place_vibe | smell,True,False,المطعم | ريحه,,المطعم | ريحه,الاكل | الدجاج | طعمها,2.6,unreviewed,only ambiguous risky tokens present - needs human judgment,weak,0
hadyelsahar/ar_res_reviews:1043,ambience_candidate,smell,general_place_vibe | smell,True,False,المطعم | ريحه,,المطعم | ريحه,التوصيل | الدجاج,2.6,unreviewed,only ambiguous risky tokens present - needs human judgment,weak,0
hadyelsahar/ar_res_reviews:1067,ambience_candidate,temperature_ac,general_place_vibe | temperature_ac,True,False,المحل | حار,المحل حار,المحل | حار,,4.6,unreviewed,"ambience phrase/token present, no hard-negative cue",weak,1
hadyelsahar/ar_res_reviews:1114,ambience_candidate,smell,noise_music | general_place_vibe | temperature_ac | smell,True,False,الفرع | المطعم | رائحه,,اصوات | الفرع | المطعم | حراره | دخان | رائحه,الاكل | الطعام | طعمه,6.9,unreviewed,ambience-words present alongside hard-negative cue - likely a non-ambience complaint,weak,0
hadyelsahar/ar_res_reviews:1117,ambience_candidate,seating_comfort,seating_comfort,True,False,,,طاوله,,1.0,unreviewed,"ambience phrase/token present, no hard-negative cue",weak,1
hadyelsahar/ar_res_reviews:1141,ambience_candidate,space_crowding,general_place_vibe | space_crowding,True,False,المطعم,,المطعم | هادي,,2.3,unreviewed,"ambience phrase/token present, no hard-negative cue",weak,1
hadyelsahar/ar_res_reviews:1148,ambience_candidate,seating_comfort,seating_comfort | general_place_vibe,True,False,المطعم,,الجلسات | المطعم,,2.3,unreviewed,"ambience phrase/token present, no hard-negative cue",weak,1
hadyelsahar/ar_res_reviews:1155,ambience_candidate,smell,general_place_vibe | smell,True,False,المطعم,,المطعم | دخان,الاكل | الفاتوره,2.3,unreviewed,ambience-words present alongside hard-negative cue - likely a non-ambience complaint,weak,0
hadyelsahar/ar_res_reviews:1164,ambience_candidate,decor_furniture,decor_furniture | noise_music,True,False,الارضيه,,الارضيه | مزعج,,2.3,unreviewed,"ambience phrase/token present, no hard-negative cue",weak,0
hadyelsahar/ar_res_reviews:1175,ambience_candidate,space_crowding,space_crowding,True,False,,,زحمه,,1.0,unreviewed,"ambience phrase/token present, no hard-negative cue",weak,1
hadyelsahar/ar_res_reviews:1194,ambience_candidate,temperature_ac,temperature_ac,True,False,,,حراره,,1.0,unreviewed,"ambience phrase/token present, no hard-negative cue",weak,1
hadyelsahar/ar_res_reviews:1219,ambience_candidate,decor_furniture,decor_furniture | general_place_vibe,True,False,المكان,,الديكور | المكان,,2.3,unreviewed,"ambience phrase/token present, no hard-negative cue",weak,1
hadyelsahar/ar_res_reviews:1230,ambience_candidate,outdoor_view,outdoor_view,True,False,,,الخارجي,,1.0,unreviewed,"ambience phrase/token present, no hard-negative cue",weak,1
hadyelsahar/ar_res_reviews:1234,ambience_candidate,decor_furniture,decor_furniture | general_place_vibe,True,False,المطعم,,الديكور | المطعم,,2.3,unreviewed,"ambience phrase/token present, no hard-negative cue",weak,1
hadyelsahar/ar_res_reviews:1240,ambience_candidate,seating_comfort,seating_comfort,True,False,,,الجلسه,,1.0,unreviewed,"ambience phrase/token present, no hard-negative cue",weak,1
hadyelsahar/ar_res_reviews:1241,ambience_candidate,seating_comfort,seating_comfort,True,False,,,الجلسه,,1.0,unreviewed,"ambience phrase/token present, no hard-negative cue",weak,1
hadyelsahar/ar_res_reviews:1247,ambience_candidate,seating_comfort,seating_comfort | general_place_vibe | space_crowding,True,False,المكان,,الطاولات | المكان | زحمه,,3.3,unreviewed,"ambience phrase/token present, no hard-negative cue",weak,1
hadyelsahar/ar_res_reviews:1250,ambience_candidate,space_crowding,space_crowding,True,False,,,زحمه,,1.0,unreviewed,"ambience phrase/token present, no hard-negative cue",weak,1
hadyelsahar/ar_res_reviews:1272,ambience_candidate,seating_comfort,seating_comfort | general_place_vibe,True,False,المكان,,القعده | المكان,,2.3,unreviewed,"ambience phrase/token present, no hard-negative cue",weak,1
hadyelsahar/ar_res_reviews:1289,ambience_candidate,space_crowding,space_crowding,True,False,,,زحمه,,1.0,unreviewed,"ambience phrase/token present, no hard-negative cue",weak,1
hadyelsahar/ar_res_reviews:1298,ambience_candidate,space_crowding,space_crowding,True,False,,,زحمه,,1.0,unreviewed,"ambience phrase/token present, no hard-negative cue",weak,0
hadyelsahar/ar_res_reviews:1312,ambience_candidate,general_place_vibe,general_place_vibe,True,False,,,رايق,,1.0,unreviewed,"ambience phrase/token present, no hard-negative cue",weak,1
hadyelsahar/ar_res_reviews:1316,ambience_candidate,parking,parking,True,False,,,المواقف,,1.0,unreviewed,"ambience phrase/token present, no hard-negative cue",weak,1
hadyelsahar/ar_res_reviews:1325,ambience_candidate,seating_comfort,seating_comfort,True,False,,,الطاولات,,1.0,unreviewed,"ambience phrase/token present, no hard-negative cue",weak,0
hadyelsahar/ar_res_reviews:1336,ambience_candidate,noise_music,noise_music | seating_comfort | general_place_vibe,True,False,المطعم | قديم | قديمه,,الاغاني | الجلسات | المطعم | قديم,,4.9,unreviewed,"ambience phrase/token present, no hard-negative cue",weak,1
hadyelsahar/ar_res_reviews:1349,ambience_candidate,decor_furniture,decor_furniture,True,False,,,الديكور,,1.0,unreviewed,"ambience phrase/token present, no hard-negative cue",weak,1
hadyelsahar/ar_res_reviews:1360,ambience_candidate,noise_music,noise_music | decor_furniture,True,False,,,ازعاج | الديكور,,2.0,unreviewed,"ambience phrase/token present, no hard-negative cue",weak,1
hadyelsahar/ar_res_reviews:1383,ambience_candidate,noise_music,noise_music,True,False,,,ازعاج,,1.0,unreviewed,"ambience phrase/token present, no hard-negative cue",weak,0
hadyelsahar/ar_res_reviews:1386,ambience_candidate,noise_music,general_place_vibe | noise_music,True,False,المكان,,المكان | مزعج,,2.3,unreviewed,"ambience phrase/token present, no hard-negative cue",weak,0
hadyelsahar/ar_res_reviews:1400,ambience_candidate,space_crowding,general_place_vibe | space_crowding,True,False,المطعم,,المطعم | هادي,,2.3,unreviewed,"ambience phrase/token present, no hard-negative cue",weak,1
hadyelsahar/ar_res_reviews:1424,ambience_candidate,noise_music,general_place_vibe | noise_music,True,False,,,رايق | صجه,,2.0,unreviewed,"ambience phrase/token present, no hard-negative cue",weak,1
hadyelsahar/ar_res_reviews:1433,ambience_candidate,space_crowding,general_place_vibe | space_crowding,True,False,المطعم,,المطعم | مزدحم,,2.3,unreviewed,"ambience phrase/token present, no hard-negative cue",weak,1
hadyelsahar/ar_res_reviews:1434,ambience_candidate,seating_comfort,seating_comfort | decor_furniture | general_place_vibe,True,False,الفرع | زيت,,الجلسه | الديكور | الفرع,,3.6,unreviewed,"ambience phrase/token present, no hard-negative cue",weak,0
hadyelsahar/ar_res_reviews:1448,ambience_candidate,decor_furniture,decor_furniture | general_place_vibe,True,False,المكان,,الديكور | المكان | رايق,,3.3,unreviewed,"ambience phrase/token present, no hard-negative cue",weak,1
hadyelsahar/ar_res_reviews:1490,ambience_candidate,smell,general_place_vibe | smell,True,False,المطعم | ريحه,,المطعم | ريحه,البطاطس | الدجاج | اللحم | محروق,2.6,unreviewed,only ambiguous risky tokens present - needs human judgment,weak,0
hadyelsahar/ar_res_reviews:1494,ambience_candidate,general_place_vibe,general_place_vibe,True,False,,,الجو,,1.0,unreviewed,"ambience phrase/token present, no hard-negative cue",weak,1
hadyelsahar/ar_res_reviews:1509,ambience_candidate,space_crowding,space_crowding,True,False,,,واسع,,1.0,unreviewed,"ambience phrase/token present, no hard-negative cue",weak,1
hadyelsahar/ar_res_reviews:1516,ambience_candidate,seating_comfort,seating_comfort | general_place_vibe,True,False,المحل | المكان,,الجلسات | المحل | المكان,,3.6,unreviewed,"ambience phrase/token present, no hard-negative cue",weak,1
hadyelsahar/ar_res_reviews:1524,ambience_candidate,seating_comfort,seating_comfort | general_place_vibe,True,False,,,الجلسات | رايق,,2.0,unreviewed,"ambience phrase/token present, no hard-negative cue",weak,1
hadyelsahar/ar_res_reviews:1525,ambience_candidate,parking,parking | space_crowding,True,False,,,المواقف | هادي,,2.0,unreviewed,"ambience phrase/token present, no hard-negative cue",weak,1
hadyelsahar/ar_res_reviews:1532,ambience_candidate,parking,general_place_vibe | parking,True,False,المطعم,,المطعم | موقف,,2.3,unreviewed,"ambience phrase/token present, no hard-negative cue",weak,1
hadyelsahar/ar_res_reviews:1533,ambience_candidate,smell,lighting | decor_furniture | seating_comfort | general_place_vibe | smell,True,False,الطاوله | المطعم | رائحه,,الاضاءه | الديكور | الطاوله | المطعم | رائحه,الاكل | اللحم,5.9,unreviewed,ambience-words present alongside hard-negative cue - likely a non-ambience complaint,weak,0
hadyelsahar/ar_res_reviews:1537,ambience_candidate,privacy,privacy | lighting | decor_furniture | general_place_vibe,True,False,,قسم العوائل | اضاءه خافته,الديكور | خصوصيه | رايق,,7.0,unreviewed,"ambience phrase/token present, no hard-negative cue",weak,1
hadyelsahar/ar_res_reviews:1544,ambience_candidate,noise_music,noise_music,True,False,,,مزعج,,1.0,unreviewed,"ambience phrase/token present, no hard-negative cue",weak,0
hadyelsahar/ar_res_reviews:1562,ambience_candidate,seating_comfort,seating_comfort,True,False,,,الجلسات,,1.0,unreviewed,"ambience phrase/token present, no hard-negative cue",weak,0
hadyelsahar/ar_res_reviews:1616,ambience_candidate,seating_comfort,seating_comfort,True,False,,,الجلسات,,1.0,unreviewed,"ambience phrase/token present, no hard-negative cue",weak,0
hadyelsahar/ar_res_reviews:1620,ambience_candidate,general_place_vibe,general_place_vibe,True,False,المطعم,,المطعم | رايق,,2.3,unreviewed,"ambience phrase/token present, no hard-negative cue",weak,1
hadyelsahar/ar_res_reviews:1624,ambience_candidate,privacy,privacy,True,False,,,خصوصيه,,1.0,unreviewed,"ambience phrase/token present, no hard-negative cue",weak,1
hadyelsahar/ar_res_reviews:1654,ambience_candidate,smell,general_place_vibe | smell,True,False,المحل | ريحه | زيت,,المحل | ريحه,الدجاج,2.9,unreviewed,only ambiguous risky tokens present - needs human judgment,weak,0
hadyelsahar/ar_res_reviews:1668,ambience_candidate,space_crowding,space_crowding,True,False,بارده,,زحمه,,1.3,unreviewed,"ambience phrase/token present, no hard-negative cue",weak,1
hadyelsahar/ar_res_reviews:1680,ambience_candidate,space_crowding,space_crowding,True,False,,,زحمه,,1.0,unreviewed,"ambience phrase/token present, no hard-negative cue",weak,1
hadyelsahar/ar_res_reviews:1694,ambience_candidate,space_crowding,space_crowding,True,False,,,زحمه,,1.0,unreviewed,"ambience phrase/token present, no hard-negative cue",weak,1
hadyelsahar/ar_res_reviews:1705,ambience_candidate,smell,general_place_vibe | smell,True,False,المحل | ريحه,,المحل | ريحه,السعر,2.6,unreviewed,only ambiguous risky tokens present - needs human judgment,weak,1
hadyelsahar/ar_res_reviews:1706,ambience_candidate,smell,general_place_vibe | smell,True,False,المطعم | ريحه,,المطعم | ريحه,البرجر | البطاطس,2.6,unreviewed,only ambiguous risky tokens present - needs human judgment,weak,0
hadyelsahar/ar_res_reviews:1743,ambience_candidate,space_crowding,general_place_vibe | space_crowding,True,False,المكان,,المكان | ضيق | هادي,,3.3,unreviewed,"ambience phrase/token present, no hard-negative cue",weak,1
hadyelsahar/ar_res_reviews:1752,ambience_candidate,seating_comfort,seating_comfort,True,False,,,قزاز,,1.0,unreviewed,"ambience phrase/token present, no hard-negative cue",weak,0
hadyelsahar/ar_res_reviews:1759,ambience_candidate,smell,general_place_vibe | smell,True,False,المطعم | المكان | ريحه,,المطعم | المكان | ريحه,,3.9,unreviewed,only ambiguous risky tokens present - needs human judgment,weak,0
hadyelsahar/ar_res_reviews:1768,ambience_candidate,smell,general_place_vibe | smell,True,False,المطعم | ريحه,,المطعم | ريحه,البطاطس | اللحمه | مبالغ فيها | مبالغ فيه,2.6,unreviewed,multi-word hard-negative phrase present - confirmed non-ambience,weak,0
hadyelsahar/ar_res_reviews:1811,ambience_candidate,decor_furniture,decor_furniture,True,False,,,الديكور,,1.0,unreviewed,"ambience phrase/token present, no hard-negative cue",weak,1
hadyelsahar/ar_res_reviews:1818,ambience_candidate,smell,smell,True,False,ريحه,,ريحه,الاكل | البيتزا | الموظف,1.3,unreviewed,only ambiguous risky tokens present - needs human judgment,weak,0
hadyelsahar/ar_res_reviews:1819,ambience_candidate,general_place_vibe,general_place_vibe,True,False,,,رايق,,1.0,unreviewed,"ambience phrase/token present, no hard-negative cue",weak,1
hadyelsahar/ar_res_reviews:1846,ambience_candidate,space_crowding,space_crowding,True,False,,,فاضي,,1.0,unreviewed,"ambience phrase/token present, no hard-negative cue",weak,0
hadyelsahar/ar_res_reviews:1864,ambience_candidate,privacy,privacy | seating_comfort | general_place_vibe,True,False,الفرع,جلسات العوائل,الجلسات | الفرع,,4.3,unreviewed,"ambience phrase/token present, no hard-negative cue",weak,1
hadyelsahar/ar_res_reviews:1898,ambience_candidate,general_place_vibe,general_place_vibe,True,False,,,رايق,,1.0,unreviewed,"ambience phrase/token present, no hard-negative cue",weak,1
hadyelsahar/ar_res_reviews:1952,ambience_candidate,seating_comfort,general_place_vibe | seating_comfort,True,False,المطعم,,المطعم | حواجز,,2.3,unreviewed,"ambience phrase/token present, no hard-negative cue",weak,1
hadyelsahar/ar_res_reviews:1956,ambience_candidate,seating_comfort,seating_comfort,True,False,,جلسات ارضيه,,,2.0,unreviewed,"ambience phrase/token present, no hard-negative cue",weak,1
hadyelsahar/ar_res_reviews:1974,ambience_candidate,seating_comfort,seating_comfort,True,False,عاليه,,طاوله,,1.3,unreviewed,"ambience phrase/token present, no hard-negative cue",weak,0
hadyelsahar/ar_res_reviews:1977,ambience_candidate,general_place_vibe,general_place_vibe,True,False,المكان,,الجو | المكان,,2.3,unreviewed,"ambience phrase/token present, no hard-negative cue",weak,0
hadyelsahar/ar_res_reviews:1985,ambience_candidate,seating_comfort,seating_comfort | outdoor_view,True,False,,,الجلسه | تراس,,2.0,unreviewed,"ambience phrase/token present, no hard-negative cue",weak,1
hadyelsahar/ar_res_reviews:2006,ambience_candidate,seating_comfort,seating_comfort,True,False,,,الجلسات,,1.0,unreviewed,"ambience phrase/token present, no hard-negative cue",weak,1
hadyelsahar/ar_res_reviews:2026,ambience_candidate,smell,smell,True,False,,,شيشه,طعمه,1.0,unreviewed,ambience-words present alongside hard-negative cue - likely a non-ambience complaint,weak,0
hadyelsahar/ar_res_reviews:2032,ambience_candidate,general_place_vibe,general_place_vibe,True,False,,,الجو,,1.0,unreviewed,"ambience phrase/token present, no hard-negative cue",weak,1
hadyelsahar/ar_res_reviews:2041,ambience_candidate,privacy,privacy,True,False,,,مكشوف,,1.0,unreviewed,"ambience phrase/token present, no hard-negative cue",weak,1
hadyelsahar/ar_res_reviews:2049,ambience_candidate,space_crowding,space_crowding,True,False,,,هادي,,1.0,unreviewed,"ambience phrase/token present, no hard-negative cue",weak,1
hadyelsahar/ar_res_reviews:2105,ambience_candidate,space_crowding,general_place_vibe | space_crowding,True,False,المحل | المكان,,المحل | المكان | زحمه,,3.6,unreviewed,"ambience phrase/token present, no hard-negative cue",weak,1
hadyelsahar/ar_res_reviews:2111,ambience_candidate,space_crowding,general_place_vibe | space_crowding,True,False,المكان,,المكان | ضيق,,2.3,unreviewed,"ambience phrase/token present, no hard-negative cue",weak,0
hadyelsahar/ar_res_reviews:2112,ambience_candidate,space_crowding,space_crowding,True,False,,,زحمه,,1.0,unreviewed,"ambience phrase/token present, no hard-negative cue",weak,1
hadyelsahar/ar_res_reviews:2113,ambience_candidate,privacy,privacy,True,False,,,عوائل,,1.0,unreviewed,"ambience phrase/token present, no hard-negative cue",weak,1
hadyelsahar/ar_res_reviews:2120,ambience_candidate,space_crowding,space_crowding,True,False,,,ضيق | مخنوق,,2.0,unreviewed,"ambience phrase/token present, no hard-negative cue",weak,0
hadyelsahar/ar_res_reviews:2121,ambience_candidate,smell,smell | decor_furniture | lighting | seating_comfort | general_place_vibe,True,False,المحل | المطعم | المكان | ريحه | زيت,ريحه المكان,الاثاث | الاضاءه | الجلسات | الجو | المحل | المطعم | المكان | ريحه,الاكل | البيتزا | السعر | الوجبه,11.5,unreviewed,ambience-words present alongside hard-negative cue - likely a non-ambience complaint,weak,1
hadyelsahar/ar_res_reviews:2123,ambience_candidate,temperature_ac,temperature_ac,True,False,,,ثلج,,1.0,unreviewed,"ambience phrase/token present, no hard-negative cue",weak,1
hadyelsahar/ar_res_reviews:2149,ambience_candidate,noise_music,noise_music,True,False,,,ازعاج,,1.0,unreviewed,"ambience phrase/token present, no hard-negative cue",weak,0
hadyelsahar/ar_res_reviews:2191,ambience_candidate,seating_comfort,seating_comfort | space_crowding,True,False,الطاوله,,الطاوله | زحمه,,2.3,unreviewed,"ambience phrase/token present, no hard-negative cue",weak,1
hadyelsahar/ar_res_reviews:2216,ambience_candidate,seating_comfort,seating_comfort | privacy,True,False,,,الجلسه | عوائل,,2.0,unreviewed,"ambience phrase/token present, no hard-negative cue",weak,1
hadyelsahar/ar_res_reviews:2226,ambience_candidate,smell,general_place_vibe | smell,True,False,المطعم | ريحه | زيت,,المطعم | ريحه,غالي,2.9,unreviewed,only ambiguous risky tokens present - needs human judgment,weak,1
hadyelsahar/ar_res_reviews:2238,ambience_candidate,smell,smell,True,False,,,شيشه | معسل,الاكل,2.0,unreviewed,ambience-words present alongside hard-negative cue - likely a non-ambience complaint,weak,1
hadyelsahar/ar_res_reviews:2257,ambience_candidate,smell,general_place_vibe | smell,True,False,المحل | المكان | رائحه,,المحل | المكان | دخان | رائحه,,4.9,unreviewed,"ambience phrase/token present, no hard-negative cue",weak,1
hadyelsahar/ar_res_reviews:2275,ambience_candidate,seating_comfort,seating_comfort,True,False,,,القعده,,1.0,unreviewed,"ambience phrase/token present, no hard-negative cue",weak,1
hadyelsahar/ar_res_reviews:2299,ambience_candidate,decor_furniture,decor_furniture | general_place_vibe,True,False,المطعم,,الديكور | المطعم,,2.3,unreviewed,"ambience phrase/token present, no hard-negative cue",weak,1
hadyelsahar/ar_res_reviews:2348,ambience_candidate,parking,parking,True,False,,,موقف,,1.0,unreviewed,"ambience phrase/token present, no hard-negative cue",weak,0
hadyelsahar/ar_res_reviews:2352,ambience_candidate,space_crowding,general_place_vibe | space_crowding,True,False,المطعم,,المطعم | زحمه,,2.3,unreviewed,"ambience phrase/token present, no hard-negative cue",weak,1
hadyelsahar/ar_res_reviews:2400,ambience_candidate,general_place_vibe,general_place_vibe,True,False,,,اجواء,,1.0,unreviewed,"ambience phrase/token present, no hard-negative cue",weak,1
hadyelsahar/ar_res_reviews:2408,ambience_candidate,decor_furniture,decor_furniture,True,False,,,الديكور,,1.0,unreviewed,"ambience phrase/token present, no hard-negative cue",weak,0
hadyelsahar/ar_res_reviews:2415,ambience_candidate,decor_furniture,decor_furniture,True,False,,,الديكور,,1.0,unreviewed,"ambience phrase/token present, no hard-negative cue",weak,1
hadyelsahar/ar_res_reviews:2436,ambience_candidate,space_crowding,general_place_vibe | space_crowding,True,False,المطعم,,المطعم | ضيقه,,2.3,unreviewed,"ambience phrase/token present, no hard-negative cue",weak,1
hadyelsahar/ar_res_reviews:2458,ambience_candidate,smell,general_place_vibe | smell,True,False,المحل | المطعم | ريحه | زيت,,المحل | المطعم | ريحه,,4.2,unreviewed,only ambiguous risky tokens present - needs human judgment,weak,0
hadyelsahar/ar_res_reviews:2543,ambience_candidate,space_crowding,space_crowding,True,False,,,زحمه,,1.0,unreviewed,"ambience phrase/token present, no hard-negative cue",weak,0
hadyelsahar/ar_res_reviews:2625,ambience_candidate,seating_comfort,seating_comfort | general_place_vibe,True,False,المطعم,,الجلسات | المطعم,,2.3,unreviewed,"ambience phrase/token present, no hard-negative cue",weak,1
hadyelsahar/ar_res_reviews:2630,ambience_candidate,space_crowding,space_crowding,True,False,,,زحمه,,1.0,unreviewed,"ambience phrase/token present, no hard-negative cue",weak,1
hadyelsahar/ar_res_reviews:2631,ambience_candidate,space_crowding,space_crowding,True,False,,,زحمه,,1.0,unreviewed,"ambience phrase/token present, no hard-negative cue",weak,1
hadyelsahar/ar_res_reviews:2638,ambience_candidate,space_crowding,space_crowding,True,False,,,زحمه,,1.0,unreviewed,"ambience phrase/token present, no hard-negative cue",weak,0
hadyelsahar/ar_res_reviews:2651,ambience_candidate,space_crowding,general_place_vibe | space_crowding,True,False,المحل | المطعم,,المحل | المطعم | زحمه,,3.6,unreviewed,"ambience phrase/token present, no hard-negative cue",weak,1
hadyelsahar/ar_res_reviews:2685,ambience_candidate,privacy,privacy,True,False,,قسم العوائل,,,2.0,unreviewed,"ambience phrase/token present, no hard-negative cue",weak,1
hadyelsahar/ar_res_reviews:2686,ambience_candidate,noise_music,noise_music,True,False,,,اطفال,,1.0,unreviewed,"ambience phrase/token present, no hard-negative cue",weak,0
hadyelsahar/ar_res_reviews:2704,ambience_candidate,space_crowding,general_place_vibe | space_crowding,True,False,المطعم,,المطعم | زحمه,,2.3,unreviewed,"ambience phrase/token present, no hard-negative cue",weak,0
hadyelsahar/ar_res_reviews:2728,ambience_candidate,decor_furniture,decor_furniture,True,False,,,الديكور,,1.0,unreviewed,"ambience phrase/token present, no hard-negative cue",weak,1
hadyelsahar/ar_res_reviews:2781,ambience_candidate,smell,general_place_vibe | outdoor_view | smell,True,False,المطعم | برا | ريحه,,المطعم | برا | ريحه,الاكل | الشاورما | طعمه,3.9,unreviewed,only ambiguous risky tokens present - needs human judgment,weak,0
hadyelsahar/ar_res_reviews:2792,ambience_candidate,seating_comfort,general_place_vibe | seating_comfort | outdoor_view,True,False,المطعم | المكان | برا,,المطعم | المكان | بارتشن | برا,,4.9,unreviewed,"ambience phrase/token present, no hard-negative cue",weak,1
hadyelsahar/ar_res_reviews:2829,ambience_candidate,space_crowding,general_place_vibe | space_crowding,True,False,المكان,,المكان | ضيق,,2.3,unreviewed,"ambience phrase/token present, no hard-negative cue",weak,1
hadyelsahar/ar_res_reviews:2839,ambience_candidate,seating_comfort,seating_comfort | parking | general_place_vibe,True,False,المطعم,,الجلسات | الدخول | المطعم,,3.3,unreviewed,"ambience phrase/token present, no hard-negative cue",weak,1
hadyelsahar/ar_res_reviews:2857,ambience_candidate,seating_comfort,seating_comfort | general_place_vibe,True,False,المطعم,جلسات ارضيه,المطعم,,3.3,unreviewed,"ambience phrase/token present, no hard-negative cue",weak,1
hadyelsahar/ar_res_reviews:2866,ambience_candidate,parking,parking,True,False,,,المواقف,,1.0,unreviewed,"ambience phrase/token present, no hard-negative cue",weak,1
hadyelsahar/ar_res_reviews:2867,ambience_candidate,space_crowding,space_crowding | parking,True,False,,,زحمه | مواقف,,2.0,unreviewed,"ambience phrase/token present, no hard-negative cue",weak,1
hadyelsahar/ar_res_reviews:2893,ambience_candidate,smell,general_place_vibe | smell,True,False,الفرع | ريحه,,الفرع | ريحه,الاكل | الدجاج | الطعام | اللحم | طعمها,2.6,unreviewed,only ambiguous risky tokens present - needs human judgment,weak,0
hadyelsahar/ar_res_reviews:2904,ambience_candidate,decor_furniture,decor_furniture | lighting,True,False,,,الديكور | مظلم,,2.0,unreviewed,"ambience phrase/token present, no hard-negative cue",weak,0
hadyelsahar/ar_res_reviews:2905,ambience_candidate,temperature_ac,noise_music | parking | general_place_vibe | temperature_ac | space_crowding,True,False,المطعم | بارد,,اصوات | اطفال | الدخول | المطعم | المكيف | بارد | زحمه,,7.6,unreviewed,"ambience phrase/token present, no hard-negative cue",weak,0
hadyelsahar/ar_res_reviews:2906,ambience_candidate,temperature_ac,noise_music | parking | general_place_vibe | temperature_ac | space_crowding,True,False,المطعم | بارد,,اصوات | اطفال | الدخول | المطعم | المكيف | بارد | زحمه,,7.6,unreviewed,"ambience phrase/token present, no hard-negative cue",weak,0
hadyelsahar/ar_res_reviews:2934,ambience_candidate,decor_furniture,decor_furniture,True,False,,,الديكور,,1.0,unreviewed,"ambience phrase/token present, no hard-negative cue",weak,1
hadyelsahar/ar_res_reviews:2947,ambience_candidate,space_crowding,space_crowding,True,False,,,زحمه,,1.0,unreviewed,"ambience phrase/token present, no hard-negative cue",weak,1
hadyelsahar/ar_res_reviews:2948,ambience_candidate,space_crowding,space_crowding,True,False,,,ضيق,,1.0,unreviewed,"ambience phrase/token present, no hard-negative cue",weak,1
hadyelsahar/ar_res_reviews:2956,ambience_candidate,seating_comfort,seating_comfort,True,False,,,بارتشن,,1.0,unreviewed,"ambience phrase/token present, no hard-negative cue",weak,1
hadyelsahar/ar_res_reviews:2973,ambience_candidate,space_crowding,general_place_vibe | space_crowding,True,False,المطعم,,المطعم | زحمه,,2.3,unreviewed,"ambience phrase/token present, no hard-negative cue",weak,1
hadyelsahar/ar_res_reviews:2998,ambience_candidate,decor_furniture,decor_furniture,True,False,,,الديكور,,1.0,unreviewed,"ambience phrase/token present, no hard-negative cue",weak,1
hadyelsahar/ar_res_reviews:3004,ambience_candidate,temperature_ac,temperature_ac | space_crowding,True,False,حار,,حار | زحمه,,2.3,unreviewed,"ambience phrase/token present, no hard-negative cue",weak,1
hadyelsahar/ar_res_reviews:3052,ambience_candidate,general_place_vibe,general_place_vibe,True,False,,,الجو,,1.0,unreviewed,"ambience phrase/token present, no hard-negative cue",weak,1
hadyelsahar/ar_res_reviews:3060,ambience_candidate,decor_furniture,decor_furniture,True,False,,,الديكور,,1.0,unreviewed,"ambience phrase/token present, no hard-negative cue",weak,0
hadyelsahar/ar_res_reviews:3075,ambience_candidate,general_place_vibe,general_place_vibe,True,False,المطعم,,اجواء | المطعم,,2.3,unreviewed,"ambience phrase/token present, no hard-negative cue",weak,1
hadyelsahar/ar_res_reviews:3076,ambience_candidate,seating_comfort,general_place_vibe | seating_comfort,True,False,المطعم,,المطعم | بارتشن,,2.3,unreviewed,"ambience phrase/token present, no hard-negative cue",weak,1
hadyelsahar/ar_res_reviews:3130,ambience_candidate,seating_comfort,seating_comfort | general_place_vibe,True,False,المطعم,,البارتشن | المطعم,,2.3,unreviewed,"ambience phrase/token present, no hard-negative cue",weak,1
hadyelsahar/ar_res_reviews:3149,ambience_candidate,seating_comfort,seating_comfort | general_place_vibe | space_crowding,True,False,,,بارتشن | رايق | هادي,,3.0,unreviewed,"ambience phrase/token present, no hard-negative cue",weak,1
hadyelsahar/ar_res_reviews:3161,ambience_candidate,parking,parking | general_place_vibe | seating_comfort | noise_music,True,False,المطعم | المكان,,الدخول | المطعم | المكان | المواقف | حواجز | مزعج,,6.6,unreviewed,"ambience phrase/token present, no hard-negative cue",weak,1
hadyelsahar/ar_res_reviews:3164,ambience_candidate,seating_comfort,seating_comfort | general_place_vibe,True,False,,,الجلسه | رايق,,2.0,unreviewed,"ambience phrase/token present, no hard-negative cue",weak,1
hadyelsahar/ar_res_reviews:3168,ambience_candidate,general_place_vibe,general_place_vibe,True,False,,,رايق,,1.0,unreviewed,"ambience phrase/token present, no hard-negative cue",weak,1
hadyelsahar/ar_res_reviews:3192,ambience_candidate,general_place_vibe,general_place_vibe,True,False,,,رايق,,1.0,unreviewed,"ambience phrase/token present, no hard-negative cue",weak,1
hadyelsahar/ar_res_reviews:3193,ambience_candidate,seating_comfort,general_place_vibe | seating_comfort,True,False,المحل,,المحل | بارتشن,,2.3,unreviewed,"ambience phrase/token present, no hard-negative cue",weak,1
hadyelsahar/ar_res_reviews:3195,ambience_candidate,noise_music,general_place_vibe | noise_music,True,False,المكان,,المكان | مزعج,,2.3,unreviewed,"ambience phrase/token present, no hard-negative cue",weak,1
hadyelsahar/ar_res_reviews:3202,ambience_candidate,seating_comfort,seating_comfort | general_place_vibe,True,False,المطعم | عاليه,,الجلسات | المطعم,,2.6,unreviewed,"ambience phrase/token present, no hard-negative cue",weak,1
hadyelsahar/ar_res_reviews:3207,ambience_candidate,smell,noise_music | general_place_vibe | outdoor_view | smell,True,False,المطعم | المكان | برا | رائحه,دي جي,اصوات | المطعم | المكان | برا | رائحه,الدجاج | غاليه,8.2,unreviewed,ambience-words present alongside hard-negative cue - likely a non-ambience complaint,weak,1
hadyelsahar/ar_res_reviews:3218,ambience_candidate,space_crowding,space_crowding,True,False,,,زحمه,,1.0,unreviewed,"ambience phrase/token present, no hard-negative cue",weak,1
hadyelsahar/ar_res_reviews:3219,ambience_candidate,seating_comfort,seating_comfort | general_place_vibe | space_crowding,True,False,المطعم,,الجلسات | المطعم | مزدحم,,3.3,unreviewed,"ambience phrase/token present, no hard-negative cue",weak,1
hadyelsahar/ar_res_reviews:3235,ambience_candidate,smell,parking | decor_furniture | seating_comfort | general_place_vibe | outdoor_view | smell,True,False,الطاوله | المطعم | المكان | رائحه,,الدخول | الديكور | الطاوله | المطعم | المكان | المنظر | رائحه | طاوله,الاسعار | البطاطس | الخبز | الطعام | طلبات,9.2,unreviewed,ambience-words present alongside hard-negative cue - likely a non-ambience complaint,weak,1
hadyelsahar/ar_res_reviews:3268,ambience_candidate,space_crowding,general_place_vibe | space_crowding,True,False,,,الجو | زحمه | هادي,,3.0,unreviewed,"ambience phrase/token present, no hard-negative cue",weak,1
hadyelsahar/ar_res_reviews:3296,ambience_candidate,space_crowding,space_crowding,True,False,,,هادي,,1.0,unreviewed,"ambience phrase/token present, no hard-negative cue",weak,1
hadyelsahar/ar_res_reviews:3351,ambience_candidate,decor_furniture,decor_furniture | general_place_vibe,True,False,المطعم,,الديكور | المطعم,,2.3,unreviewed,"ambience phrase/token present, no hard-negative cue",weak,1
hadyelsahar/ar_res_reviews:3378,ambience_candidate,space_crowding,space_crowding,True,False,,,ضيقه,,1.0,unreviewed,"ambience phrase/token present, no hard-negative cue",weak,1
hadyelsahar/ar_res_reviews:3381,ambience_candidate,smell,smell | seating_comfort | general_place_vibe,True,False,المطعم | ريحه,ريحه حمام,الجلسات | المطعم | ريحه | مقفل,طعمه,6.6,unreviewed,ambience-words present alongside hard-negative cue - likely a non-ambience complaint,weak,0
hadyelsahar/ar_res_reviews:3399,ambience_candidate,general_place_vibe,general_place_vibe,True,False,,,رايق,,1.0,unreviewed,"ambience phrase/token present, no hard-negative cue",weak,1
hadyelsahar/ar_res_reviews:3402,ambience_candidate,privacy,general_place_vibe | privacy | space_crowding,True,False,المطعم,,المطعم | خصوصيه | زحمه,,3.3,unreviewed,"ambience phrase/token present, no hard-negative cue",weak,1
hadyelsahar/ar_res_reviews:3410,ambience_candidate,space_crowding,space_crowding,True,False,,,زحمه,,1.0,unreviewed,"ambience phrase/token present, no hard-negative cue",weak,1
hadyelsahar/ar_res_reviews:3416,ambience_candidate,space_crowding,general_place_vibe | space_crowding,True,False,المطعم,,المطعم | زحمه,,2.3,unreviewed,"ambience phrase/token present, no hard-negative cue",weak,1
hadyelsahar/ar_res_reviews:3422,ambience_candidate,noise_music,noise_music | general_place_vibe | space_crowding,True,False,المطعم,,ازعاج | الجو | المطعم | زحمه,,4.3,unreviewed,"ambience phrase/token present, no hard-negative cue",weak,1
hadyelsahar/ar_res_reviews:3426,ambience_candidate,decor_furniture,decor_furniture | general_place_vibe,True,False,المكان,,الديكور | المكان,,2.3,unreviewed,"ambience phrase/token present, no hard-negative cue",weak,1
hadyelsahar/ar_res_reviews:3439,ambience_candidate,seating_comfort,seating_comfort | general_place_vibe,True,False,المطعم,,القعدات | المطعم,,2.3,unreviewed,"ambience phrase/token present, no hard-negative cue",weak,1
hadyelsahar/ar_res_reviews:3460,ambience_candidate,seating_comfort,seating_comfort,True,False,,,الجلسات,,1.0,unreviewed,"ambience phrase/token present, no hard-negative cue",weak,1
hadyelsahar/ar_res_reviews:3463,ambience_candidate,decor_furniture,decor_furniture | general_place_vibe | privacy,True,False,المطعم,,الديكور | المطعم | خصوصيه,,3.3,unreviewed,"ambience phrase/token present, no hard-negative cue",weak,1
hadyelsahar/ar_res_reviews:3464,ambience_candidate,smell,general_place_vibe | smell,True,False,المطعم | ريحه,,المطعم | ريحه,,2.6,unreviewed,only ambiguous risky tokens present - needs human judgment,weak,0
hadyelsahar/ar_res_reviews:3480,ambience_candidate,general_place_vibe,general_place_vibe,True,False,المطعم,,الجو | المطعم,,2.3,unreviewed,"ambience phrase/token present, no hard-negative cue",weak,1
hadyelsahar/ar_res_reviews:3501,ambience_candidate,decor_furniture,decor_furniture,True,False,,,الديكور,,1.0,unreviewed,"ambience phrase/token present, no hard-negative cue",weak,0
hadyelsahar/ar_res_reviews:3502,ambience_candidate,noise_music,noise_music,True,False,,,ازعاج,,1.0,unreviewed,"ambience phrase/token present, no hard-negative cue",weak,1
hadyelsahar/ar_res_reviews:3509,ambience_candidate,parking,general_place_vibe | parking,True,False,المطعم,,المطعم | المواقف,,2.3,unreviewed,"ambience phrase/token present, no hard-negative cue",weak,1
hadyelsahar/ar_res_reviews:3540,ambience_candidate,smell,general_place_vibe | smell,True,False,المطعم | رائحه,,المطعم | رائحه,السلطه | الطعم,2.6,unreviewed,only ambiguous risky tokens present - needs human judgment,weak,0
hadyelsahar/ar_res_reviews:3571,ambience_candidate,general_place_vibe,general_place_vibe,True,False,,,الجو,,1.0,unreviewed,"ambience phrase/token present, no hard-negative cue",weak,0
hadyelsahar/ar_res_reviews:3628,ambience_candidate,seating_comfort,general_place_vibe | seating_comfort,True,False,المطعم,,المطعم | حواجز,,2.3,unreviewed,"ambience phrase/token present, no hard-negative cue",weak,1
hadyelsahar/ar_res_reviews:3634,ambience_candidate,smell,noise_music | seating_comfort | general_place_vibe | smell | space_crowding,True,False,المطعم | ريحه | عاليه,,ازعاج | اصوات | اطفال | الجلسات | الجو | المطعم | بزارين | رايق | ريحه | هادي,الاكل,10.9,unreviewed,ambience-words present alongside hard-negative cue - likely a non-ambience complaint,weak,1
hadyelsahar/ar_res_reviews:3650,ambience_candidate,decor_furniture,decor_furniture | general_place_vibe,True,False,المكان,,الديكور | المكان,,2.3,unreviewed,"ambience phrase/token present, no hard-negative cue",weak,1
hadyelsahar/ar_res_reviews:3652,ambience_candidate,seating_comfort,seating_comfort,True,False,,,الجلسات,,1.0,unreviewed,"ambience phrase/token present, no hard-negative cue",weak,1
hadyelsahar/ar_res_reviews:3678,ambience_candidate,general_place_vibe,general_place_vibe,True,False,المطعم | المكان,,المطعم | المكان | رايق,,3.6,unreviewed,"ambience phrase/token present, no hard-negative cue",weak,1
hadyelsahar/ar_res_reviews:3706,ambience_candidate,seating_comfort,seating_comfort | general_place_vibe | smell,True,False,المطعم | المكان,,الطاولات | المطعم | المكان | معسل,,4.6,unreviewed,"ambience phrase/token present, no hard-negative cue",weak,1
hadyelsahar/ar_res_reviews:3735,ambience_candidate,seating_comfort,general_place_vibe | seating_comfort,True,False,المطعم,,المطعم | بارتشن,,2.3,unreviewed,"ambience phrase/token present, no hard-negative cue",weak,1
hadyelsahar/ar_res_reviews:3739,ambience_candidate,general_place_vibe,general_place_vibe,True,False,,,الجو | رايق,,2.0,unreviewed,"ambience phrase/token present, no hard-negative cue",weak,1
hadyelsahar/ar_res_reviews:3749,ambience_candidate,general_place_vibe,general_place_vibe,True,False,,,رايق,,1.0,unreviewed,"ambience phrase/token present, no hard-negative cue",weak,1
hadyelsahar/ar_res_reviews:3761,ambience_candidate,smell,general_place_vibe | seating_comfort | smell,True,False,المطعم | ريحه,,الجو | الطاولات | المطعم | ريحه,الاسعار,4.6,unreviewed,ambience-words present alongside hard-negative cue - likely a non-ambience complaint,weak,1
hadyelsahar/ar_res_reviews:3763,ambience_candidate,smell,decor_furniture | seating_comfort | general_place_vibe | smell | space_crowding,True,False,المطعم | المكان | رائحه,,الاثاث | الجلسات | المطعم | المكان | رائحه | ضيقه,,6.9,unreviewed,"ambience phrase/token present, no hard-negative cue",weak,1
hadyelsahar/ar_res_reviews:3775,ambience_candidate,privacy,privacy,True,False,,,عوائل,,1.0,unreviewed,"ambience phrase/token present, no hard-negative cue",weak,1
hadyelsahar/ar_res_reviews:3869,ambience_candidate,temperature_ac,temperature_ac,True,False,,,حراره,,1.0,unreviewed,"ambience phrase/token present, no hard-negative cue",weak,1
hadyelsahar/ar_res_reviews:3874,ambience_candidate,smell,general_place_vibe | smell,True,False,المكان,,المكان | شيشه,,2.3,unreviewed,"ambience phrase/token present, no hard-negative cue",weak,1
hadyelsahar/ar_res_reviews:3878,ambience_candidate,general_place_vibe,general_place_vibe,True,False,المطعم,,المطعم | مقفل,,2.3,unreviewed,"ambience phrase/token present, no hard-negative cue",weak,1
hadyelsahar/ar_res_reviews:3890,ambience_candidate,space_crowding,space_crowding,True,False,,,زحمه,,1.0,unreviewed,"ambience phrase/token present, no hard-negative cue",weak,1
hadyelsahar/ar_res_reviews:3924,ambience_candidate,space_crowding,space_crowding,True,False,,,زحمه,,1.0,unreviewed,"ambience phrase/token present, no hard-negative cue",weak,1
hadyelsahar/ar_res_reviews:3944,ambience_candidate,space_crowding,space_crowding,True,False,,,زحمه,,1.0,unreviewed,"ambience phrase/token present, no hard-negative cue",weak,1
hadyelsahar/ar_res_reviews:3965,ambience_candidate,space_crowding,space_crowding,True,False,,,مزدحم,,1.0,unreviewed,"ambience phrase/token present, no hard-negative cue",weak,0
hadyelsahar/ar_res_reviews:3971,ambience_candidate,space_crowding,general_place_vibe | space_crowding,True,False,المطعم | بارده | عاليه,,المطعم | زحمه,,2.9,unreviewed,"ambience phrase/token present, no hard-negative cue",weak,1
hadyelsahar/ar_res_reviews:3977,ambience_candidate,seating_comfort,seating_comfort,True,False,,,الجلسات,,1.0,unreviewed,"ambience phrase/token present, no hard-negative cue",weak,1
hadyelsahar/ar_res_reviews:4055,ambience_candidate,seating_comfort,seating_comfort | general_place_vibe,True,False,المطعم,,الطاولات | المطعم,,2.3,unreviewed,"ambience phrase/token present, no hard-negative cue",weak,0
hadyelsahar/ar_res_reviews:4067,ambience_candidate,privacy,general_place_vibe | privacy,True,False,المحل,,المحل | عوائل,,2.3,unreviewed,"ambience phrase/token present, no hard-negative cue",weak,1
hadyelsahar/ar_res_reviews:4100,ambience_candidate,seating_comfort,seating_comfort,True,False,,,الجلسات,,1.0,unreviewed,"ambience phrase/token present, no hard-negative cue",weak,0
hadyelsahar/ar_res_reviews:4138,ambience_candidate,decor_furniture,decor_furniture | general_place_vibe | noise_music,True,False,المطعم,,الديكور | المطعم | صراخ,,3.3,unreviewed,"ambience phrase/token present, no hard-negative cue",weak,1
hadyelsahar/ar_res_reviews:4142,ambience_candidate,space_crowding,space_crowding,True,False,,,زحمه,,1.0,unreviewed,"ambience phrase/token present, no hard-negative cue",weak,1
hadyelsahar/ar_res_reviews:4146,ambience_candidate,decor_furniture,decor_furniture,True,False,,,الديكور,,1.0,unreviewed,"ambience phrase/token present, no hard-negative cue",weak,0
hadyelsahar/ar_res_reviews:4150,ambience_candidate,privacy,privacy,True,False,,,خصوصيه,,1.0,unreviewed,"ambience phrase/token present, no hard-negative cue",weak,1
hadyelsahar/ar_res_reviews:4155,ambience_candidate,space_crowding,general_place_vibe | space_crowding,True,False,المكان,,المكان | فاضي,,2.3,unreviewed,"ambience phrase/token present, no hard-negative cue",weak,1
hadyelsahar/ar_res_reviews:4170,ambience_candidate,seating_comfort,seating_comfort | general_place_vibe,True,False,المطعم | المكان,,الجلسات | الطاولات | المطعم | المكان,,4.6,unreviewed,"ambience phrase/token present, no hard-negative cue",weak,1
hadyelsahar/ar_res_reviews:4171,ambience_candidate,seating_comfort,seating_comfort,True,False,,,الجلسه,,1.0,unreviewed,"ambience phrase/token present, no hard-negative cue",weak,1
hadyelsahar/ar_res_reviews:4179,ambience_candidate,general_place_vibe,general_place_vibe,True,False,,,رايق,,1.0,unreviewed,"ambience phrase/token present, no hard-negative cue",weak,1
hadyelsahar/ar_res_reviews:4195,ambience_candidate,general_place_vibe,general_place_vibe,True,False,,,رايق,,1.0,unreviewed,"ambience phrase/token present, no hard-negative cue",weak,1
hadyelsahar/ar_res_reviews:4261,ambience_candidate,decor_furniture,decor_furniture,True,False,,,الديكور,,1.0,unreviewed,"ambience phrase/token present, no hard-negative cue",weak,0
hadyelsahar/ar_res_reviews:4265,ambience_candidate,general_place_vibe,general_place_vibe,True,False,المكان | قديمه,المكان قديم,الجو | المكان | كئيب,,5.6,unreviewed,"ambience phrase/token present, no hard-negative cue",weak,1
hadyelsahar/ar_res_reviews:4274,ambience_candidate,smell,general_place_vibe | smell,True,False,المكان,,المكان | معسل,الاسعار,2.3,unreviewed,ambience-words present alongside hard-negative cue - likely a non-ambience complaint,weak,1
hadyelsahar/ar_res_reviews:4275,ambience_candidate,seating_comfort,seating_comfort | general_place_vibe,True,False,المطعم,,الطاولات | المطعم,,2.3,unreviewed,"ambience phrase/token present, no hard-negative cue",weak,1
hadyelsahar/ar_res_reviews:4279,ambience_candidate,privacy,privacy,True,False,,,عوائل,,1.0,unreviewed,"ambience phrase/token present, no hard-negative cue",weak,1
hadyelsahar/ar_res_reviews:4288,ambience_candidate,general_place_vibe,general_place_vibe,True,False,,,الجو,,1.0,unreviewed,"ambience phrase/token present, no hard-negative cue",weak,1
hadyelsahar/ar_res_reviews:4337,ambience_candidate,general_place_vibe,general_place_vibe,True,False,,,رايق,,1.0,unreviewed,"ambience phrase/token present, no hard-negative cue",weak,1
hadyelsahar/ar_res_reviews:4359,ambience_candidate,space_crowding,space_crowding,True,False,,,زحمه,,1.0,unreviewed,"ambience phrase/token present, no hard-negative cue",weak,0
hadyelsahar/ar_res_reviews:4367,ambience_candidate,smell,general_place_vibe | smell,True,False,المطعم | ريحه,,المطعم | ريحه,,2.6,unreviewed,only ambiguous risky tokens present - needs human judgment,weak,1
hadyelsahar/ar_res_reviews:4379,ambience_candidate,space_crowding,space_crowding,True,False,,,زحمه,,1.0,unreviewed,"ambience phrase/token present, no hard-negative cue",weak,1
hadyelsahar/ar_res_reviews:4399,ambience_candidate,noise_music,noise_music,True,False,,,اصوات,,1.0,unreviewed,"ambience phrase/token present, no hard-negative cue",weak,0
hadyelsahar/ar_res_reviews:4401,ambience_candidate,space_crowding,space_crowding,True,False,,,زحمه,,1.0,unreviewed,"ambience phrase/token present, no hard-negative cue",weak,0
hadyelsahar/ar_res_reviews:4402,ambience_candidate,smell,general_place_vibe | smell | space_crowding,True,False,المطعم | رائحه,,المطعم | رائحه | مكتوم,الاسعار | الطعام | مبالغ فيها | مبالغ فيه,3.6,unreviewed,ambience-words present alongside hard-negative cue - likely a non-ambience complaint,weak,0
hadyelsahar/ar_res_reviews:4409,ambience_candidate,smell,decor_furniture | general_place_vibe | temperature_ac | smell,True,False,المطعم | المكان | ريحه,,الديكور | المطعم | المكان | حراره | ريحه,اسلوب | الاسعار | الاكل | الدجاج | الطعم | اللحم,5.9,unreviewed,ambience-words present alongside hard-negative cue - likely a non-ambience complaint,weak,1
hadyelsahar/ar_res_reviews:4410,ambience_candidate,smell,privacy | general_place_vibe | smell | space_crowding,True,False,المطعم | المكان | ريحه,قسم العوائل,المطعم | المكان | ريحه | ضيق,الاكل | الخبز | الدجاج | السعر | الطعام | الطعم | ما طلبت,6.9,unreviewed,ambience-words present alongside hard-negative cue - likely a non-ambience complaint,weak,1
hadyelsahar/ar_res_reviews:4417,ambience_candidate,space_crowding,general_place_vibe | space_crowding,True,False,المطعم,,المطعم | ضيق,,2.3,unreviewed,"ambience phrase/token present, no hard-negative cue",weak,0
hadyelsahar/ar_res_reviews:4420,ambience_candidate,space_crowding,space_crowding,True,False,,,ضيقه,,1.0,unreviewed,"ambience phrase/token present, no hard-negative cue",weak,1
hadyelsahar/ar_res_reviews:4427,ambience_candidate,space_crowding,space_crowding,True,False,,,ضيقه,,1.0,unreviewed,"ambience phrase/token present, no hard-negative cue",weak,0
hadyelsahar/ar_res_reviews:4433,ambience_candidate,decor_furniture,decor_furniture,True,False,,,الديكور,,1.0,unreviewed,"ambience phrase/token present, no hard-negative cue",weak,0
hadyelsahar/ar_res_reviews:4435,ambience_candidate,smell,general_place_vibe | smell | space_crowding,True,False,المطعم | المكان | رائحه,,المطعم | المكان | رائحه | مزدحم,الكاشير,4.9,unreviewed,ambience-words present alongside hard-negative cue - likely a non-ambience complaint,weak,0
hadyelsahar/ar_res_reviews:4439,ambience_candidate,seating_comfort,seating_comfort,True,False,,,الطاولات,,1.0,unreviewed,"ambience phrase/token present, no hard-negative cue",weak,0
hadyelsahar/ar_res_reviews:4442,ambience_candidate,privacy,privacy,True,False,,قسم العوائل,,,2.0,unreviewed,"ambience phrase/token present, no hard-negative cue",weak,1
hadyelsahar/ar_res_reviews:4451,ambience_candidate,smell,general_place_vibe | smell | space_crowding,True,False,المطعم | رائحه,,المطعم | رائحه | شرح | واسع,الدجاج | السعر | الكاشير | اللحم,4.6,unreviewed,ambience-words present alongside hard-negative cue - likely a non-ambience complaint,weak,1
hadyelsahar/ar_res_reviews:4453,ambience_candidate,privacy,privacy,True,False,,قسم العوائل,,,2.0,unreviewed,"ambience phrase/token present, no hard-negative cue",weak,0
hadyelsahar/ar_res_reviews:4474,ambience_candidate,smell,privacy | noise_music | general_place_vibe | seating_comfort | smell,True,False,المطعم | ريحه,قسم العوائل,ازعاج | الاجواء | البارتشن | المطعم | بارتشن | ريحه,الاكل | البطاطس | اللحم,8.6,unreviewed,ambience-words present alongside hard-negative cue - likely a non-ambience complaint,weak,1
hadyelsahar/ar_res_reviews:4478,ambience_candidate,decor_furniture,decor_furniture | general_place_vibe,True,False,المطعم,,الديكور | المطعم,,2.3,unreviewed,"ambience phrase/token present, no hard-negative cue",weak,1
hadyelsahar/ar_res_reviews:4496,ambience_candidate,temperature_ac,temperature_ac | general_place_vibe,True,False,المطعم,,التهويه | المطعم,,2.3,unreviewed,"ambience phrase/token present, no hard-negative cue",weak,0
hadyelsahar/ar_res_reviews:4513,ambience_candidate,space_crowding,space_crowding,True,False,,,هادي,,1.0,unreviewed,"ambience phrase/token present, no hard-negative cue",weak,1
hadyelsahar/ar_res_reviews:4516,ambience_candidate,decor_furniture,decor_furniture,True,False,,,الديكور,,1.0,unreviewed,"ambience phrase/token present, no hard-negative cue",weak,1
hadyelsahar/ar_res_reviews:4526,ambience_candidate,space_crowding,space_crowding,True,False,,,هادي,,1.0,unreviewed,"ambience phrase/token present, no hard-negative cue",weak,1
hadyelsahar/ar_res_reviews:4531,ambience_candidate,noise_music,noise_music,True,False,,,اطفال,,1.0,unreviewed,"ambience phrase/token present, no hard-negative cue",weak,1
hadyelsahar/ar_res_reviews:4539,ambience_candidate,privacy,privacy | space_crowding,True,False,عاليه,قسم العوائل,زحمه,,3.3,unreviewed,"ambience phrase/token present, no hard-negative cue",weak,1
hadyelsahar/ar_res_reviews:4543,ambience_candidate,general_place_vibe,general_place_vibe,True,False,,,رايق,,1.0,unreviewed,"ambience phrase/token present, no hard-negative cue",weak,1
hadyelsahar/ar_res_reviews:4572,ambience_candidate,general_place_vibe,general_place_vibe,True,False,,,رايق,,1.0,unreviewed,"ambience phrase/token present, no hard-negative cue",weak,1
hadyelsahar/ar_res_reviews:4592,ambience_candidate,decor_furniture,decor_furniture | general_place_vibe,True,False,,,الديكور | رايق,,2.0,unreviewed,"ambience phrase/token present, no hard-negative cue",weak,0
hadyelsahar/ar_res_reviews:4593,ambience_candidate,decor_furniture,decor_furniture | general_place_vibe,True,False,,,الديكور | رايق,,2.0,unreviewed,"ambience phrase/token present, no hard-negative cue",weak,0
hadyelsahar/ar_res_reviews:4600,ambience_candidate,parking,general_place_vibe | parking,True,False,المطعم | عاليه,,المطعم | المواقف,,2.6,unreviewed,"ambience phrase/token present, no hard-negative cue",weak,1
hadyelsahar/ar_res_reviews:4608,ambience_candidate,seating_comfort,seating_comfort | general_place_vibe | space_crowding,True,False,الطاوله | المطعم,,الطاوله | المطعم | زحمه | مزدحم,,4.6,unreviewed,"ambience phrase/token present, no hard-negative cue",weak,0
hadyelsahar/ar_res_reviews:4620,ambience_candidate,smell,general_place_vibe | seating_comfort | smell,True,False,المطعم | ريحه,,المطعم | بارتشن | ريحه,الاكل | البطاطس,3.6,unreviewed,ambience-words present alongside hard-negative cue - likely a non-ambience complaint,weak,1
hadyelsahar/ar_res_reviews:4629,ambience_candidate,decor_furniture,general_place_vibe | decor_furniture,True,False,,يفتح النفس,الديكور,,3.0,unreviewed,"ambience phrase/token present, no hard-negative cue",weak,1
hadyelsahar/ar_res_reviews:4636,ambience_candidate,seating_comfort,seating_comfort | general_place_vibe | privacy,True,False,المكان,,الطاولات | المكان | خصوصيه | طاوله,,4.3,unreviewed,"ambience phrase/token present, no hard-negative cue",weak,0
hadyelsahar/ar_res_reviews:4644,ambience_candidate,seating_comfort,seating_comfort | general_place_vibe,True,False,المطعم | وسخه,,الجلسه | الطاولات | المطعم,,3.6,unreviewed,"ambience phrase/token present, no hard-negative cue",weak,0
hadyelsahar/ar_res_reviews:4659,ambience_candidate,smell,general_place_vibe | smell,True,False,المطعم | ريحه | قديم,,المطعم | ريحه | قديم,البيتزا | السلطه | الكاشير,3.9,unreviewed,only ambiguous risky tokens present - needs human judgment,weak,0
hadyelsahar/ar_res_reviews:4671,ambience_candidate,space_crowding,space_crowding,True,False,,,زحمه,,1.0,unreviewed,"ambience phrase/token present, no hard-negative cue",weak,1
hadyelsahar/ar_res_reviews:4681,ambience_candidate,seating_comfort,seating_comfort | space_crowding,True,False,,,الطاولات | فاضي,,2.0,unreviewed,"ambience phrase/token present, no hard-negative cue",weak,0
hadyelsahar/ar_res_reviews:4696,ambience_candidate,smell,general_place_vibe | smell | space_crowding,True,False,المطعم | ريحه,,المطعم | ريحه | فاضي,الاسعار | البطاطس | اللحم | غاليه,3.6,unreviewed,ambience-words present alongside hard-negative cue - likely a non-ambience complaint,weak,0
hadyelsahar/ar_res_reviews:4700,ambience_candidate,seating_comfort,seating_comfort | general_place_vibe,True,False,المطعم,,الجلسات | المطعم,,2.3,unreviewed,"ambience phrase/token present, no hard-negative cue",weak,0
hadyelsahar/ar_res_reviews:4708,ambience_candidate,privacy,privacy | general_place_vibe,True,False,المطعم,قسم العوائل,المطعم,,3.3,unreviewed,"ambience phrase/token present, no hard-negative cue",weak,1
hadyelsahar/ar_res_reviews:4750,ambience_candidate,space_crowding,space_crowding,True,False,قديمه,,ضيق,,1.3,unreviewed,"ambience phrase/token present, no hard-negative cue",weak,0
hadyelsahar/ar_res_reviews:4765,ambience_candidate,lighting,lighting | general_place_vibe,True,False,المطعم,,الاضاءه | المطعم,,2.3,unreviewed,"ambience phrase/token present, no hard-negative cue",weak,1
hadyelsahar/ar_res_reviews:4777,ambience_candidate,privacy,privacy | general_place_vibe | space_crowding,True,False,المطعم | المكان,قسم العوائل,المطعم | المكان | ضيقه,,5.6,unreviewed,"ambience phrase/token present, no hard-negative cue",weak,1
hadyelsahar/ar_res_reviews:4790,ambience_candidate,general_place_vibe,general_place_vibe,True,False,المطعم,,اجواء | المطعم,,2.3,unreviewed,"ambience phrase/token present, no hard-negative cue",weak,1
hadyelsahar/ar_res_reviews:4794,ambience_candidate,smell,general_place_vibe | smell,True,False,المطعم | ريحه | زيت,,المطعم | ريحه,الدجاج | طعمها,2.9,unreviewed,only ambiguous risky tokens present - needs human judgment,weak,1
hadyelsahar/ar_res_reviews:4839,ambience_candidate,decor_furniture,decor_furniture,True,False,,,الديكور,,1.0,unreviewed,"ambience phrase/token present, no hard-negative cue",weak,0
hadyelsahar/ar_res_reviews:4841,ambience_candidate,general_place_vibe,general_place_vibe,True,False,المكان,,المكان | كئيب,,2.3,unreviewed,"ambience phrase/token present, no hard-negative cue",weak,1
hadyelsahar/ar_res_reviews:4853,ambience_candidate,decor_furniture,decor_furniture | general_place_vibe,True,False,المطعم,,الديكور | المطعم,,2.3,unreviewed,"ambience phrase/token present, no hard-negative cue",weak,1
hadyelsahar/ar_res_reviews:4860,ambience_candidate,parking,parking,True,False,,,المواقف,,1.0,unreviewed,"ambience phrase/token present, no hard-negative cue",weak,1
hadyelsahar/ar_res_reviews:4868,ambience_candidate,seating_comfort,seating_comfort | general_place_vibe,True,False,المطعم,,الطاولات | المطعم | طاوله,,3.3,unreviewed,"ambience phrase/token present, no hard-negative cue",weak,1
hadyelsahar/ar_res_reviews:4871,ambience_candidate,space_crowding,space_crowding,True,False,,,زحمه,,1.0,unreviewed,"ambience phrase/token present, no hard-negative cue",weak,1
hadyelsahar/ar_res_reviews:4875,ambience_candidate,seating_comfort,seating_comfort | general_place_vibe,True,False,المحل,,الطاولات | المحل,,2.3,unreviewed,"ambience phrase/token present, no hard-negative cue",weak,1
hadyelsahar/ar_res_reviews:4888,ambience_candidate,noise_music,noise_music | general_place_vibe,True,False,المطعم,,ازعاج | المطعم,,2.3,unreviewed,"ambience phrase/token present, no hard-negative cue",weak,0
hadyelsahar/ar_res_reviews:4904,ambience_candidate,privacy,privacy,True,False,,,عوائل,,1.0,unreviewed,"ambience phrase/token present, no hard-negative cue",weak,1
hadyelsahar/ar_res_reviews:4913,ambience_candidate,seating_comfort,seating_comfort,True,False,,,الجلسات,,1.0,unreviewed,"ambience phrase/token present, no hard-negative cue",weak,1
hadyelsahar/ar_res_reviews:4916,ambience_candidate,smell,general_place_vibe | smell,True,False,المكان | رائحه,,المكان | رائحه,,2.6,unreviewed,only ambiguous risky tokens present - needs human judgment,weak,1
hadyelsahar/ar_res_reviews:4921,ambience_candidate,space_crowding,space_crowding,True,False,,,ضيقه,,1.0,unreviewed,"ambience phrase/token present, no hard-negative cue",weak,1
hadyelsahar/ar_res_reviews:4922,ambience_candidate,seating_comfort,seating_comfort | privacy,True,False,,,الجلسات | خصوصيه,,2.0,unreviewed,"ambience phrase/token present, no hard-negative cue",weak,0
hadyelsahar/ar_res_reviews:4923,ambience_candidate,decor_furniture,decor_furniture,True,False,,,الديكور,,1.0,unreviewed,"ambience phrase/token present, no hard-negative cue",weak,1
hadyelsahar/ar_res_reviews:4927,ambience_candidate,space_crowding,space_crowding,True,False,,,زحمه,,1.0,unreviewed,"ambience phrase/token present, no hard-negative cue",weak,0
hadyelsahar/ar_res_reviews:4934,ambience_candidate,seating_comfort,seating_comfort | privacy,True,False,,,الجلسه | عوائل,,2.0,unreviewed,"ambience phrase/token present, no hard-negative cue",weak,1
hadyelsahar/ar_res_reviews:4959,ambience_candidate,seating_comfort,seating_comfort,True,False,بارده,,الجلسه,,1.3,unreviewed,"ambience phrase/token present, no hard-negative cue",weak,1
hadyelsahar/ar_res_reviews:4973,ambience_candidate,space_crowding,general_place_vibe | space_crowding,True,False,المطعم,,المطعم | هادي,,2.3,unreviewed,"ambience phrase/token present, no hard-negative cue",weak,1
hadyelsahar/ar_res_reviews:4979,ambience_candidate,smell,general_place_vibe | smell | parking,True,False,المطعم | ريحه | زيت,,المطعم | ريحه | موقف,الاكل | البرجر | الكاشير | اللحم | الوجبه,3.9,unreviewed,ambience-words present alongside hard-negative cue - likely a non-ambience complaint,weak,0
hadyelsahar/ar_res_reviews:4984,ambience_candidate,decor_furniture,decor_furniture,True,False,,,الديكور,,1.0,unreviewed,"ambience phrase/token present, no hard-negative cue",weak,1
hadyelsahar/ar_res_reviews:5013,ambience_candidate,smell,privacy | general_place_vibe | smell,True,False,المطعم | رائحه,قسم العوائل,المطعم | رائحه,الطعام,4.6,unreviewed,ambience-words present alongside hard-negative cue - likely a non-ambience complaint,weak,0
hadyelsahar/ar_res_reviews:5022,ambience_candidate,space_crowding,space_crowding,True,False,,,زحمه,,1.0,unreviewed,"ambience phrase/token present, no hard-negative cue",weak,1
hadyelsahar/ar_res_reviews:5024,ambience_candidate,smell,general_place_vibe | outdoor_view | temperature_ac | smell,True,False,المطعم | برا | ريحه,,المطعم | برا | برد | ريحه,الاكل | البطاطس | السعر,4.9,unreviewed,ambience-words present alongside hard-negative cue - likely a non-ambience complaint,weak,0
hadyelsahar/ar_res_reviews:5037,ambience_candidate,seating_comfort,seating_comfort | general_place_vibe,True,False,الفرع,,الجلسات | الفرع,,2.3,unreviewed,"ambience phrase/token present, no hard-negative cue",weak,1
hadyelsahar/ar_res_reviews:5040,ambience_candidate,space_crowding,general_place_vibe | space_crowding,True,False,المطعم,,المطعم | رايق | زحام | زحمه,,4.3,unreviewed,"ambience phrase/token present, no hard-negative cue",weak,1
hadyelsahar/ar_res_reviews:5042,ambience_candidate,space_crowding,general_place_vibe | space_crowding,True,False,المطعم,,الجو | المطعم | هادي,,3.3,unreviewed,"ambience phrase/token present, no hard-negative cue",weak,1
hadyelsahar/ar_res_reviews:5043,ambience_candidate,general_place_vibe,general_place_vibe,True,False,,,رايق,,1.0,unreviewed,"ambience phrase/token present, no hard-negative cue",weak,1
hadyelsahar/ar_res_reviews:5083,ambience_candidate,decor_furniture,decor_furniture | general_place_vibe,True,False,المحل,,الديكور | المحل,,2.3,unreviewed,"ambience phrase/token present, no hard-negative cue",weak,1
hadyelsahar/ar_res_reviews:5088,ambience_candidate,smell,general_place_vibe | smell,True,False,المطعم,,المطعم | دخان,,2.3,unreviewed,"ambience phrase/token present, no hard-negative cue",weak,0
hadyelsahar/ar_res_reviews:5091,ambience_candidate,decor_furniture,decor_furniture,True,False,,,الديكور,,1.0,unreviewed,"ambience phrase/token present, no hard-negative cue",weak,1
hadyelsahar/ar_res_reviews:5093,ambience_candidate,decor_furniture,decor_furniture | general_place_vibe,True,False,المطعم,,الديكور | المطعم,,2.3,unreviewed,"ambience phrase/token present, no hard-negative cue",weak,0
hadyelsahar/ar_res_reviews:5102,ambience_candidate,seating_comfort,general_place_vibe | seating_comfort | parking,True,False,المطعم,,المطعم | طاوله | مواقف,,3.3,unreviewed,"ambience phrase/token present, no hard-negative cue",weak,0
hadyelsahar/ar_res_reviews:5106,ambience_candidate,smell,smell | general_place_vibe,True,False,المطعم | المكان | بارده | حاره,ريحه المكان,المطعم | المكان,البرجر | الكاشير | اللحم,5.2,unreviewed,ambience-words present alongside hard-negative cue - likely a non-ambience complaint,weak,1
hadyelsahar/ar_res_reviews:5108,ambience_candidate,smell,general_place_vibe | smell | seating_comfort,True,False,المحل | المطعم,,المحل | المطعم | دخان | طاوله,البطاطس | الطعام | الطعم | الكاشير,4.6,unreviewed,ambience-words present alongside hard-negative cue - likely a non-ambience complaint,weak,1
hadyelsahar/ar_res_reviews:5115,ambience_candidate,smell,general_place_vibe | smell,True,False,المطعم | رائحه,,المطعم | دخان | رائحه,اللحم,3.6,unreviewed,ambience-words present alongside hard-negative cue - likely a non-ambience complaint,weak,1
hadyelsahar/ar_res_reviews:5126,ambience_candidate,seating_comfort,seating_comfort,True,False,,,الطاولات,,1.0,unreviewed,"ambience phrase/token present, no hard-negative cue",weak,0
hadyelsahar/ar_res_reviews:5136,ambience_candidate,general_place_vibe,general_place_vibe,True,False,,,رايق,,1.0,unreviewed,"ambience phrase/token present, no hard-negative cue",weak,1
hadyelsahar/ar_res_reviews:5142,ambience_candidate,noise_music,noise_music,True,False,,,مزعج,,1.0,unreviewed,"ambience phrase/token present, no hard-negative cue",weak,1
hadyelsahar/ar_res_reviews:5143,ambience_candidate,smell,general_place_vibe | smell,True,False,المطعم | ريحه,,المطعم | ريحه,الاسعار | البرجر,2.6,unreviewed,only ambiguous risky tokens present - needs human judgment,weak,1
hadyelsahar/ar_res_reviews:5259,ambience_candidate,space_crowding,space_crowding,True,False,,,زحمه,,1.0,unreviewed,"ambience phrase/token present, no hard-negative cue",weak,1
hadyelsahar/ar_res_reviews:5287,ambience_candidate,seating_comfort,seating_comfort,True,False,,,الجلسات | الجلسه,,2.0,unreviewed,"ambience phrase/token present, no hard-negative cue",weak,1
hadyelsahar/ar_res_reviews:5304,ambience_candidate,seating_comfort,general_place_vibe | seating_comfort,True,False,المطعم,,المطعم | طاوله,,2.3,unreviewed,"ambience phrase/token present, no hard-negative cue",weak,1
hadyelsahar/ar_res_reviews:5314,ambience_candidate,smell,seating_comfort | smell,True,False,رائحه,,الجلسات | رائحه,الدجاج | انتظرت,2.3,unreviewed,ambience-words present alongside hard-negative cue - likely a non-ambience complaint,weak,1
hadyelsahar/ar_res_reviews:5315,ambience_candidate,smell,smell | seating_comfort | general_place_vibe,True,False,الطاوله | المطعم | المكان | ريحه,ريحه دخان,الطاوله | المطعم | المكان | دخان | ريحه,الاكل | الدجاج,8.2,unreviewed,ambience-words present alongside hard-negative cue - likely a non-ambience complaint,weak,0
hadyelsahar/ar_res_reviews:5320,ambience_candidate,space_crowding,space_crowding,True,False,,,زحمه,,1.0,unreviewed,"ambience phrase/token present, no hard-negative cue",weak,1
hadyelsahar/ar_res_reviews:5328,ambience_candidate,seating_comfort,seating_comfort,True,False,,,البارتشن,,1.0,unreviewed,"ambience phrase/token present, no hard-negative cue",weak,1
hadyelsahar/ar_res_reviews:5423,ambience_candidate,smell,general_place_vibe | smell,True,False,المطعم | ريحه,,المطعم | ريحه,,2.6,unreviewed,only ambiguous risky tokens present - needs human judgment,weak,0
hadyelsahar/ar_res_reviews:5450,ambience_candidate,bathroom_facilities,general_place_vibe | bathroom_facilities,True,False,المطعم | وسخ,,المطعم | المناديل,,2.6,unreviewed,"ambience phrase/token present, no hard-negative cue",weak,1
hadyelsahar/ar_res_reviews:5455,ambience_candidate,space_crowding,space_crowding,True,False,,,زحمه,,1.0,unreviewed,"ambience phrase/token present, no hard-negative cue",weak,1
hadyelsahar/ar_res_reviews:5478,ambience_candidate,smell,general_place_vibe | smell | parking,True,False,المطعم | المكان | رائحه,,المطعم | المكان | رائحه | موقف,الدجاج,4.9,unreviewed,ambience-words present alongside hard-negative cue - likely a non-ambience complaint,weak,1
hadyelsahar/ar_res_reviews:5479,ambience_candidate,seating_comfort,seating_comfort,True,False,,,الطاولات | طاوله,,2.0,unreviewed,"ambience phrase/token present, no hard-negative cue",weak,1
hadyelsahar/ar_res_reviews:5480,ambience_candidate,seating_comfort,seating_comfort,True,False,,,الجلسات,,1.0,unreviewed,"ambience phrase/token present, no hard-negative cue",weak,1
hadyelsahar/ar_res_reviews:5504,ambience_candidate,general_place_vibe,general_place_vibe,True,False,المطعم,,الجو | المطعم,,2.3,unreviewed,"ambience phrase/token present, no hard-negative cue",weak,1
hadyelsahar/ar_res_reviews:5515,ambience_candidate,privacy,privacy | seating_comfort | general_place_vibe,True,False,المكان,قسم العوائل,الطاولات | الكراسي | المكان,,5.3,unreviewed,"ambience phrase/token present, no hard-negative cue",weak,0
hadyelsahar/ar_res_reviews:5517,ambience_candidate,space_crowding,general_place_vibe | space_crowding,True,False,المطعم | المكان,,المطعم | المكان | ضيق,,3.6,unreviewed,"ambience phrase/token present, no hard-negative cue",weak,1
hadyelsahar/ar_res_reviews:5530,ambience_candidate,space_crowding,general_place_vibe | space_crowding,True,False,المكان,,المكان | هادي,,2.3,unreviewed,"ambience phrase/token present, no hard-negative cue",weak,1
hadyelsahar/ar_res_reviews:5534,ambience_candidate,temperature_ac,temperature_ac | general_place_vibe,True,False,,,التكييف | رايق,,2.0,unreviewed,"ambience phrase/token present, no hard-negative cue",weak,1
hadyelsahar/ar_res_reviews:5540,ambience_candidate,general_place_vibe,general_place_vibe,True,False,المطعم,,الجو | المطعم,,2.3,unreviewed,"ambience phrase/token present, no hard-negative cue",weak,1
hadyelsahar/ar_res_reviews:5557,ambience_candidate,smell,general_place_vibe | smell,True,False,الفرع | المطعم | المكان | وسخ,,الفرع | المطعم | المكان | مجاري,,5.2,unreviewed,"ambience phrase/token present, no hard-negative cue",weak,1
hadyelsahar/ar_res_reviews:5564,ambience_candidate,seating_comfort,seating_comfort,True,False,,,الجلسات,,1.0,unreviewed,"ambience phrase/token present, no hard-negative cue",weak,1
hadyelsahar/ar_res_reviews:5565,ambience_candidate,seating_comfort,seating_comfort,True,False,,,الجلسات,,1.0,unreviewed,"ambience phrase/token present, no hard-negative cue",weak,1
hadyelsahar/ar_res_reviews:5571,ambience_candidate,temperature_ac,temperature_ac | space_crowding,True,False,بارد,,بارد | زحمه,,2.3,unreviewed,"ambience phrase/token present, no hard-negative cue",weak,1
hadyelsahar/ar_res_reviews:5588,ambience_candidate,smell,decor_furniture | general_place_vibe | smell,True,False,المطعم | المكان | رائحه,,الديكور | المطعم | المكان | رائحه,الاكل | الطعم,4.9,unreviewed,ambience-words present alongside hard-negative cue - likely a non-ambience complaint,weak,1
hadyelsahar/ar_res_reviews:5606,ambience_candidate,smell,general_place_vibe | smell,True,False,المطعم | ريحه,,المطعم | ريحه,,2.6,unreviewed,only ambiguous risky tokens present - needs human judgment,weak,0
hadyelsahar/ar_res_reviews:5608,ambience_candidate,smell,seating_comfort | general_place_vibe | smell | space_crowding,True,False,المطعم | ريحه,,الجلسه | المطعم | ريحه | ضيقه,الاكل | الرز,4.6,unreviewed,ambience-words present alongside hard-negative cue - likely a non-ambience complaint,weak,0
hadyelsahar/ar_res_reviews:5633,ambience_candidate,seating_comfort,seating_comfort,True,False,,,الجلسات,,1.0,unreviewed,"ambience phrase/token present, no hard-negative cue",weak,1
hadyelsahar/ar_res_reviews:5653,ambience_candidate,space_crowding,general_place_vibe | space_crowding,True,False,المطعم,,المطعم | زحمه,,2.3,unreviewed,"ambience phrase/token present, no hard-negative cue",weak,1
hadyelsahar/ar_res_reviews:5664,ambience_candidate,space_crowding,space_crowding,True,False,,,زحمه,,1.0,unreviewed,"ambience phrase/token present, no hard-negative cue",weak,0
hadyelsahar/ar_res_reviews:5674,ambience_candidate,lighting,lighting | seating_comfort,True,False,,,الاضاءه | الجلسات,,2.0,unreviewed,"ambience phrase/token present, no hard-negative cue",weak,0
hadyelsahar/ar_res_reviews:5675,ambience_candidate,decor_furniture,decor_furniture | general_place_vibe,True,False,المطعم,,الديكور | المطعم,,2.3,unreviewed,"ambience phrase/token present, no hard-negative cue",weak,1
hadyelsahar/ar_res_reviews:5678,ambience_candidate,noise_music,noise_music,True,False,,,ازعاج,,1.0,unreviewed,"ambience phrase/token present, no hard-negative cue",weak,0
hadyelsahar/ar_res_reviews:5679,ambience_candidate,temperature_ac,seating_comfort | general_place_vibe | temperature_ac,True,False,المطعم | بارد,,الجلسات | المطعم | بارد,,3.6,unreviewed,"ambience phrase/token present, no hard-negative cue",weak,0
hadyelsahar/ar_res_reviews:5687,ambience_candidate,seating_comfort,seating_comfort | privacy | parking,True,False,,,الكراسي | مكشوف | موقف,,3.0,unreviewed,"ambience phrase/token present, no hard-negative cue",weak,0
hadyelsahar/ar_res_reviews:5710,ambience_candidate,general_place_vibe,general_place_vibe,True,False,المكان,يفتح النفس,المكان,,3.3,unreviewed,"ambience phrase/token present, no hard-negative cue",weak,1
hadyelsahar/ar_res_reviews:5713,ambience_candidate,temperature_ac,temperature_ac | general_place_vibe,True,False,المحل | عاليه,,التكييف | المحل,,2.6,unreviewed,"ambience phrase/token present, no hard-negative cue",weak,1
hadyelsahar/ar_res_reviews:5725,ambience_candidate,decor_furniture,decor_furniture | general_place_vibe,True,False,المكان,,الديكور | المكان,,2.3,unreviewed,"ambience phrase/token present, no hard-negative cue",weak,1
hadyelsahar/ar_res_reviews:5741,ambience_candidate,smell,seating_comfort | parking | general_place_vibe | smell,True,False,الطاوله | المطعم | ريحه,,الجلسات | الدخول | الطاوله | المطعم | ريحه,الاكل | الخبز | الشاورما | طعمه | طعمها,5.9,unreviewed,ambience-words present alongside hard-negative cue - likely a non-ambience complaint,weak,0
hadyelsahar/ar_res_reviews:5748,ambience_candidate,smell,general_place_vibe | smell,True,False,المطعم | رائحه,,المطعم | رائحه,الخبز | الفاتوره | خطا | ما طلبنا,2.6,unreviewed,multi-word hard-negative phrase present - confirmed non-ambience,weak,0
hadyelsahar/ar_res_reviews:5749,ambience_candidate,space_crowding,general_place_vibe | space_crowding,True,False,المطعم | المكان,,المطعم | المكان | ضيق,,3.6,unreviewed,"ambience phrase/token present, no hard-negative cue",weak,1
hadyelsahar/ar_res_reviews:5800,ambience_candidate,decor_furniture,decor_furniture | general_place_vibe,True,False,المطعم,,الديكور | المطعم,,2.3,unreviewed,"ambience phrase/token present, no hard-negative cue",weak,1
hadyelsahar/ar_res_reviews:5806,ambience_candidate,seating_comfort,seating_comfort,True,False,,,الطاولات,,1.0,unreviewed,"ambience phrase/token present, no hard-negative cue",weak,0
hadyelsahar/ar_res_reviews:5828,ambience_candidate,seating_comfort,seating_comfort,True,False,,,الجلسات,,1.0,unreviewed,"ambience phrase/token present, no hard-negative cue",weak,1
hadyelsahar/ar_res_reviews:5829,ambience_candidate,general_place_vibe,general_place_vibe,True,False,المطعم,,الجو | المطعم,,2.3,unreviewed,"ambience phrase/token present, no hard-negative cue",weak,1
hadyelsahar/ar_res_reviews:5835,ambience_candidate,outdoor_view,outdoor_view,True,False,,,اطلاله,,1.0,unreviewed,"ambience phrase/token present, no hard-negative cue",weak,1
hadyelsahar/ar_res_reviews:5894,ambience_candidate,noise_music,noise_music | general_place_vibe | parking,True,False,المطعم,,ازعاج | المطعم | المواقف,,3.3,unreviewed,"ambience phrase/token present, no hard-negative cue",weak,1
hadyelsahar/ar_res_reviews:5895,ambience_candidate,parking,parking,True,False,,,مواقف,,1.0,unreviewed,"ambience phrase/token present, no hard-negative cue",weak,0
hadyelsahar/ar_res_reviews:5901,ambience_candidate,seating_comfort,seating_comfort | general_place_vibe | outdoor_view,True,False,المطعم | برا,,الجلسه | المطعم | برا,,3.6,unreviewed,"ambience phrase/token present, no hard-negative cue",weak,0
hadyelsahar/ar_res_reviews:5907,ambience_candidate,decor_furniture,general_place_vibe | decor_furniture | seating_comfort,True,False,المطعم,,اجواء | الديكور | المطعم | بارتشن,,4.3,unreviewed,"ambience phrase/token present, no hard-negative cue",weak,1
hadyelsahar/ar_res_reviews:5921,ambience_candidate,smell,general_place_vibe | smell,True,False,المطعم | رائحه,,المطعم | رائحه,الاكل,2.6,unreviewed,only ambiguous risky tokens present - needs human judgment,weak,0
hadyelsahar/ar_res_reviews:5928,ambience_candidate,temperature_ac,temperature_ac | space_crowding,True,False,بارد,,بارد | زحمه,,2.3,unreviewed,"ambience phrase/token present, no hard-negative cue",weak,1
hadyelsahar/ar_res_reviews:5937,ambience_candidate,privacy,privacy | decor_furniture,True,False,,قسم العوائل,الديكور,,3.0,unreviewed,"ambience phrase/token present, no hard-negative cue",weak,1
hadyelsahar/ar_res_reviews:5959,ambience_candidate,smell,general_place_vibe | smell,True,False,المطعم | رائحه,,المطعم | رائحه,الدجاج,2.6,unreviewed,only ambiguous risky tokens present - needs human judgment,weak,0
hadyelsahar/ar_res_reviews:5982,ambience_candidate,seating_comfort,seating_comfort | general_place_vibe,True,False,المطعم,,الطاولات | المطعم,,2.3,unreviewed,"ambience phrase/token present, no hard-negative cue",weak,1
hadyelsahar/ar_res_reviews:5983,ambience_candidate,smell,general_place_vibe | smell,True,False,المطعم | رائحه,,المطعم | رائحه,الاكل | الرز | الطعام | طعمه,2.6,unreviewed,only ambiguous risky tokens present - needs human judgment,weak,1
hadyelsahar/ar_res_reviews:5991,ambience_candidate,space_crowding,general_place_vibe | space_crowding,True,False,المطعم,,المطعم | هادي,,2.3,unreviewed,"ambience phrase/token present, no hard-negative cue",weak,1
hadyelsahar/ar_res_reviews:5992,ambience_candidate,privacy,privacy | general_place_vibe,True,False,المطعم,,افراد | المطعم,,2.3,unreviewed,"ambience phrase/token present, no hard-negative cue",weak,1
hadyelsahar/ar_res_reviews:5993,ambience_candidate,privacy,general_place_vibe | privacy,True,False,المطعم | المكان,,المطعم | المكان | عوائل,,3.6,unreviewed,"ambience phrase/token present, no hard-negative cue",weak,1
hadyelsahar/ar_res_reviews:6014,ambience_candidate,outdoor_view,general_place_vibe | outdoor_view,True,False,المطعم,,المطعم | الواجهه,,2.3,unreviewed,"ambience phrase/token present, no hard-negative cue",weak,1
hadyelsahar/ar_res_reviews:6021,ambience_candidate,space_crowding,general_place_vibe | space_crowding,True,False,المطعم,,المطعم | زحمه,,2.3,unreviewed,"ambience phrase/token present, no hard-negative cue",weak,0
hadyelsahar/ar_res_reviews:6030,ambience_candidate,general_place_vibe,general_place_vibe,True,False,,,رايق,,1.0,unreviewed,"ambience phrase/token present, no hard-negative cue",weak,1
hadyelsahar/ar_res_reviews:6040,ambience_candidate,privacy,general_place_vibe | privacy,True,False,المطعم | المكان,,المطعم | المكان | عوائل,,3.6,unreviewed,"ambience phrase/token present, no hard-negative cue",weak,1
hadyelsahar/ar_res_reviews:6042,ambience_candidate,space_crowding,space_crowding,True,False,,,زحمه,,1.0,unreviewed,"ambience phrase/token present, no hard-negative cue",weak,1
hadyelsahar/ar_res_reviews:6046,ambience_candidate,seating_comfort,general_place_vibe | seating_comfort,True,False,المطعم,,المطعم | طاوله,,2.3,unreviewed,"ambience phrase/token present, no hard-negative cue",weak,1
hadyelsahar/ar_res_reviews:6083,ambience_candidate,space_crowding,general_place_vibe | space_crowding,True,False,المطعم,,المطعم | ضيق,,2.3,unreviewed,"ambience phrase/token present, no hard-negative cue",weak,0
hadyelsahar/ar_res_reviews:6092,ambience_candidate,temperature_ac,temperature_ac,True,False,,,حراره,,1.0,unreviewed,"ambience phrase/token present, no hard-negative cue",weak,1
hadyelsahar/ar_res_reviews:6104,ambience_candidate,space_crowding,general_place_vibe | space_crowding,True,False,المطعم,,المطعم | زحمه,,2.3,unreviewed,"ambience phrase/token present, no hard-negative cue",weak,1
hadyelsahar/ar_res_reviews:6110,ambience_candidate,seating_comfort,seating_comfort | general_place_vibe | space_crowding,True,False,المطعم,,الجلسات | المطعم | زحمه,,3.3,unreviewed,"ambience phrase/token present, no hard-negative cue",weak,1
hadyelsahar/ar_res_reviews:6123,ambience_candidate,seating_comfort,seating_comfort,True,False,,,الجلسه,,1.0,unreviewed,"ambience phrase/token present, no hard-negative cue",weak,1
hadyelsahar/ar_res_reviews:6145,ambience_candidate,parking,parking | general_place_vibe | space_crowding,True,False,المكان,,المدخل | المكان | زحمه,,3.3,unreviewed,"ambience phrase/token present, no hard-negative cue",weak,1
hadyelsahar/ar_res_reviews:6146,ambience_candidate,noise_music,noise_music | seating_comfort | general_place_vibe,True,False,المكان,دي جي,الجلسات | المكان,,4.3,unreviewed,"ambience phrase/token present, no hard-negative cue",weak,1
hadyelsahar/ar_res_reviews:6150,ambience_candidate,privacy,privacy | seating_comfort,True,False,بارده,قسم العوائل,الطاولات,,3.3,unreviewed,"ambience phrase/token present, no hard-negative cue",weak,0
hadyelsahar/ar_res_reviews:6158,ambience_candidate,general_place_vibe,general_place_vibe,True,False,,,الجو,,1.0,unreviewed,"ambience phrase/token present, no hard-negative cue",weak,1
hadyelsahar/ar_res_reviews:6208,ambience_candidate,space_crowding,space_crowding,True,False,,,ضيق,,1.0,unreviewed,"ambience phrase/token present, no hard-negative cue",weak,1
hadyelsahar/ar_res_reviews:6224,ambience_candidate,lighting,lighting,True,False,,,ظلام,,1.0,unreviewed,"ambience phrase/token present, no hard-negative cue",weak,1
hadyelsahar/ar_res_reviews:6226,ambience_candidate,decor_furniture,decor_furniture | general_place_vibe,True,False,,,الديكور | رايق,,2.0,unreviewed,"ambience phrase/token present, no hard-negative cue",weak,0
hadyelsahar/ar_res_reviews:6228,ambience_candidate,general_place_vibe,general_place_vibe,True,False,,,الجو,,1.0,unreviewed,"ambience phrase/token present, no hard-negative cue",weak,1
hadyelsahar/ar_res_reviews:6241,ambience_candidate,general_place_vibe,general_place_vibe,True,False,بارده,,رايق,,1.3,unreviewed,"ambience phrase/token present, no hard-negative cue",weak,1
hadyelsahar/ar_res_reviews:6245,ambience_candidate,space_crowding,general_place_vibe | space_crowding,True,False,المطعم | المكان,,المطعم | المكان | ضيق,,3.6,unreviewed,"ambience phrase/token present, no hard-negative cue",weak,1
hadyelsahar/ar_res_reviews:6260,ambience_candidate,temperature_ac,privacy | temperature_ac,True,False,بارد,قسم العوائل,بارد,,3.3,unreviewed,"ambience phrase/token present, no hard-negative cue",weak,0
hadyelsahar/ar_res_reviews:6269,ambience_candidate,decor_furniture,decor_furniture | general_place_vibe,True,False,المكان,,الجدران | المكان,,2.3,unreviewed,"ambience phrase/token present, no hard-negative cue",weak,1
hadyelsahar/ar_res_reviews:6303,ambience_candidate,decor_furniture,decor_furniture,True,False,,,الديكور,,1.0,unreviewed,"ambience phrase/token present, no hard-negative cue",weak,1
hadyelsahar/ar_res_reviews:6367,ambience_candidate,smell,general_place_vibe | smell,True,False,المطعم | ريحه,,المطعم | ريحه,غاليه,2.6,unreviewed,only ambiguous risky tokens present - needs human judgment,weak,0
hadyelsahar/ar_res_reviews:6369,ambience_candidate,general_place_vibe,general_place_vibe,True,False,,يفتح النفس,,,2.0,unreviewed,"ambience phrase/token present, no hard-negative cue",weak,0
hadyelsahar/ar_res_reviews:6389,ambience_candidate,space_crowding,space_crowding,True,False,,,زحمه,,1.0,unreviewed,"ambience phrase/token present, no hard-negative cue",weak,1
hadyelsahar/ar_res_reviews:6421,ambience_candidate,general_place_vibe,general_place_vibe,True,False,المطعم,يفتح النفس,المطعم,,3.3,unreviewed,"ambience phrase/token present, no hard-negative cue",weak,1
hadyelsahar/ar_res_reviews:6457,ambience_candidate,seating_comfort,seating_comfort | general_place_vibe,True,False,المطعم,,الجلسات | الجلسه | المطعم,,3.3,unreviewed,"ambience phrase/token present, no hard-negative cue",weak,1
hadyelsahar/ar_res_reviews:6458,ambience_candidate,seating_comfort,seating_comfort | general_place_vibe,True,False,المطعم | المكان,,الجلسه | المطعم | المكان,,3.6,unreviewed,"ambience phrase/token present, no hard-negative cue",weak,1
hadyelsahar/ar_res_reviews:6460,ambience_candidate,outdoor_view,general_place_vibe | outdoor_view,True,False,المطعم | المكان | برا,يفتح النفس,المطعم | المكان | برا,,5.9,unreviewed,"ambience phrase/token present, no hard-negative cue",weak,1
hadyelsahar/ar_res_reviews:6470,ambience_candidate,smell,noise_music | smell | space_crowding,True,False,ريحه,,ازعاج | اطفال | ريحه | زحمه,,4.3,unreviewed,"ambience phrase/token present, no hard-negative cue",weak,0
hadyelsahar/ar_res_reviews:6489,ambience_candidate,smell,decor_furniture | general_place_vibe | outdoor_view | smell,True,False,المطعم | برا | ريحه,,الديكور | المطعم | برا | ريحه,الاسعار | الطعام | الطعم | الوجبه | غالي,4.9,unreviewed,ambience-words present alongside hard-negative cue - likely a non-ambience complaint,weak,1
hadyelsahar/ar_res_reviews:6492,ambience_candidate,parking,parking,True,False,,,موقف,,1.0,unreviewed,"ambience phrase/token present, no hard-negative cue",weak,1
hadyelsahar/ar_res_reviews:6498,ambience_candidate,seating_comfort,seating_comfort | general_place_vibe,True,False,المطعم,,الجلسات | المطعم,,2.3,unreviewed,"ambience phrase/token present, no hard-negative cue",weak,1
hadyelsahar/ar_res_reviews:6503,ambience_candidate,noise_music,noise_music | general_place_vibe,True,False,المطعم,,ازعاج | المطعم | بزارين,,3.3,unreviewed,"ambience phrase/token present, no hard-negative cue",weak,1
hadyelsahar/ar_res_reviews:6505,ambience_candidate,noise_music,noise_music | general_place_vibe | space_crowding,True,False,المطعم,,ازعاج | المطعم | ضيق,,3.3,unreviewed,"ambience phrase/token present, no hard-negative cue",weak,1
hadyelsahar/ar_res_reviews:6507,ambience_candidate,privacy,privacy | space_crowding,True,False,,قسم العوائل,زحمه,,3.0,unreviewed,"ambience phrase/token present, no hard-negative cue",weak,1
hadyelsahar/ar_res_reviews:6511,ambience_candidate,privacy,privacy,True,False,,قسم العوائل,,,2.0,unreviewed,"ambience phrase/token present, no hard-negative cue",weak,0
hadyelsahar/ar_res_reviews:6524,ambience_candidate,parking,general_place_vibe | parking,True,False,الفرع,,الفرع | المواقف,,2.3,unreviewed,"ambience phrase/token present, no hard-negative cue",weak,1
hadyelsahar/ar_res_reviews:6525,ambience_candidate,space_crowding,space_crowding,True,False,,,زحمه,,1.0,unreviewed,"ambience phrase/token present, no hard-negative cue",weak,1
hadyelsahar/ar_res_reviews:6555,ambience_candidate,lighting,lighting | general_place_vibe,True,False,المكان,,الاضاءه | المكان,,2.3,unreviewed,"ambience phrase/token present, no hard-negative cue",weak,1
hadyelsahar/ar_res_reviews:6593,ambience_candidate,seating_comfort,seating_comfort | general_place_vibe,True,False,المطعم,,الجلسات | المطعم,,2.3,unreviewed,"ambience phrase/token present, no hard-negative cue",weak,1
hadyelsahar/ar_res_reviews:6597,ambience_candidate,general_place_vibe,general_place_vibe,True,False,المكان,,المكان | رايق,,2.3,unreviewed,"ambience phrase/token present, no hard-negative cue",weak,1
hadyelsahar/ar_res_reviews:6604,ambience_candidate,privacy,general_place_vibe | privacy | parking,True,False,المطعم | عاليه | متسخه,,المطعم | عوائل | موقف,,3.9,unreviewed,"ambience phrase/token present, no hard-negative cue",weak,0
hadyelsahar/ar_res_reviews:6605,ambience_candidate,space_crowding,general_place_vibe | space_crowding | parking,True,False,,,رايق | زحمه | مواقف,,3.0,unreviewed,"ambience phrase/token present, no hard-negative cue",weak,1
hadyelsahar/ar_res_reviews:6624,ambience_candidate,smell,general_place_vibe | smell,True,False,,,الجو | دخان,,2.0,unreviewed,"ambience phrase/token present, no hard-negative cue",weak,1
hadyelsahar/ar_res_reviews:6634,ambience_candidate,decor_furniture,decor_furniture | general_place_vibe,True,False,,,الديكور | كئيب,,2.0,unreviewed,"ambience phrase/token present, no hard-negative cue",weak,0
hadyelsahar/ar_res_reviews:6671,ambience_candidate,seating_comfort,seating_comfort | general_place_vibe | parking,True,False,المكان,,الطاولات | المكان | مواقف,,3.3,unreviewed,"ambience phrase/token present, no hard-negative cue",weak,1
hadyelsahar/ar_res_reviews:6672,ambience_candidate,seating_comfort,seating_comfort,True,False,,,الطاولات,,1.0,unreviewed,"ambience phrase/token present, no hard-negative cue",weak,1
hadyelsahar/ar_res_reviews:6687,ambience_candidate,seating_comfort,seating_comfort,True,False,,,الجلسات,,1.0,unreviewed,"ambience phrase/token present, no hard-negative cue",weak,1
hadyelsahar/ar_res_reviews:6708,ambience_candidate,privacy,general_place_vibe | privacy,True,False,المطعم,,المطعم | عوائل,,2.3,unreviewed,"ambience phrase/token present, no hard-negative cue",weak,1
hadyelsahar/ar_res_reviews:6721,ambience_candidate,privacy,privacy,True,False,,قسم العوائل,,,2.0,unreviewed,"ambience phrase/token present, no hard-negative cue",weak,0
hadyelsahar/ar_res_reviews:6739,ambience_candidate,decor_furniture,decor_furniture,True,False,,,الديكور,,1.0,unreviewed,"ambience phrase/token present, no hard-negative cue",weak,1
hadyelsahar/ar_res_reviews:6740,ambience_candidate,space_crowding,general_place_vibe | space_crowding,True,False,المطعم | المكان,,المطعم | المكان | زحمه,,3.6,unreviewed,"ambience phrase/token present, no hard-negative cue",weak,1
hadyelsahar/ar_res_reviews:6741,ambience_candidate,decor_furniture,general_place_vibe | decor_furniture,True,False,,,الجو | الديكور,,2.0,unreviewed,"ambience phrase/token present, no hard-negative cue",weak,1
hadyelsahar/ar_res_reviews:6751,ambience_candidate,seating_comfort,seating_comfort | general_place_vibe | space_crowding,True,False,المطعم,,الجلسه | المطعم | شرح | هادي,,4.3,unreviewed,"ambience phrase/token present, no hard-negative cue",weak,1
hadyelsahar/ar_res_reviews:6760,ambience_candidate,privacy,privacy | general_place_vibe | parking,True,False,المطعم,قسم العوائل,المطعم | المواقف,,4.3,unreviewed,"ambience phrase/token present, no hard-negative cue",weak,1
hadyelsahar/ar_res_reviews:6771,ambience_candidate,decor_furniture,decor_furniture | general_place_vibe,True,False,المطعم,,الديكور | المطعم,,2.3,unreviewed,"ambience phrase/token present, no hard-negative cue",weak,1
hadyelsahar/ar_res_reviews:6777,ambience_candidate,decor_furniture,decor_furniture | general_place_vibe,True,False,المطعم,,الديكور | المطعم,,2.3,unreviewed,"ambience phrase/token present, no hard-negative cue",weak,1
hadyelsahar/ar_res_reviews:6785,ambience_candidate,seating_comfort,seating_comfort | general_place_vibe,True,False,المطعم | المكان,,الجلسات | المطعم | المكان,,3.6,unreviewed,"ambience phrase/token present, no hard-negative cue",weak,1
hadyelsahar/ar_res_reviews:6839,ambience_candidate,general_place_vibe,general_place_vibe,True,False,,,رايق,,1.0,unreviewed,"ambience phrase/token present, no hard-negative cue",weak,1
hadyelsahar/ar_res_reviews:6853,ambience_candidate,decor_furniture,decor_furniture,True,False,,,الديكور,,1.0,unreviewed,"ambience phrase/token present, no hard-negative cue",weak,1
hadyelsahar/ar_res_reviews:6855,ambience_candidate,parking,general_place_vibe | parking,True,False,عاليه,,الجو | المواقف | مواقف,,3.3,unreviewed,"ambience phrase/token present, no hard-negative cue",weak,0
hadyelsahar/ar_res_reviews:6861,ambience_candidate,seating_comfort,seating_comfort,True,False,,,بارتشن,,1.0,unreviewed,"ambience phrase/token present, no hard-negative cue",weak,1
hadyelsahar/ar_res_reviews:6874,ambience_candidate,seating_comfort,seating_comfort,True,False,,,الجلسه,,1.0,unreviewed,"ambience phrase/token present, no hard-negative cue",weak,1
hadyelsahar/ar_res_reviews:6875,ambience_candidate,privacy,privacy | general_place_vibe,True,False,المحل,قسم العوائل,المحل,,3.3,unreviewed,"ambience phrase/token present, no hard-negative cue",weak,1
hadyelsahar/ar_res_reviews:6876,ambience_candidate,space_crowding,space_crowding,True,False,,,زحمه,,1.0,unreviewed,"ambience phrase/token present, no hard-negative cue",weak,1
hadyelsahar/ar_res_reviews:6913,ambience_candidate,smell,seating_comfort | general_place_vibe | smell | space_crowding,True,False,المطعم | ريحه,,الجلسه | المطعم | ريحه | ضيق,,4.6,unreviewed,"ambience phrase/token present, no hard-negative cue",weak,1
hadyelsahar/ar_res_reviews:6915,ambience_candidate,seating_comfort,seating_comfort | general_place_vibe | noise_music,True,False,الطاوله | المطعم,,الطاوله | المطعم | مزعج,,3.6,unreviewed,"ambience phrase/token present, no hard-negative cue",weak,1
hadyelsahar/ar_res_reviews:6916,ambience_candidate,seating_comfort,seating_comfort | general_place_vibe | noise_music,True,False,الطاوله | المطعم,,الطاوله | المطعم | مزعج,,3.6,unreviewed,"ambience phrase/token present, no hard-negative cue",weak,1
hadyelsahar/ar_res_reviews:6930,ambience_candidate,space_crowding,general_place_vibe | space_crowding,True,False,المطعم,,المطعم | هادي,,2.3,unreviewed,"ambience phrase/token present, no hard-negative cue",weak,1
hadyelsahar/ar_res_reviews:6937,ambience_candidate,smell,general_place_vibe | smell,True,False,المطعم | ريحه | زيت,,المطعم | ريحه,طعمه,2.9,unreviewed,only ambiguous risky tokens present - needs human judgment,weak,1
hadyelsahar/ar_res_reviews:6961,ambience_candidate,general_place_vibe,general_place_vibe,True,False,المطعم,,اجواء | المطعم,,2.3,unreviewed,"ambience phrase/token present, no hard-negative cue",weak,1
hadyelsahar/ar_res_reviews:6983,ambience_candidate,space_crowding,general_place_vibe | space_crowding,True,False,المطعم,,المطعم | زحمه,,2.3,unreviewed,"ambience phrase/token present, no hard-negative cue",weak,1
hadyelsahar/ar_res_reviews:6996,ambience_candidate,space_crowding,space_crowding,True,False,,,زحمه,,1.0,unreviewed,"ambience phrase/token present, no hard-negative cue",weak,1
hadyelsahar/ar_res_reviews:7034,ambience_candidate,general_place_vibe,general_place_vibe,True,False,,,رايق,,1.0,unreviewed,"ambience phrase/token present, no hard-negative cue",weak,1
hadyelsahar/ar_res_reviews:7077,ambience_candidate,space_crowding,space_crowding,True,False,,,زحمه,,1.0,unreviewed,"ambience phrase/token present, no hard-negative cue",weak,1
hadyelsahar/ar_res_reviews:7096,ambience_candidate,outdoor_view,outdoor_view | general_place_vibe,True,False,المكان,جلسات خارجيه,المكان,,3.3,unreviewed,"ambience phrase/token present, no hard-negative cue",weak,1
hadyelsahar/ar_res_reviews:7101,ambience_candidate,space_crowding,general_place_vibe | space_crowding | parking,True,False,المطعم,,المطعم | زحمه | مواقف | موقف,,4.3,unreviewed,"ambience phrase/token present, no hard-negative cue",weak,1
hadyelsahar/ar_res_reviews:7162,ambience_candidate,smell,general_place_vibe | smell,True,False,المطعم | رائحه,,المطعم | رائحه,الرز,2.6,unreviewed,only ambiguous risky tokens present - needs human judgment,weak,0
hadyelsahar/ar_res_reviews:7169,ambience_candidate,smell,general_place_vibe | smell | privacy,True,False,المطعم | رائحه,,المطعم | رائحه | عوائل,الاكل,3.6,unreviewed,ambience-words present alongside hard-negative cue - likely a non-ambience complaint,weak,1
hadyelsahar/ar_res_reviews:7170,ambience_candidate,smell,general_place_vibe | outdoor_view | smell | space_crowding,True,False,المكان | برا | ريحه,,المكان | برا | ريحه | مكتوم,الطعم,4.9,unreviewed,ambience-words present alongside hard-negative cue - likely a non-ambience complaint,weak,1
hadyelsahar/ar_res_reviews:7182,ambience_candidate,noise_music,noise_music | general_place_vibe,True,False,المكان,,ازعاج | المكان,,2.3,unreviewed,"ambience phrase/token present, no hard-negative cue",weak,1
hadyelsahar/ar_res_reviews:7207,ambience_candidate,smell,general_place_vibe | smell,True,False,المطعم,,المطعم | دخان,,2.3,unreviewed,"ambience phrase/token present, no hard-negative cue",weak,1
hadyelsahar/ar_res_reviews:7239,ambience_candidate,seating_comfort,seating_comfort | general_place_vibe,True,False,المطعم,,الجلسه | المطعم,,2.3,unreviewed,"ambience phrase/token present, no hard-negative cue",weak,1
hadyelsahar/ar_res_reviews:7242,ambience_candidate,seating_comfort,seating_comfort | general_place_vibe,True,False,المطعم,,القعدات | المطعم,,2.3,unreviewed,"ambience phrase/token present, no hard-negative cue",weak,1
hadyelsahar/ar_res_reviews:7254,ambience_candidate,seating_comfort,seating_comfort | general_place_vibe,True,False,المطعم,,الطاولات | المطعم,,2.3,unreviewed,"ambience phrase/token present, no hard-negative cue",weak,1
hadyelsahar/ar_res_reviews:7276,ambience_candidate,space_crowding,space_crowding,True,False,,,زحمه,,1.0,unreviewed,"ambience phrase/token present, no hard-negative cue",weak,1
hadyelsahar/ar_res_reviews:7293,ambience_candidate,space_crowding,space_crowding,True,False,,,زحمه,,1.0,unreviewed,"ambience phrase/token present, no hard-negative cue",weak,1
hadyelsahar/ar_res_reviews:7348,ambience_candidate,general_place_vibe,general_place_vibe,True,False,المطعم | قديم,المطعم قديم,المطعم | قديم,,4.6,unreviewed,"ambience phrase/token present, no hard-negative cue",weak,1
hadyelsahar/ar_res_reviews:7357,ambience_candidate,privacy,general_place_vibe | privacy,True,False,المطعم,,المطعم | رايق | عوائل,,3.3,unreviewed,"ambience phrase/token present, no hard-negative cue",weak,1
hadyelsahar/ar_res_reviews:7376,ambience_candidate,decor_furniture,decor_furniture,True,False,,,الديكور,,1.0,unreviewed,"ambience phrase/token present, no hard-negative cue",weak,1
hadyelsahar/ar_res_reviews:7378,ambience_candidate,space_crowding,general_place_vibe | space_crowding,True,False,المطعم,,المطعم | زحمه,,2.3,unreviewed,"ambience phrase/token present, no hard-negative cue",weak,1
hadyelsahar/ar_res_reviews:7383,ambience_candidate,general_place_vibe,general_place_vibe,True,False,المطعم,,الاجواء | المطعم,,2.3,unreviewed,"ambience phrase/token present, no hard-negative cue",weak,1
hadyelsahar/ar_res_reviews:7392,ambience_candidate,temperature_ac,temperature_ac,True,False,,,برد,,1.0,unreviewed,"ambience phrase/token present, no hard-negative cue",weak,1
hadyelsahar/ar_res_reviews:7396,ambience_candidate,privacy,privacy | general_place_vibe | noise_music | decor_furniture | seating_comfort | parking,True,False,الارضيه | المطعم | عالي,قسم العوائل,اجواء | اطفال | الارضيه | الجلسات | المدخل | المطعم | خصوصيه,,9.9,unreviewed,"ambience phrase/token present, no hard-negative cue",weak,1
hadyelsahar/ar_res_reviews:7480,ambience_candidate,general_place_vibe,general_place_vibe,True,False,المطعم,,المطعم | رايق,,2.3,unreviewed,"ambience phrase/token present, no hard-negative cue",weak,1
hadyelsahar/ar_res_reviews:7481,ambience_candidate,seating_comfort,seating_comfort,True,False,,,الجلسات,,1.0,unreviewed,"ambience phrase/token present, no hard-negative cue",weak,1
hadyelsahar/ar_res_reviews:7485,ambience_candidate,general_place_vibe,general_place_vibe,True,False,,يفتح النفس,,,2.0,unreviewed,"ambience phrase/token present, no hard-negative cue",weak,1
hadyelsahar/ar_res_reviews:7520,ambience_candidate,space_crowding,space_crowding,True,False,زيت,,زحام,,1.3,unreviewed,"ambience phrase/token present, no hard-negative cue",weak,0
hadyelsahar/ar_res_reviews:7551,ambience_candidate,general_place_vibe,general_place_vibe,True,False,المطعم,,المطعم | رايق,,2.3,unreviewed,"ambience phrase/token present, no hard-negative cue",weak,1
hadyelsahar/ar_res_reviews:7593,ambience_candidate,temperature_ac,temperature_ac | space_crowding,True,False,,,التكييف | زحمه,,2.0,unreviewed,"ambience phrase/token present, no hard-negative cue",weak,1
hadyelsahar/ar_res_reviews:7605,ambience_candidate,space_crowding,general_place_vibe | space_crowding,True,False,المكان,,المكان | مزدحم,,2.3,unreviewed,"ambience phrase/token present, no hard-negative cue",weak,1
hadyelsahar/ar_res_reviews:7609,ambience_candidate,seating_comfort,seating_comfort,True,False,,,الجلسه,,1.0,unreviewed,"ambience phrase/token present, no hard-negative cue",weak,1
hadyelsahar/ar_res_reviews:7614,ambience_candidate,general_place_vibe,general_place_vibe,True,False,,,الجو,,1.0,unreviewed,"ambience phrase/token present, no hard-negative cue",weak,1
hadyelsahar/ar_res_reviews:7619,ambience_candidate,space_crowding,space_crowding,True,False,,,ضيق,,1.0,unreviewed,"ambience phrase/token present, no hard-negative cue",weak,1
hadyelsahar/ar_res_reviews:7641,ambience_candidate,smell,seating_comfort | general_place_vibe | smell,True,False,المكان | رائحه | عاليه,,الجلسات | المكان | رائحه,الاسعار | الطعم | الموظفين,3.9,unreviewed,ambience-words present alongside hard-negative cue - likely a non-ambience complaint,weak,0
hadyelsahar/ar_res_reviews:7663,ambience_candidate,smell,general_place_vibe | smell,True,False,المحل | ريحه,,المحل | ريحه,اسلوبه | الدجاج | الطعم | الكاشير,2.6,unreviewed,only ambiguous risky tokens present - needs human judgment,weak,0
hadyelsahar/ar_res_reviews:7664,ambience_candidate,space_crowding,general_place_vibe | space_crowding,True,False,المطعم,,المطعم | رحب | زحمه,,3.3,unreviewed,"ambience phrase/token present, no hard-negative cue",weak,1
hadyelsahar/ar_res_reviews:7670,ambience_candidate,privacy,privacy | space_crowding,True,False,,قسم العوائل,ضيق,,3.0,unreviewed,"ambience phrase/token present, no hard-negative cue",weak,1
hadyelsahar/ar_res_reviews:7671,ambience_candidate,space_crowding,general_place_vibe | space_crowding,True,False,المطعم,,المطعم | زحمه,,2.3,unreviewed,"ambience phrase/token present, no hard-negative cue",weak,0
hadyelsahar/ar_res_reviews:7677,ambience_candidate,space_crowding,general_place_vibe | space_crowding,True,False,المكان,,المكان | ضيق | ضيقه,,3.3,unreviewed,"ambience phrase/token present, no hard-negative cue",weak,0
hadyelsahar/ar_res_reviews:7686,ambience_candidate,decor_furniture,decor_furniture | general_place_vibe,True,False,المكان,,الديكور | المكان,,2.3,unreviewed,"ambience phrase/token present, no hard-negative cue",weak,0
hadyelsahar/ar_res_reviews:7688,ambience_candidate,seating_comfort,seating_comfort,True,False,,,طاوله,,1.0,unreviewed,"ambience phrase/token present, no hard-negative cue",weak,1
hadyelsahar/ar_res_reviews:7691,ambience_candidate,general_place_vibe,general_place_vibe,True,False,,,الجو,,1.0,unreviewed,"ambience phrase/token present, no hard-negative cue",weak,0
hadyelsahar/ar_res_reviews:7710,ambience_candidate,seating_comfort,seating_comfort,True,False,,,الجلسه,,1.0,unreviewed,"ambience phrase/token present, no hard-negative cue",weak,1
hadyelsahar/ar_res_reviews:7712,ambience_candidate,space_crowding,general_place_vibe | space_crowding,True,False,المطعم,,المطعم | واسع,,2.3,unreviewed,"ambience phrase/token present, no hard-negative cue",weak,0
hadyelsahar/ar_res_reviews:7727,ambience_candidate,privacy,general_place_vibe | privacy,True,False,المطعم | المكان,,المطعم | المكان | خصوصيه,,3.6,unreviewed,"ambience phrase/token present, no hard-negative cue",weak,1
hadyelsahar/ar_res_reviews:7759,ambience_candidate,space_crowding,space_crowding,True,False,,,زحمه,,1.0,unreviewed,"ambience phrase/token present, no hard-negative cue",weak,1
hadyelsahar/ar_res_reviews:7763,ambience_candidate,decor_furniture,decor_furniture,True,False,,,الديكور,,1.0,unreviewed,"ambience phrase/token present, no hard-negative cue",weak,1
hadyelsahar/ar_res_reviews:7778,ambience_candidate,privacy,privacy | general_place_vibe,True,False,المطعم,قسم العوائل,الجو | المطعم,,4.3,unreviewed,"ambience phrase/token present, no hard-negative cue",weak,1
hadyelsahar/ar_res_reviews:7786,ambience_candidate,general_place_vibe,general_place_vibe,True,False,المطعم,,المطعم | رايق,,2.3,unreviewed,"ambience phrase/token present, no hard-negative cue",weak,1
hadyelsahar/ar_res_reviews:7799,ambience_candidate,smell,general_place_vibe | smell | space_crowding | parking,True,False,المطعم | رائحه,,المطعم | رائحه | زحمه | مواقف,,4.6,unreviewed,"ambience phrase/token present, no hard-negative cue",weak,0
hadyelsahar/ar_res_reviews:7801,ambience_candidate,outdoor_view,outdoor_view,True,False,,,الاطلاله,,1.0,unreviewed,"ambience phrase/token present, no hard-negative cue",weak,1
hadyelsahar/ar_res_reviews:7820,ambience_candidate,seating_comfort,seating_comfort | general_place_vibe | outdoor_view,True,False,المطعم,,الجلسه | المطعم | الواجهه,,3.3,unreviewed,"ambience phrase/token present, no hard-negative cue",weak,1
hadyelsahar/ar_res_reviews:7824,ambience_candidate,general_place_vibe,general_place_vibe,True,False,,,الجو,,1.0,unreviewed,"ambience phrase/token present, no hard-negative cue",weak,1
hadyelsahar/ar_res_reviews:7856,ambience_candidate,privacy,privacy,True,False,,قسم العوائل,,,2.0,unreviewed,"ambience phrase/token present, no hard-negative cue",weak,1
hadyelsahar/ar_res_reviews:7858,ambience_candidate,smell,general_place_vibe | smell,True,False,المطعم | رائحه,,المطعم | رائحه,الدجاج | طعمه,2.6,unreviewed,only ambiguous risky tokens present - needs human judgment,weak,0
hadyelsahar/ar_res_reviews:7884,ambience_candidate,smell,general_place_vibe | smell,True,False,المحل | المطعم | المكان | رائحه,,المحل | المطعم | المكان | رائحه,البيتزا | الطعم,5.2,unreviewed,only ambiguous risky tokens present - needs human judgment,weak,1
hadyelsahar/ar_res_reviews:7899,ambience_candidate,space_crowding,general_place_vibe | space_crowding,True,False,المطعم,,المطعم | هادي,,2.3,unreviewed,"ambience phrase/token present, no hard-negative cue",weak,1
hadyelsahar/ar_res_reviews:7900,ambience_candidate,privacy,privacy | general_place_vibe | space_crowding,True,False,المطعم | قديم,قسم العوائل,المطعم | ضيقه | قديم,,5.6,unreviewed,"ambience phrase/token present, no hard-negative cue",weak,1
hadyelsahar/ar_res_reviews:7903,ambience_candidate,general_place_vibe,general_place_vibe,True,False,المطعم | قديم,المطعم قديم,المطعم | قديم,,4.6,unreviewed,"ambience phrase/token present, no hard-negative cue",weak,1
hadyelsahar/ar_res_reviews:7911,ambience_candidate,decor_furniture,decor_furniture | general_place_vibe,True,False,المطعم,,الديكور | المطعم,,2.3,unreviewed,"ambience phrase/token present, no hard-negative cue",weak,1
hadyelsahar/ar_res_reviews:7913,ambience_candidate,space_crowding,space_crowding,True,False,,,زحمه,,1.0,unreviewed,"ambience phrase/token present, no hard-negative cue",weak,1
hadyelsahar/ar_res_reviews:7924,ambience_candidate,seating_comfort,seating_comfort | general_place_vibe,True,False,المطعم,,الجلسات | المطعم,,2.3,unreviewed,"ambience phrase/token present, no hard-negative cue",weak,1
hadyelsahar/ar_res_reviews:7932,ambience_candidate,seating_comfort,seating_comfort,True,False,,,الجلسات | الجلسه | الطاولات | طاوله,,4.0,unreviewed,"ambience phrase/token present, no hard-negative cue",weak,1
hadyelsahar/ar_res_reviews:7933,ambience_candidate,space_crowding,general_place_vibe | space_crowding,True,False,المكان,,المكان | ضيق,,2.3,unreviewed,"ambience phrase/token present, no hard-negative cue",weak,1
hadyelsahar/ar_res_reviews:7972,ambience_candidate,space_crowding,space_crowding,True,False,,,زحمه,,1.0,unreviewed,"ambience phrase/token present, no hard-negative cue",weak,1
hadyelsahar/ar_res_reviews:8006,ambience_candidate,privacy,general_place_vibe | privacy,True,False,المطعم,,المطعم | عوايل,,2.3,unreviewed,"ambience phrase/token present, no hard-negative cue",weak,1
hadyelsahar/ar_res_reviews:8011,ambience_candidate,parking,parking,True,False,,,مواقف,,1.0,unreviewed,"ambience phrase/token present, no hard-negative cue",weak,1
hadyelsahar/ar_res_reviews:8013,ambience_candidate,parking,general_place_vibe | parking,True,False,المطعم | قديم,المطعم قديم,المطعم | المواقف | قديم,,5.6,unreviewed,"ambience phrase/token present, no hard-negative cue",weak,1
hadyelsahar/ar_res_reviews:8035,ambience_candidate,noise_music,noise_music | space_crowding,True,False,,,ازعاج | هادي,,2.0,unreviewed,"ambience phrase/token present, no hard-negative cue",weak,1
hadyelsahar/ar_res_reviews:8049,ambience_candidate,space_crowding,general_place_vibe | space_crowding,True,False,المطعم,,المطعم | ضيق,,2.3,unreviewed,"ambience phrase/token present, no hard-negative cue",weak,0
hadyelsahar/ar_res_reviews:8055,ambience_candidate,smell,smell,True,False,,الريحه تلصق,,,2.0,unreviewed,"ambience phrase/token present, no hard-negative cue",weak,0
hadyelsahar/ar_res_reviews:8061,ambience_candidate,general_place_vibe,general_place_vibe,True,False,,,رايق,,1.0,unreviewed,"ambience phrase/token present, no hard-negative cue",weak,1
hadyelsahar/ar_res_reviews:8066,ambience_candidate,decor_furniture,decor_furniture | seating_comfort | general_place_vibe,True,False,قديم,الديكور قديم,الجلسات | قديم,,4.3,unreviewed,"ambience phrase/token present, no hard-negative cue",weak,1
hadyelsahar/ar_res_reviews:8080,ambience_candidate,general_place_vibe,general_place_vibe,True,False,,,الاجواء,,1.0,unreviewed,"ambience phrase/token present, no hard-negative cue",weak,1
hadyelsahar/ar_res_reviews:8084,ambience_candidate,seating_comfort,seating_comfort,True,False,,,قعده,,1.0,unreviewed,"ambience phrase/token present, no hard-negative cue",weak,1
hadyelsahar/ar_res_reviews:8085,ambience_candidate,general_place_vibe,general_place_vibe,True,False,,,رايق,,1.0,unreviewed,"ambience phrase/token present, no hard-negative cue",weak,1
hadyelsahar/ar_res_reviews:8087,ambience_candidate,space_crowding,space_crowding,True,False,,,هادي,,1.0,unreviewed,"ambience phrase/token present, no hard-negative cue",weak,1
hadyelsahar/ar_res_reviews:8088,ambience_candidate,space_crowding,space_crowding,True,False,,,زحمه,,1.0,unreviewed,"ambience phrase/token present, no hard-negative cue",weak,1
hadyelsahar/ar_res_reviews:8091,ambience_candidate,seating_comfort,general_place_vibe | seating_comfort,True,False,المطعم,,المطعم | طاوله,,2.3,unreviewed,"ambience phrase/token present, no hard-negative cue",weak,0
hadyelsahar/ar_res_reviews:8095,ambience_candidate,parking,general_place_vibe | parking,True,False,المطعم,,المطعم | المواقف,,2.3,unreviewed,"ambience phrase/token present, no hard-negative cue",weak,1
hadyelsahar/ar_res_reviews:8110,ambience_candidate,privacy,general_place_vibe | privacy,True,False,المطعم,,المطعم | عوائل,,2.3,unreviewed,"ambience phrase/token present, no hard-negative cue",weak,1
hadyelsahar/ar_res_reviews:8115,ambience_candidate,seating_comfort,seating_comfort,True,False,,,الجلسات,,1.0,unreviewed,"ambience phrase/token present, no hard-negative cue",weak,1
hadyelsahar/ar_res_reviews:8117,ambience_candidate,seating_comfort,seating_comfort,True,False,,,الجلسه,,1.0,unreviewed,"ambience phrase/token present, no hard-negative cue",weak,1
hadyelsahar/ar_res_reviews:8118,ambience_candidate,general_place_vibe,general_place_vibe,True,False,المطعم,,الجو | المطعم,,2.3,unreviewed,"ambience phrase/token present, no hard-negative cue",weak,1
hadyelsahar/ar_res_reviews:8129,ambience_candidate,privacy,privacy,True,False,,,خصوصيه,,1.0,unreviewed,"ambience phrase/token present, no hard-negative cue",weak,1
hadyelsahar/ar_res_reviews:8156,ambience_candidate,temperature_ac,decor_furniture | general_place_vibe | temperature_ac,True,False,المطعم | بارد,,الديكور | المطعم | بارد,,3.6,unreviewed,"ambience phrase/token present, no hard-negative cue",weak,1
hadyelsahar/ar_res_reviews:8160,ambience_candidate,smell,privacy | general_place_vibe | decor_furniture | seating_comfort | outdoor_view | smell | space_crowding | parking,True,False,المحل | المطعم | بره | رائحه,قسم العوائل,الجو | الديكور | الطاولات | المحل | المطعم | بره | رائحه | ضيق | مواقف | موقف,الاسعار | الاكل | الموظفين,13.2,unreviewed,ambience-words present alongside hard-negative cue - likely a non-ambience complaint,weak,1
hadyelsahar/ar_res_reviews:8209,ambience_candidate,seating_comfort,seating_comfort,True,False,,جلسات شباب,,,2.0,unreviewed,"ambience phrase/token present, no hard-negative cue",weak,1
hadyelsahar/ar_res_reviews:8241,ambience_candidate,temperature_ac,temperature_ac,True,False,,,ثلج,,1.0,unreviewed,"ambience phrase/token present, no hard-negative cue",weak,0
hadyelsahar/ar_res_reviews:8251,ambience_candidate,space_crowding,general_place_vibe | space_crowding,True,False,المطعم,,المطعم | مزدحم,,2.3,unreviewed,"ambience phrase/token present, no hard-negative cue",weak,1
hadyelsahar/ar_res_reviews:8252,ambience_candidate,decor_furniture,decor_furniture | space_crowding,True,False,,,الديكور | زحمه,,2.0,unreviewed,"ambience phrase/token present, no hard-negative cue",weak,1
hadyelsahar/ar_res_reviews:8264,ambience_candidate,parking,parking,True,False,,,المواقف,,1.0,unreviewed,"ambience phrase/token present, no hard-negative cue",weak,1
hadyelsahar/ar_res_reviews:8272,ambience_candidate,noise_music,general_place_vibe | noise_music,True,False,المكان,,المكان | موسيقي,,2.3,unreviewed,"ambience phrase/token present, no hard-negative cue",weak,0
hadyelsahar/ar_res_reviews:8306,ambience_candidate,space_crowding,space_crowding,True,False,,,زحمه,,1.0,unreviewed,"ambience phrase/token present, no hard-negative cue",weak,0
hadyelsahar/ar_res_reviews:8310,ambience_candidate,seating_comfort,seating_comfort | general_place_vibe,True,False,الطاوله | المكان | قديم,,الجلسه | الطاوله | المكان | قديم,,4.9,unreviewed,"ambience phrase/token present, no hard-negative cue",weak,0
hadyelsahar/ar_res_reviews:8324,ambience_candidate,general_place_vibe,general_place_vibe,True,False,,,مقفل,,1.0,unreviewed,"ambience phrase/token present, no hard-negative cue",weak,0
hadyelsahar/ar_res_reviews:8343,ambience_candidate,general_place_vibe,general_place_vibe,True,False,المطعم,,الجو | المطعم,,2.3,unreviewed,"ambience phrase/token present, no hard-negative cue",weak,1
hadyelsahar/ar_res_reviews:8349,ambience_candidate,space_crowding,space_crowding,True,False,,,مزدحم,,1.0,unreviewed,"ambience phrase/token present, no hard-negative cue",weak,1
